Ortschaftsname;PLZ4;Zusatzziffer;ZIP_ID;Gemeindename;BFS-Nr;Kantonskürzel;Adressenanteil;E;N;Sprache;Validity
Lausanne 25;1000;25;125;Lausanne;5586;VD;100%;6.682196168325835;46.55956189112911;fr;01.07.2008
Lausanne 26;1000;26;126;Lausanne;5586;VD;100%;6.695945346653699;46.554578943900474;fr;01.07.2008
Lausanne 27;1000;27;127;Lausanne;5586;VD;100%;6.681736656357112;46.542097581525205;fr;01.07.2008
Lausanne;1003;00;150;Lausanne;5586;VD;100%;6.631889939736285;46.520568420793055;fr;01.07.2008
Lausanne;1004;00;151;Lausanne;5586;VD;100%;6.618662406135503;46.52828218906587;fr;01.07.2008
Lausanne;1005;00;152;Lausanne;5586;VD;100%;6.642767210311616;46.520888147719276;fr;01.07.2008
Lausanne;1006;00;153;Lausanne;5586;VD;100%;6.633777063120928;46.512863192411494;fr;01.07.2008
Lausanne;1007;00;154;Lausanne;5586;VD;100%;6.613581143143201;46.51789984112268;fr;01.07.2008
Prilly;1008;00;156;Prilly;5589;VD;100%;6.604480669356251;46.536761096406835;fr;01.07.2008
Jouxtens-Mézery;1008;02;5852;Jouxtens-Mézery;5585;VD;100%;6.595168883379037;46.54953871377771;fr;01.07.2008
Pully;1009;00;157;Pully;5590;VD;100%;6.660755255631781;46.512502664249396;fr;01.07.2008
Lausanne;1010;00;158;Lausanne;5586;VD;100%;6.652418212716733;46.53742721167361;fr;01.07.2008
Lausanne;1011;00;159;Lausanne;5586;VD;100%;6.643951538;46.525430465313775;fr;01.07.2008
Lausanne;1012;00;160;Lausanne;5586;VD;100%;6.654688705860694;46.52649473363582;fr;01.07.2008
Lausanne;1015;00;163;Ecublens (VD);5635;VD;84.03%;6.5667170264870975;46.51963643082917;fr;01.07.2008
Lausanne;1015;00;163;Saint-Sulpice (VD);5648;VD;8.33%;6.584587844328571;46.519403529867574;fr;01.07.2008
Lausanne;1015;00;163;Chavannes-près-Renens;5627;VD;7.64%;6.584310743;46.52291893205492;fr;01.07.2008
Lausanne;1018;00;164;Lausanne;5586;VD;100%;6.629456814023411;46.53510674300492;fr;01.07.2008
Renens VD;1020;00;165;Renens (VD);5591;VD;100%;6.589432084021981;46.537890947170645;fr;01.07.2008
Chavannes-près-Renens;1022;00;168;Chavannes-près-Renens;5627;VD;100%;6.575252591297912;46.531909477890046;fr;01.07.2008
Crissier;1023;00;169;Crissier;5583;VD;99.15%;6.577555613225668;46.55344572883954;fr;01.07.2008
Crissier;1023;00;169;Lausanne;5586;VD;0.85%;6.589569651957258;46.55900585995713;fr;01.07.2008
Ecublens VD;1024;00;170;Ecublens (VD);5635;VD;100%;6.559879163881748;46.524999363805435;fr;01.07.2008
St-Sulpice VD;1025;00;171;Saint-Sulpice (VD);5648;VD;100%;6.562448672223655;46.51282043804615;fr;01.07.2008
Denges;1026;02;5854;Denges;5632;VD;100%;6.539672380971541;46.52058586647807;fr;01.07.2008
Echandens;1026;03;6230;Echandens;5633;VD;100%;6.541925424678625;46.53560933492887;fr;01.07.2008
Lonay;1027;00;174;Lonay;5638;VD;100%;6.519084335310371;46.52652031;fr;01.07.2008
Préverenges;1028;00;175;Préverenges;5643;VD;100%;6.5287901177136645;46.51594703782082;fr;01.07.2008
Villars-Ste-Croix;1029;00;5616;Villars-Sainte-Croix;5651;VD;100%;6.5635865333865295;46.567309919939994;fr;01.07.2008
Bussigny;1030;00;178;Bussigny;5624;VD;100%;6.555089565518322;46.55169876815259;fr;01.05.2014
Mex VD;1031;00;5614;Mex (VD);5489;VD;98.53%;6.561135058562692;46.57689887894324;fr;01.07.2008
Mex VD;1031;00;5614;Vufflens-la-Ville;5503;VD;1.47%;6.550752943803952;46.56563596919536;fr;01.07.2008
Romanel-sur-Lausanne;1032;00;179;Romanel-sur-Lausanne;5592;VD;80.85%;6.603893860760366;46.56293542425673;fr;01.07.2008
Romanel-sur-Lausanne;1032;00;179;Lausanne;5586;VD;19.15%;6.611271626222046;46.57085094617055;fr;01.07.2008
Cheseaux-sur-Lausanne;1033;00;180;Cheseaux-sur-Lausanne;5582;VD;92.49%;6.605139257998019;46.585344820550894;fr;01.07.2008
Cheseaux-sur-Lausanne;1033;00;180;Lausanne;5586;VD;6.66%;6.60865548;46.57899235237496;fr;01.07.2008
Cheseaux-sur-Lausanne;1033;00;180;Crissier;5583;VD;0.85%;6.586711130737487;46.573216292106444;fr;01.07.2008
Boussens;1034;00;205;Boussens;5473;VD;100%;6.584383587114243;46.60325477937721;fr;01.07.2008
Bournens;1035;00;206;Bournens;5472;VD;100%;6.5627839245908355;46.60393597197743;fr;01.07.2008
Sullens;1036;00;207;Sullens;5501;VD;100%;6.566563889275022;46.59214414698939;fr;01.07.2008
Etagnières;1037;00;182;Etagnières;5521;VD;100%;6.613076138773061;46.60046219456636;fr;01.07.2008
Bercher;1038;00;183;Bercher;5512;VD;99.18%;6.70823336;46.69122593581566;fr;01.07.2008
Bercher;1038;00;183;Montanaire;5693;VD;0.66%;6.718069777955311;46.695723612645175;fr;01.07.2008
Bercher;1038;00;183;Boulens;5661;VD;0.17%;6.717577203189286;46.69540563726623;fr;01.07.2008
Echallens;1040;00;185;Echallens;5518;VD;100%;6.634816350246784;46.64102820283961;fr;01.07.2008
Villars-le-Terroir;1040;02;194;Villars-le-Terroir;5537;VD;100%;6.639080311572197;46.65560479023315;fr;01.07.2008
St-Barthélemy VD;1040;03;191;Saint-Barthélemy (VD);5535;VD;100%;6.601965326810482;46.63607728146013;fr;01.07.2008
Dommartin;1041;21;196;Montilliez;5540;VD;100%;6.701325062783383;46.64863973;fr;01.07.2008
Montaubion-Chardonney;1041;22;5858;Jorat-Menthue;5804;VD;100%;6.712046606;46.64597399807561;fr;01.07.2008
Naz;1041;26;5847;Montilliez;5540;VD;100%;6.695550656202952;46.65815581661537;fr;01.07.2008
Poliez-le-Grand;1041;31;199;Montilliez;5540;VD;100%;6.663933250703376;46.637173147798556;fr;01.07.2008
Poliez-Pittet;1041;32;200;Poliez-Pittet;5533;VD;100%;6.683144598968404;46.62788367847137;fr;01.07.2008
Bottens;1041;33;201;Bottens;5514;VD;100%;6.660720813;46.61631651184051;fr;01.07.2008
Assens;1042;00;208;Assens;5511;VD;100%;6.62359705;46.612475903444995;fr;01.07.2008
Bioley-Orjulaz;1042;03;213;Assens;5511;VD;100%;6.597417547461544;46.62034560057727;fr;01.07.2008
Bettens;1042;04;193;Bettens;5471;VD;100%;6.5767296730171925;46.626469872001266;fr;01.07.2008
Sugnens;1043;00;209;Montilliez;5540;VD;100%;6.672146065921565;46.65570651358955;fr;01.07.2008
Fey;1044;00;210;Fey;5522;VD;100%;6.6827340899894105;46.67488474993313;fr;01.07.2008
Ogens;1045;00;211;Ogens;5680;VD;98.30%;6.7240160811510625;46.71070322142858;fr;01.07.2008
Ogens;1045;00;211;Bioley-Magnoux;5903;VD;1.70%;6.730947350856542;46.71967039;fr;01.07.2008
Rueyres;1046;00;624;Rueyres;5534;VD;100%;6.694547165193202;46.693943983079244;fr;01.07.2008
Oppens;1047;00;5883;Oppens;5923;VD;100%;6.693901238862546;46.71418949412431;fr;01.07.2008
Le Mont-sur-Lausanne;1052;00;214;Le Mont-sur-Lausanne;5587;VD;100%;6.634574958694907;46.55383694374962;fr;01.07.2008
Cugy VD;1053;00;215;Cugy (VD);5516;VD;89.51%;6.641541008017889;46.584598561362675;fr;01.07.2008
Cugy VD;1053;00;215;Lausanne;5586;VD;10.49%;6.658595803346203;46.591724868711104;fr;01.07.2008
Bretigny-sur-Morrens;1053;02;202;Bretigny-sur-Morrens;5515;VD;100%;6.642163668680892;46.59634274768071;fr;01.07.2008
Morrens VD;1054;00;216;Morrens (VD);5527;VD;100%;6.627380392367454;46.59093047234465;fr;01.07.2008
Froideville;1055;00;217;Froideville;5523;VD;100%;6.681678833246961;46.60112891106894;fr;01.07.2008
Villars-Tiercelin;1058;00;233;Jorat-Menthue;5804;VD;100%;6.705484225760009;46.62616781683719;fr;01.07.2008
Peney-le-Jorat;1059;00;234;Jorat-Menthue;5804;VD;97.73%;6.728857357267462;46.632127548502396;fr;01.07.2008
Peney-le-Jorat;1059;00;234;Hermenches;5673;VD;2.27%;6.741001158;46.63928250118014;fr;01.07.2008
Villars-Mendraz;1061;00;235;Jorat-Menthue;5804;VD;100%;6.728775123;46.646313570454474;fr;01.07.2008
Sottens;1062;00;236;Jorat-Menthue;5804;VD;100%;6.741914296036963;46.65554365876065;fr;01.07.2008
Chapelle-sur-Moudon;1063;00;237;Montanaire;5693;VD;100%;6.736257793236461;46.66954242443032;fr;01.07.2008
Martherenges;1063;02;5857;Montanaire;5693;VD;100%;6.753407418605504;46.66098402971616;fr;01.07.2008
Boulens;1063;03;198;Boulens;5661;VD;100%;6.719843204178829;46.68137741880406;fr;01.07.2008
Peyres-Possens;1063;04;197;Montanaire;5693;VD;96.30%;6.707252357631969;46.66140723210443;fr;01.07.2008
Peyres-Possens;1063;04;197;Jorat-Menthue;5804;VD;3.70%;6.7187368266823215;46.66048196572256;fr;01.07.2008
Epalinges;1066;00;221;Epalinges;5584;VD;100%;6.667981670497247;46.54944471503879;fr;01.07.2008
Les Monts-de-Pully;1068;00;7007;Pully;5590;VD;100%;6.690259630144811;46.53670253280756;fr;01.07.2008
Puidoux;1070;00;786;Puidoux;5607;VD;99.76%;6.777006991968095;46.49792938937366;fr;01.07.2008
Puidoux;1070;00;786;Bourg-en-Lavaux;5613;VD;0.24%;6.754742563582638;46.50425635687299;fr;01.07.2008
Chexbres;1071;00;788;Chexbres;5601;VD;99.45%;6.778788037273422;46.48221489;fr;01.07.2008
Chexbres;1071;00;788;Rivaz;5609;VD;0.56%;6.779045286265032;46.47927471437275;fr;01.07.2008
Rivaz;1071;01;1060;Rivaz;5609;VD;98.84%;6.779163449499992;46.47599188678675;fr;01.07.2008
Rivaz;1071;01;1060;Puidoux;5607;VD;1.16%;6.777288355317762;46.47492843460778;fr;01.07.2008
St-Saphorin (Lavaux);1071;02;1061;Saint-Saphorin (Lavaux);5610;VD;100%;6.794487459643387;46.476169991056835;fr;01.07.2008
Forel (Lavaux);1072;00;789;Forel (Lavaux);5604;VD;100%;6.763205910162061;46.53593679016332;fr;01.07.2008
Savigny;1073;00;222;Savigny;5611;VD;100%;6.722668944621099;46.541499611498104;fr;01.07.2008
Mollie-Margot;1073;02;239;Savigny;5611;VD;100%;6.746742934672436;46.555178851504586;fr;01.07.2008
Ferlens VD;1076;00;248;Jorat-Mézières;5806;VD;100%;6.786183620147927;46.58811249587349;fr;01.07.2008
Servion;1077;00;249;Servion;5799;VD;100%;6.781510889726363;46.57322434832331;fr;01.07.2008
Essertes;1078;00;250;Oron;5805;VD;100%;6.786675187656863;46.561460514878846;fr;01.07.2008
Les Cullayes;1080;00;240;Servion;5799;VD;99.62%;6.7542971512465515;46.57340541080434;fr;01.07.2008
Les Cullayes;1080;00;240;Forel (Lavaux);5604;VD;0.38%;6.759800346343573;46.56524317260549;fr;01.07.2008
Montpreveyres;1081;00;241;Montpreveyres;5792;VD;100%;6.738938406727813;46.58083239165162;fr;01.07.2008
Corcelles-le-Jorat;1082;00;242;Corcelles-le-Jorat;5785;VD;100%;6.738880536403195;46.60643442528399;fr;01.07.2008
Mézières VD;1083;00;223;Jorat-Mézières;5806;VD;100%;6.771253889474367;46.59463771229962;fr;01.07.2008
Carrouge VD;1084;00;244;Jorat-Mézières;5806;VD;99.82%;6.773169229162942;46.603347970152186;fr;01.07.2008
Carrouge VD;1084;00;244;Vulliens;5803;VD;0.18%;6.789654345415109;46.600060908436184;fr;01.07.2008
Vulliens;1085;00;245;Vulliens;5803;VD;99.70%;6.7928861669676195;46.622281101968255;fr;01.07.2008
Vulliens;1085;00;245;Rue;2097;FR;0.30%;6.8046555807904605;46.644036327086965;fr;01.07.2008
Ropraz;1088;00;243;Ropraz;5798;VD;100%;6.753497375946746;46.61175913164554;fr;01.07.2008
La Croix (Lutry);1090;00;783;Lutry;5606;VD;99.84%;6.699473046022732;46.516917758140316;fr;01.07.2008
La Croix (Lutry);1090;00;783;Savigny;5611;VD;0.16%;6.716122429779132;46.51823949770408;fr;01.07.2008
Grandvaux;1091;00;784;Bourg-en-Lavaux;5613;VD;99.37%;6.720367492224463;46.49985168582316;fr;01.07.2008
Grandvaux;1091;00;784;Forel (Lavaux);5604;VD;0.63%;6.739889420168393;46.513404648568766;fr;01.07.2008
Aran;1091;01;785;Bourg-en-Lavaux;5613;VD;99.33%;6.712856216;46.503330282886196;fr;01.07.2008
Aran;1091;01;785;Savigny;5611;VD;0.67%;6.720083108888324;46.518309638606134;fr;01.07.2008
Chenaux;1091;03;6194;Bourg-en-Lavaux;5613;VD;100%;6.728912546962146;46.49494871335157;fr;01.07.2008
Belmont-sur-Lausanne;1092;00;224;Belmont-sur-Lausanne;5581;VD;99.75%;6.681717966306878;46.52202735;fr;01.07.2008
Belmont-sur-Lausanne;1092;00;224;Lutry;5606;VD;0.25%;6.692433217484396;46.5246802;fr;01.07.2008
La Conversion;1093;00;225;Lutry;5606;VD;100%;6.685657838730334;46.514254024542424;fr;01.07.2008
Paudex;1094;00;226;Paudex;5588;VD;100%;6.673039283792305;46.50723360898495;fr;01.07.2008
Lutry;1095;00;227;Lutry;5606;VD;99.78%;6.688029477261536;46.505804493568554;fr;01.07.2008
Lutry;1095;00;227;Bourg-en-Lavaux;5613;VD;0.17%;6.706901822700388;46.50144783489919;fr;01.07.2008
Lutry;1095;00;227;Paudex;5588;VD;0.06%;6.675585701147447;46.50867214389593;fr;01.07.2008
Cully;1096;00;228;Bourg-en-Lavaux;5613;VD;94.53%;6.728165846157785;46.48932154931194;fr;01.07.2008
Cully;1096;00;228;Puidoux;5607;VD;5.47%;6.754441896;46.48477830808047;fr;01.07.2008
Villette (Lavaux);1096;02;7949;Bourg-en-Lavaux;5613;VD;100%;6.7090812148052095;46.49440901623422;fr;01.07.2008
Riex;1097;00;229;Bourg-en-Lavaux;5613;VD;100%;6.737340148158341;46.494965175363674;fr;01.07.2008
Epesses;1098;00;230;Bourg-en-Lavaux;5613;VD;95.74%;6.7472521716789755;46.49196743216504;fr;01.07.2008
Epesses;1098;00;230;Puidoux;5607;VD;4.27%;6.756753872710835;46.486303560678856;fr;01.07.2008
Morges;1110;00;254;Morges;5642;VD;100%;6.495722290388374;46.513364979433696;fr;01.07.2008
Echichens;1112;00;259;Echichens;5634;VD;100%;6.498257215563947;46.52795094694424;fr;01.07.2008
St-Saphorin-sur-Morges;1113;00;267;Echichens;5634;VD;100%;6.489230446399372;46.546902859596706;fr;01.07.2008
Colombier VD;1114;00;268;Echichens;5634;VD;100%;6.472982574686603;46.55646378627137;fr;01.07.2008
Vullierens;1115;00;269;Vullierens;5654;VD;100%;6.4834100175464755;46.574481516360706;fr;01.07.2008
Cottens VD;1116;00;270;Hautemorges;5656;VD;100%;6.454542943794708;46.572174915221446;fr;01.07.2008
Grancy;1117;00;271;Grancy;5485;VD;100%;6.464457578606176;46.59168332896234;fr;01.07.2008
Bremblens;1121;00;273;Bremblens;5622;VD;100%;6.517322263647513;46.545784903205245;fr;01.07.2008
Romanel-sur-Morges;1122;00;274;Romanel-sur-Morges;5645;VD;100%;6.509539434709804;46.55557232743188;fr;01.07.2008
Aclens;1123;00;275;Aclens;5621;VD;100%;6.512088000118559;46.56741417565473;fr;01.07.2008
Gollion;1124;00;276;Gollion;5484;VD;100%;6.508556371635993;46.58464902719264;fr;01.07.2008
Monnaz;1125;00;263;Echichens;5634;VD;100%;6.4801846977146935;46.52833951693936;fr;01.07.2008
Vaux-sur-Morges;1126;00;264;Vaux-sur-Morges;5650;VD;100%;6.463746899073292;46.53563942551367;fr;01.07.2008
Clarmont;1127;00;265;Clarmont;5629;VD;100%;6.449657590356859;46.546879866861765;fr;01.07.2008
Reverolle;1128;00;266;Hautemorges;5656;VD;100%;6.438129922943401;46.541309089267074;fr;01.07.2008
Tolochenaz;1131;00;262;Tolochenaz;5649;VD;100%;6.477076262818001;46.50304266904667;fr;01.07.2008
Lully VD;1132;00;261;Lully (VD);5639;VD;100%;6.4634164751887475;46.505543971003455;fr;01.07.2008
Vufflens-le-Château;1134;00;279;Vufflens-le-Château;5653;VD;100%;6.468740788984865;46.526865851729916;fr;01.07.2008
Chigny;1134;02;5853;Chigny;5628;VD;100%;6.479018276;46.51694937172612;fr;01.07.2008
Denens;1135;00;280;Denens;5631;VD;100%;6.454978791;46.51815591723668;fr;01.07.2008
Bussy-Chardonney;1136;00;281;Hautemorges;5656;VD;100%;6.442501472354221;46.52977826737104;fr;01.07.2008
Sévery;1141;00;289;Hautemorges;5656;VD;100%;6.439210169987799;46.57525270742858;fr;01.07.2008
Pampigny;1142;00;288;Hautemorges;5656;VD;100%;6.427428186614652;46.580213354696106;fr;01.07.2008
Apples;1143;00;290;Hautemorges;5656;VD;100%;6.431254786683851;46.553429316615265;fr;01.07.2008
Ballens;1144;00;284;Ballens;5423;VD;100%;6.374550248;46.553613761032665;fr;01.07.2008
Bière;1145;00;291;Bière;5425;VD;99.31%;6.3349646382802955;46.53606159138187;fr;01.07.2008
Bière;1145;00;291;Saint-Livres;5435;VD;0.69%;6.361912507;46.52749490195131;fr;01.07.2008
Mollens VD;1146;00;286;Mollens (VD);5431;VD;100%;6.362384218862274;46.57713271249358;fr;01.07.2008
Montricher;1147;00;287;Montricher;5492;VD;100%;6.376897017241226;46.600102135195314;fr;01.07.2008
L'Isle;1148;00;293;L'Isle;5486;VD;100%;6.411515481640917;46.619753410523415;fr;01.07.2008
Mauraz;1148;02;5842;Mauraz;5488;VD;100%;6.422134836393398;46.605661684778084;fr;01.07.2008
Villars-Bozon;1148;03;7449;L'Isle;5486;VD;100%;6.407172858643171;46.60649848052259;fr;01.07.2008
Cuarnens;1148;04;556;Cuarnens;5479;VD;100%;6.438279701214233;46.624787100449126;fr;01.07.2008
Mont-la-Ville;1148;05;569;Mont-la-Ville;5491;VD;100%;6.408120525;46.64574903;fr;01.07.2008
La Praz;1148;06;568;La Praz;5758;VD;100%;6.426740458108496;46.66705744923458;fr;01.07.2008
Chavannes-le-Veyron;1148;07;5841;Chavannes-le-Veyron;5475;VD;98.33%;6.450930412859257;46.60636540888611;fr;01.07.2008
Chavannes-le-Veyron;1148;07;5841;La Chaux (Cossonay);5474;VD;1.67%;6.458619372150796;46.609211817735414;fr;01.07.2008
Moiry VD;1148;08;558;Moiry;5490;VD;100%;6.453600894;46.64886888882803;fr;01.07.2008
La Coudre;1148;09;8477;L'Isle;5486;VD;100%;6.402813596419056;46.63844079125453;fr;01.07.2008
Berolle;1149;00;285;Berolle;5424;VD;99.57%;6.337345577927415;46.55933161722467;fr;01.07.2008
Berolle;1149;00;285;Bière;5425;VD;0.43%;6.332611248247856;46.55232232739493;fr;01.07.2008
St-Prex;1162;00;294;Saint-Prex;5646;VD;98.55%;6.4520384797376815;46.48146137878399;fr;01.07.2008
St-Prex;1162;00;294;Lully (VD);5639;VD;1.45%;6.471226512557545;46.494302506181185;fr;01.07.2008
Etoy;1163;00;295;Etoy;5636;VD;100%;6.4174580526562295;46.484411896088375;fr;01.07.2008
Buchillon;1164;00;296;Buchillon;5623;VD;100%;6.4190230120299985;46.46978887;fr;01.07.2008
Allaman;1165;00;297;Allaman;5851;VD;100%;6.394470753348805;46.47023111612025;fr;01.07.2008
Perroy;1166;00;298;Perroy;5860;VD;98.82%;6.3613816364116555;46.467789351825594;fr;01.07.2008
Perroy;1166;00;298;Féchy;5427;VD;1.18%;6.377087734050057;46.467595651510926;fr;01.07.2008
Lussy-sur-Morges;1167;00;260;Lussy-sur-Morges;5640;VD;100%;6.449973313675212;46.50253977878444;fr;01.07.2008
Villars-sous-Yens;1168;00;283;Villars-sous-Yens;5652;VD;100%;6.4297343777811315;46.51053925038252;fr;01.07.2008
Yens;1169;00;282;Yens;5655;VD;100%;6.4194264105871435;46.52027114124442;fr;01.07.2008
Aubonne;1170;00;299;Aubonne;5422;VD;98.38%;6.389645376791424;46.493469307849146;fr;01.07.2008
Aubonne;1170;00;299;Lavigny;5637;VD;1.62%;6.404541371440097;46.48833421904498;fr;01.07.2008
Bougy-Villars;1172;00;303;Bougy-Villars;5426;VD;96.59%;6.354912436058531;46.480052867814805;fr;01.07.2008
Bougy-Villars;1172;00;303;Aubonne;5422;VD;3.41%;6.350041752209933;46.48523316824226;fr;01.07.2008
Féchy;1173;00;304;Féchy;5427;VD;100%;6.371557186719747;46.48065155752601;fr;01.07.2008
Montherod;1174;00;305;Aubonne;5422;VD;100%;6.365073163611898;46.49960886345744;fr;01.07.2008
Pizy;1174;02;5837;Aubonne;5422;VD;100%;6.352243714729952;46.49167777;fr;01.07.2008
Lavigny;1175;00;306;Lavigny;5637;VD;100%;6.404298501182768;46.50171863986966;fr;01.07.2008
St-Livres;1176;00;307;Saint-Livres;5435;VD;100%;6.387005471207778;46.50798307408152;fr;01.07.2008
Rolle;1180;00;309;Rolle;5861;VD;89.62%;6.335321242592259;46.45791244190388;fr;01.07.2008
Rolle;1180;00;309;Essertines-sur-Rolle;5856;VD;7.14%;6.320064532225428;46.472391272897696;fr;01.07.2008
Rolle;1180;00;309;Gilly;5857;VD;3.24%;6.318514798493401;46.451638944932824;fr;01.07.2008
Tartegnin;1180;02;5874;Tartegnin;5862;VD;92.31%;6.315586893284221;46.46666119164302;fr;01.07.2008
Tartegnin;1180;02;5874;Essertines-sur-Rolle;5856;VD;7.69%;6.317778089175612;46.466475957461526;fr;01.07.2008
Gilly;1182;00;312;Gilly;5857;VD;100%;6.2976215018892265;46.45790805486696;fr;01.07.2008
Bursins;1183;00;313;Bursins;5853;VD;96.69%;6.289148381838669;46.45231652794552;fr;01.07.2008
Bursins;1183;00;313;Gilly;5857;VD;3.32%;6.292598255;46.452909253886126;fr;01.07.2008
Luins;1184;00;315;Luins;5858;VD;100%;6.271389690555398;46.44284150855403;fr;01.07.2008
Vinzel;1184;01;314;Vinzel;5863;VD;100%;6.280489956235255;46.44755914046465;fr;01.07.2008
Mont-sur-Rolle;1185;00;316;Mont-sur-Rolle;5859;VD;99.90%;6.339616949451063;46.468821955896345;fr;01.07.2008
Mont-sur-Rolle;1185;00;316;Essertines-sur-Rolle;5856;VD;0.11%;6.324466720807901;46.46412182656535;fr;01.07.2008
Essertines-sur-Rolle;1186;00;317;Essertines-sur-Rolle;5856;VD;98.13%;6.316975754423664;46.49137044163329;fr;01.07.2008
Essertines-sur-Rolle;1186;00;317;Gilly;5857;VD;1.87%;6.2999405359952325;46.47762486921927;fr;01.07.2008
St-Oyens;1187;00;318;Saint-Oyens;5436;VD;100%;6.3063804822288185;46.49784164043096;fr;01.07.2008
Gimel;1188;00;320;Gimel;5428;VD;100%;6.306837786278425;46.51147597337722;fr;01.07.2008
St-George;1188;02;495;Saint-George;5434;VD;100%;6.262948518473601;46.51393558183652;fr;01.07.2008
Saubraz;1189;00;319;Saubraz;5437;VD;100%;6.329960814505495;46.51434025718258;fr;01.07.2008
Dully;1195;02;5873;Dully;5855;VD;100%;6.298919782830832;46.430868406920446;fr;01.07.2008
Bursinel;1195;03;6177;Bursinel;5852;VD;99.12%;6.307198299234053;46.440055913420615;fr;01.07.2008
Bursinel;1195;03;6177;Gilly;5857;VD;0.88%;6.309376259842153;46.447319871950924;fr;01.07.2008
Gland;1196;00;323;Gland;5721;VD;100%;6.270243403121644;46.421174808592525;fr;01.07.2008
Prangins;1197;00;324;Prangins;5725;VD;100%;6.248193135913248;46.39629433489133;fr;01.07.2008
Genève;1201;00;367;Genève;6621;GE;100%;6.143926540471793;46.20979682397654;fr;01.07.2008
Genève;1202;00;368;Genève;6621;GE;99.16%;6.136795894268586;46.21642642618293;fr;01.07.2008
Genève;1202;00;368;Pregny-Chambésy;6634;GE;0.85%;6.1342722339172555;46.232483662977685;fr;01.07.2008
Genève;1203;00;369;Genève;6621;GE;100%;6.1233866287129235;46.20818275031755;fr;01.07.2008
Genève;1204;00;370;Genève;6621;GE;100%;6.146531708726773;46.20214339838413;fr;01.07.2008
Genève;1205;00;371;Genève;6621;GE;100%;6.142333408670892;46.19562651680269;fr;01.07.2008
Genève;1206;00;372;Genève;6621;GE;100%;6.156046826821893;46.191509791485004;fr;01.07.2008
Genève;1207;00;373;Genève;6621;GE;100%;6.160009365878668;46.203151648615055;fr;01.07.2008
Genève;1208;00;374;Genève;6621;GE;100%;6.167096761554475;46.19817556;fr;01.07.2008
Genève;1209;00;376;Genève;6621;GE;98.00%;6.123878172033255;46.221620809308796;fr;01.07.2008
Genève;1209;00;376;Vernier;6643;GE;1.45%;6.113977926866725;46.21832014258859;fr;01.07.2008
Genève;1209;00;376;Le Grand-Saconnex;6623;GE;0.54%;6.124416516570141;46.226161504351005;fr;01.07.2008
Grand-Lancy;1212;00;411;Lancy;6628;GE;91.49%;6.119436877576017;46.178689880204566;fr;01.07.2008
Grand-Lancy;1212;00;411;Onex;6631;GE;8.21%;6.106944005632722;46.17634780526312;fr;01.07.2008
Grand-Lancy;1212;00;411;Plan-les-Ouates;6633;GE;0.30%;6.1008365559592574;46.17437163851772;fr;01.07.2008
Petit-Lancy;1213;00;415;Lancy;6628;GE;97.53%;6.117374419544524;46.19162123;fr;01.07.2008
Petit-Lancy;1213;00;415;Genève;6621;GE;2.47%;6.119352207133015;46.19874291144972;fr;01.07.2008
Onex;1213;03;418;Onex;6631;GE;99.80%;6.102568356643493;46.182602872437535;fr;01.07.2008
Onex;1213;03;418;Lancy;6628;GE;0.20%;6.110371491952584;46.18343278849323;fr;01.07.2008
Vernier;1214;00;420;Vernier;6643;GE;90.30%;6.080527038073171;46.21305519147445;fr;01.07.2008
Vernier;1214;00;420;Satigny;6638;GE;7.98%;6.066805219647821;46.21243036597109;fr;01.07.2008
Vernier;1214;00;420;Meyrin;6630;GE;1.72%;6.0705766415939495;46.21978240737312;fr;01.07.2008
Genève;1215;00;421;Le Grand-Saconnex;6623;GE;50.91%;6.111281152690926;46.23534658160377;fr;01.07.2008
Genève;1215;00;421;Meyrin;6630;GE;49.09%;6.099898410091109;46.22636819185509;fr;01.07.2008
Cointrin;1216;00;423;Meyrin;6630;GE;69.88%;6.106339804978334;46.22430314301264;fr;01.07.2008
Cointrin;1216;00;423;Vernier;6643;GE;30%;6.112766674258419;46.22281336367335;fr;01.07.2008
Cointrin;1216;00;423;Le Grand-Saconnex;6623;GE;0.12%;6.114084119811813;46.224070404260374;fr;01.07.2008
Meyrin;1217;00;424;Meyrin;6630;GE;100%;6.077141852056891;46.23024359221291;fr;01.07.2008
Le Grand-Saconnex;1218;00;428;Le Grand-Saconnex;6623;GE;99.62%;6.118730323923908;46.22971190167228;fr;01.07.2008
Le Grand-Saconnex;1218;00;428;Genève;6621;GE;0.38%;6.132181889817313;46.23099300094014;fr;01.07.2008
Le Lignon;1219;00;429;Vernier;6643;GE;100%;6.099538318109193;46.20467235;fr;01.07.2008
Aïre;1219;10;430;Vernier;6643;GE;100%;6.098677463386357;46.198589206486844;fr;01.07.2008
Châtelaine;1219;12;432;Vernier;6643;GE;100%;6.109691769887955;46.21338443413056;fr;01.07.2008
Les Avanchets;1220;00;435;Vernier;6643;GE;100%;6.1090065920069225;46.22073582888652;fr;01.07.2008
Vésenaz;1222;00;436;Collonge-Bellerive;6616;GE;100%;6.202772231942447;46.241765317042656;fr;01.07.2008
Cologny;1223;00;438;Cologny;6617;GE;100%;6.187352505163855;46.21822189288185;fr;01.07.2008
Chêne-Bougeries;1224;00;439;Chêne-Bougeries;6612;GE;100%;6.185728409775809;46.19983250532291;fr;01.07.2008
Chêne-Bourg;1225;00;440;Chêne-Bourg;6613;GE;100%;6.197898365999488;46.19739394814612;fr;01.07.2008
Thônex;1226;00;442;Thônex;6640;GE;100%;6.207480729933451;46.19589752;fr;01.07.2008
Carouge GE;1227;00;443;Carouge (GE);6608;GE;99.91%;6.140582653312273;46.18266894511357;fr;01.07.2008
Carouge GE;1227;00;443;Genève;6621;GE;0.09%;6.130889605716918;46.18916736974397;fr;01.07.2008
Les Acacias;1227;04;444;Genève;6621;GE;93.02%;6.135458276246441;46.19166066638959;fr;01.07.2008
Les Acacias;1227;04;444;Lancy;6628;GE;5.50%;6.1264214884664385;46.18927969506288;fr;01.07.2008
Les Acacias;1227;04;444;Carouge (GE);6608;GE;1.48%;6.138998546151069;46.188519455916556;fr;01.07.2008
Plan-les-Ouates;1228;00;447;Plan-les-Ouates;6633;GE;99.43%;6.118885538144511;46.16777923194125;fr;01.07.2008
Plan-les-Ouates;1228;00;447;Lancy;6628;GE;0.46%;6.137408809632673;46.16860631568489;fr;01.07.2008
Plan-les-Ouates;1228;00;447;Confignon;6618;GE;0.12%;6.103313367872587;46.170717800839384;fr;01.07.2008
Conches;1231;00;448;Chêne-Bougeries;6612;GE;100%;6.1759485854559255;46.18745187929816;fr;01.07.2008
Confignon;1232;00;449;Confignon;6618;GE;99.60%;6.0858206171359415;46.17634829;fr;01.07.2008
Confignon;1232;00;449;Bernex;6607;GE;0.40%;6.075646461827152;46.16940609;fr;01.07.2008
Bernex;1233;00;450;Bernex;6607;GE;100%;6.072013232450333;46.17227712470068;fr;01.07.2008
Vessy;1234;00;452;Veyrier;6645;GE;100%;6.157984832978258;46.17191880642631;fr;01.07.2008
Cartigny;1236;00;453;Cartigny;6609;GE;95.90%;6.022162927097419;46.17393818892853;fr;01.07.2008
Cartigny;1236;00;453;Bernex;6607;GE;2.13%;6.045966318312236;46.17242627851873;fr;01.07.2008
Cartigny;1236;00;453;Avusy;6604;GE;1.31%;6.019786405783642;46.16226611497127;fr;01.07.2008
Cartigny;1236;00;453;Laconnex;6627;GE;0.66%;6.020945085209937;46.16301844958674;fr;01.07.2008
Avully;1237;00;454;Avully;6603;GE;99.14%;5.9964297330515794;46.168555635450815;fr;01.07.2008
Avully;1237;00;454;Chancy;6611;GE;0.86%;5.976194155320349;46.16048727123639;fr;01.07.2008
Collex;1239;00;455;Collex-Bossy;6615;GE;100%;6.122409656188258;46.272112213989566;fr;01.07.2008
Puplinge;1241;00;456;Puplinge;6636;GE;100%;6.231764226776226;46.20969093369709;fr;01.07.2008
Satigny;1242;00;457;Satigny;6638;GE;100%;6.038503681955294;46.21483585418818;fr;01.07.2008
Presinge;1243;00;458;Presinge;6635;GE;100%;6.255406635361854;46.21538430796765;fr;01.07.2008
Choulex;1244;00;459;Choulex;6614;GE;100%;6.221958075571925;46.22516788;fr;01.07.2008
Collonge-Bellerive;1245;00;460;Collonge-Bellerive;6616;GE;100%;6.2031609877933676;46.25774777382243;fr;01.07.2008
Corsier GE;1246;00;461;Corsier (GE);6619;GE;100%;6.2214128488869616;46.26341597;fr;01.07.2008
Anières;1247;00;462;Anières;6602;GE;100%;6.227344662307134;46.278954066662294;fr;01.07.2008
Hermance;1248;00;463;Hermance;6625;GE;100%;6.2441305443420925;46.299789154774615;fr;01.07.2008
Gy;1251;00;464;Gy;6624;GE;100%;6.256800534991394;46.25202421125916;fr;01.07.2008
Meinier;1252;00;465;Meinier;6629;GE;100%;6.232204281849373;46.24417989370454;fr;01.07.2008
Vandoeuvres;1253;00;466;Vandoeuvres;6642;GE;100%;6.202874324145552;46.21560394838493;fr;01.07.2008
Jussy;1254;00;467;Jussy;6626;GE;99.62%;6.262670104699053;46.23429016;fr;01.07.2008
Jussy;1254;00;467;Gy;6624;GE;0.39%;6.277267754513665;46.24625344363283;fr;01.07.2008
Veyrier;1255;00;468;Veyrier;6645;GE;100%;6.178438624450561;46.16719205613401;fr;01.07.2008
Troinex;1256;00;469;Troinex;6641;GE;100%;6.146268929;46.16466865603674;fr;01.07.2008
La Croix-de-Rozon;1257;00;470;Bardonnex;6605;GE;98.58%;6.122111542419459;46.14736711269676;fr;01.07.2008
La Croix-de-Rozon;1257;00;470;Plan-les-Ouates;6633;GE;1.42%;6.138024475792344;46.157217049997186;fr;01.07.2008
Perly;1258;00;471;Perly-Certoux;6632;GE;95.17%;6.090641867316356;46.15634290463234;fr;01.07.2008
Perly;1258;00;471;Bardonnex;6605;GE;4.83%;6.097387097112968;46.15318448160838;fr;01.07.2008
Nyon;1260;00;472;Nyon;5724;VD;99.62%;6.232214703500319;46.38507725454171;fr;01.07.2008
Nyon;1260;00;472;Prangins;5725;VD;0.39%;6.239189562130398;46.392420700222175;fr;01.07.2008
Marchissy;1261;32;491;Marchissy;5430;VD;100%;6.245899648180917;46.488692974577084;fr;01.07.2008
Le Vaud;1261;33;492;Le Vaud;5731;VD;100%;6.237193469778248;46.47719329779541;fr;01.07.2008
Longirod;1261;35;494;Longirod;5429;VD;100%;6.258280305204041;46.495560980861214;fr;01.07.2008
Eysins;1262;00;496;Eysins;5716;VD;100%;6.206858619;46.380710658031106;fr;01.07.2008
Crassier;1263;00;497;Crassier;5714;VD;100%;6.165871981930073;46.374004413351045;fr;01.07.2008
St-Cergue;1264;00;498;Saint-Cergue;5727;VD;99.27%;6.155536357318114;46.44824658723963;fr;01.07.2008
St-Cergue;1264;00;498;Arzier-Le Muids;5702;VD;0.73%;6.143216929167851;46.464831599102645;fr;01.07.2008
La Cure;1265;00;500;Saint-Cergue;5727;VD;100%;6.076257538948573;46.4626432;fr;01.07.2008
Duillier;1266;00;501;Duillier;5715;VD;100%;6.235552639727266;46.410411484638814;fr;01.07.2008
Vich;1267;01;5692;Vich;5732;VD;100%;6.251144035437389;46.42838044198208;fr;01.07.2008
Coinsins;1267;02;5693;Coinsins;5710;VD;100%;6.234314311509494;46.42457711322962;fr;01.07.2008
Begnins;1268;00;504;Begnins;5704;VD;100%;6.247584141684791;46.44175710289616;fr;01.07.2008
Burtigny;1268;02;490;Burtigny;5854;VD;92.62%;6.258146302225559;46.46707622993371;fr;01.07.2008
Burtigny;1268;02;490;Bursins;5853;VD;6.38%;6.278727379892269;46.45753635;fr;01.07.2008
Burtigny;1268;02;490;Vinzel;5863;VD;1.01%;6.272948279776837;46.456892281327356;fr;01.07.2008
Bassins;1269;00;493;Bassins;5703;VD;100%;6.229335544249724;46.46751929;fr;01.07.2008
Trélex;1270;00;485;Trélex;5730;VD;100%;6.202786706741027;46.41677024308071;fr;01.07.2008
Givrins;1271;00;486;Givrins;5720;VD;100%;6.200259443228118;46.43058864558972;fr;01.07.2008
Genolier;1272;00;487;Genolier;5718;VD;99.72%;6.214838041;46.43725169373586;fr;01.07.2008
Genolier;1272;00;487;Givrins;5720;VD;0.28%;6.199471246157581;46.437741444094875;fr;01.07.2008
Arzier-Le Muids;1273;00;489;Arzier-Le Muids;5702;VD;100%;6.209557057954652;46.45606968011846;fr;01.04.2015
Signy;1274;01;7420;Signy-Avenex;5728;VD;100%;6.1988755622647655;46.39042997136025;fr;01.07.2008
Grens;1274;03;482;Grens;5722;VD;100%;6.191370049;46.39453103044387;fr;01.07.2008
Chéserex;1275;00;483;Chéserex;5709;VD;99.49%;6.173135498092335;46.400284571278554;fr;01.07.2008
Chéserex;1275;00;483;La Rippe;5726;VD;0.51%;6.147843450034135;46.39857757759297;fr;01.07.2008
Gingins;1276;00;484;Gingins;5719;VD;99.29%;6.177034091233659;46.41101627392661;fr;01.07.2008
Gingins;1276;00;484;Chéserex;5709;VD;0.14%;6.099642819022386;46.425188632340046;fr;01.07.2008
Gingins;1276;00;484;Saint-Cergue;5727;VD;0.57%;6.174921997759075;46.42517168746321;fr;01.07.2008
Borex;1277;00;478;Borex;5706;VD;100%;6.176977054899058;46.38050749;fr;01.07.2008
Arnex-sur-Nyon;1277;01;5861;Arnex-sur-Nyon;5701;VD;100%;6.19229551;46.375207155640084;fr;01.07.2008
La Rippe;1278;00;479;La Rippe;5726;VD;100%;6.151234902542137;46.38390633862589;fr;01.07.2008
Chavannes-de-Bogis;1279;00;480;Chavannes-de-Bogis;5707;VD;100%;6.162738632125134;46.34255220685291;fr;01.07.2008
Bogis-Bossey;1279;02;5862;Bogis-Bossey;5705;VD;100%;6.165786361402202;46.35273496026818;fr;01.07.2008
Russin;1281;00;506;Russin;6637;GE;99.37%;6.015446099964818;46.189112659850686;fr;01.07.2008
Russin;1281;00;506;Satigny;6638;GE;0.63%;6.000325746983414;46.20733796820707;fr;01.07.2008
La Plaine;1283;00;508;Dardagny;6620;GE;100%;6.003838072388133;46.17784518276609;fr;01.07.2008
Dardagny;1283;01;507;Dardagny;6620;GE;100%;5.994207922922854;46.19518566864323;fr;01.07.2008
Chancy;1284;00;509;Chancy;6611;GE;100%;5.9733352914728775;46.149507807631096;fr;01.07.2008
Athenaz (Avusy);1285;00;510;Avusy;6604;GE;96.56%;6.004321522480349;46.14869176073363;fr;01.07.2008
Athenaz (Avusy);1285;00;510;Chancy;6611;GE;3.44%;5.991525870251542;46.15379151600093;fr;01.07.2008
Soral;1286;00;511;Soral;6639;GE;99.18%;6.042674741737394;46.14272244449589;fr;01.07.2008
Soral;1286;00;511;Bernex;6607;GE;0.82%;6.052461259137634;46.15588886591724;fr;01.07.2008
Laconnex;1287;00;512;Laconnex;6627;GE;100%;6.036384315949628;46.15578899176536;fr;01.07.2008
Aire-la-Ville;1288;00;513;Aire-la-Ville;6601;GE;100%;6.043227184746205;46.18935179544766;fr;01.07.2008
Versoix;1290;00;515;Versoix;6644;GE;96.63%;6.160163719671355;46.28368386674378;fr;01.07.2008
Versoix;1290;00;515;Collex-Bossy;6615;GE;3.16%;6.138306008604786;46.27847715838455;fr;01.07.2008
Versoix;1290;00;515;Mies;5723;VD;0.21%;6.157927146486457;46.29873722534017;fr;01.07.2008
Chavannes-des-Bois;1290;02;5863;Chavannes-des-Bois;5708;VD;100%;6.1330401239327905;46.31563651642538;fr;01.07.2008
Commugny;1291;00;516;Commugny;5711;VD;100%;6.1763944302896805;46.32177885896004;fr;01.07.2008
Chambésy;1292;00;517;Pregny-Chambésy;6634;GE;99.48%;6.140425028282688;46.24410655;fr;01.07.2008
Chambésy;1292;00;517;Genève;6621;GE;0.52%;6.146779961858373;46.22769723284777;fr;01.07.2008
Bellevue;1293;00;518;Bellevue;6606;GE;100%;6.145993198225254;46.25533551312842;fr;01.07.2008
Genthod;1294;00;519;Genthod;6622;GE;100%;6.151462776565308;46.26479968052088;fr;01.07.2008
Mies;1295;01;5634;Mies;5723;VD;100%;6.171183003344775;46.303052181484986;fr;01.07.2008
Tannay;1295;02;5635;Tannay;5729;VD;100%;6.177663433672656;46.31019614646845;fr;01.07.2008
Coppet;1296;00;522;Coppet;5712;VD;99.70%;6.189554604;46.32152915056209;fr;01.07.2008
Coppet;1296;00;522;Founex;5717;VD;0.30%;6.198115111624112;46.326238401907474;fr;01.07.2008
Founex;1297;00;523;Founex;5717;VD;99.58%;6.193449096489026;46.33346583697846;fr;01.07.2008
Founex;1297;00;523;Coppet;5712;VD;0.42%;6.187859139304584;46.3284645;fr;01.07.2008
Céligny;1298;00;524;Céligny;6610;GE;100%;6.1990117787571855;46.34979309156606;fr;01.07.2008
Crans VD;1299;00;525;Crans (VD);5713;VD;100%;6.210995863431424;46.361043749059114;fr;01.01.2021
Vufflens-la-Ville;1302;00;526;Vufflens-la-Ville;5503;VD;100%;6.537772321851056;46.57829929292142;fr;01.07.2008
Penthaz;1303;00;554;Penthaz;5496;VD;100%;6.538665139247745;46.597531164806774;fr;01.07.2008
Cossonay-Ville;1304;00;528;Cossonay;5477;VD;100%;6.506321632467528;46.61281579281882;fr;01.07.2008
Dizy;1304;02;529;Dizy;5481;VD;100%;6.496075052055591;46.635158790747575;fr;01.07.2008
Allens;1304;03;7450;Cossonay;5477;VD;100%;6.509061311287505;46.600036657564026;fr;01.07.2008
Senarclens;1304;04;272;Senarclens;5499;VD;100%;6.488530850793965;46.59930008384817;fr;01.07.2008
Penthalaz;1305;00;531;Penthalaz;5495;VD;100%;6.525681293488249;46.610534994059954;fr;01.07.2008
Daillens;1306;00;553;Daillens;5480;VD;98.32%;6.548928112711209;46.62099294;fr;01.07.2008
Daillens;1306;00;553;Bettens;5471;VD;1.68%;6.560986471984841;46.61895461283784;fr;01.07.2008
Lussery-Villars;1307;00;530;Lussery-Villars;5487;VD;100%;6.526614451669056;46.632565072693296;fr;01.07.2008
La Chaux (Cossonay);1308;00;555;La Chaux (Cossonay);5474;VD;100%;6.473240896183863;46.61645298002249;fr;01.07.2008
Eclépens;1312;00;561;Eclépens;5482;VD;100%;6.532691790637019;46.65173044097693;fr;01.07.2008
Ferreyres;1313;00;557;Ferreyres;5483;VD;100%;6.484873536530411;46.65856343997575;fr;01.07.2008
La Sarraz;1315;00;532;La Sarraz;5498;VD;100%;6.509820189620934;46.658338055216916;fr;01.07.2008
Chevilly;1316;00;534;Chevilly;5476;VD;96.43%;6.4765189381574935;46.64275872666414;fr;01.07.2008
Chevilly;1316;00;534;La Chaux (Cossonay);5474;VD;3.57%;6.4669190699508174;46.63401373886824;fr;01.07.2008
Orny;1317;00;533;Orny;5493;VD;100%;6.526265343019702;46.667881094097694;fr;01.07.2008
Pompaples;1318;00;560;Pompaples;5497;VD;100%;6.510531317184573;46.66712409785476;fr;01.07.2008
Arnex-sur-Orbe;1321;00;559;Arnex-sur-Orbe;5743;VD;100%;6.518839377930221;46.69335229501514;fr;01.07.2008
Croy;1322;00;563;Croy;5752;VD;100%;6.476946717;46.694229541446006;fr;01.07.2008
Romainmôtier;1323;00;564;Romainmôtier-Envy;5761;VD;100%;6.464460627736901;46.694222327397306;fr;01.07.2008
Premier;1324;00;565;Premier;5759;VD;100%;6.444806019268168;46.705045792389456;fr;01.07.2008
Vaulion;1325;00;566;Vaulion;5765;VD;98.78%;6.386962822573493;46.68773912038723;fr;01.07.2008
Vaulion;1325;00;566;Mont-la-Ville;5491;VD;1.22%;6.3685603310812935;46.663142525084936;fr;01.07.2008
Juriens;1326;00;567;Juriens;5754;VD;100%;6.448190054617471;46.69026752916252;fr;01.07.2008
Bretonnières;1329;00;562;Bretonnières;5748;VD;100%;6.472987311302277;46.71307896742586;fr;01.07.2008
Vallorbe;1337;00;535;Vallorbe;5764;VD;100%;6.381372994308903;46.71345274487872;fr;01.07.2008
Ballaigues;1338;00;538;Ballaigues;5744;VD;100%;6.413840636199385;46.73040157230113;fr;01.07.2008
L'Orient;1341;00;540;Le Chenit;5872;VD;100%;6.239460058543008;46.601757869622006;fr;01.05.2019
Le Pont;1342;00;543;L'Abbaye;5871;VD;100%;6.336625854804723;46.669567454922735;fr;01.07.2008
Les Charbonnières;1343;00;544;Le Lieu;5873;VD;100%;6.315118945;46.66734148913338;fr;01.07.2008
L'Abbaye;1344;00;542;L'Abbaye;5871;VD;100%;6.319629784532019;46.64959998380848;fr;01.07.2008
Le Lieu;1345;00;545;Le Lieu;5873;VD;100%;6.276775435917881;46.64553574757463;fr;01.07.2008
Le Séchey;1345;01;9297;Le Lieu;5873;VD;100%;6.299255870994716;46.659824646554846;fr;01.01.2013
Les Bioux;1346;00;541;L'Abbaye;5871;VD;100%;6.269492234110607;46.61993793440219;fr;01.07.2008
Le Sentier;1347;00;546;Le Chenit;5872;VD;100%;6.229422712;46.60641073915336;fr;01.07.2008
Le Solliat;1347;01;7447;Le Chenit;5872;VD;100%;6.232810152015596;46.61839423515923;fr;01.07.2008
Le Brassus;1348;00;550;Le Chenit;5872;VD;100%;6.209345807468578;46.58519714949015;fr;01.07.2008
Orbe;1350;00;571;Orbe;5757;VD;100%;6.532904590921335;46.72462749070952;fr;01.07.2008
Agiez;1352;00;574;Agiez;5742;VD;100%;6.508149694121814;46.719561044366706;fr;01.07.2008
Bofflens;1353;00;575;Bofflens;5747;VD;100%;6.498722475549513;46.70434315922547;fr;01.07.2008
Montcherand;1354;00;576;Montcherand;5756;VD;100%;6.509201907088341;46.73363052654411;fr;01.07.2008
L'Abergement;1355;00;577;L'Abergement;5741;VD;100%;6.488466356656219;46.75424044880383;fr;01.07.2008
Sergey;1355;02;5864;Sergey;5762;VD;100%;6.500084141099906;46.75079227125993;fr;01.07.2008
Les Clées;1356;00;578;Les Clées;5750;VD;100%;6.4617015057580005;46.731748695265125;fr;01.07.2008
La Russille;1356;02;9028;Les Clées;5750;VD;100%;6.479492923913679;46.736289998650676;fr;01.07.2008
Lignerolle;1357;00;579;Lignerolle;5755;VD;97.95%;6.456809927588288;46.74170136649976;fr;01.07.2008
Lignerolle;1357;00;579;L'Abergement;5741;VD;2.06%;6.460062156535921;46.76220454706997;fr;01.07.2008
Valeyres-sous-Rances;1358;00;580;Valeyres-sous-Rances;5763;VD;100%;6.523832027874872;46.75275762218461;fr;01.07.2008
Bavois;1372;00;587;Bavois;5746;VD;95.94%;6.566280247967776;46.683191405722624;fr;01.07.2008
Bavois;1372;00;587;Orny;5493;VD;4.06%;6.549562314425194;46.66570856553703;fr;01.07.2008
Chavornay;1373;00;583;Chavornay;5749;VD;100%;6.570879475194505;46.706049520909325;fr;01.07.2008
Corcelles-sur-Chavornay;1374;00;588;Chavornay;5749;VD;100%;6.59955951;46.70342178578863;fr;01.07.2008
Penthéréaz;1375;00;589;Penthéréaz;5531;VD;100%;6.603727119907938;46.682572714910876;fr;01.07.2008
Goumoens-la-Ville;1376;00;590;Goumoëns;5541;VD;100%;6.605146913244791;46.65922945627986;fr;01.07.2008
Eclagnens;1376;02;5844;Goumoëns;5541;VD;100%;6.5917573458617715;46.65155587939222;fr;01.07.2008
Goumoens-le-Jux;1376;03;5845;Goumoëns;5541;VD;100%;6.587469606797999;46.66580059777162;fr;01.07.2008
Oulens-sous-Echallens;1377;00;192;Oulens-sous-Echallens;5529;VD;100%;6.5776592821043405;46.64349749718046;fr;01.07.2008
Yverdon-les-Bains;1400;00;592;Yverdon-les-Bains;5938;VD;100%;6.640468543815317;46.778058178047466;fr;01.07.2008
Cheseaux-Noréaz;1400;05;5617;Cheseaux-Noréaz;5909;VD;99.56%;6.6704515164611236;46.78106189143309;fr;01.07.2008
Cheseaux-Noréaz;1400;05;5617;Cuarny;5911;VD;0.45%;6.673049295304515;46.775196093785276;fr;01.07.2008
Cuarny;1404;00;625;Cuarny;5911;VD;100%;6.689143471001087;46.77036435923701;fr;01.07.2008
Villars-Epeney;1404;02;5885;Villars-Epeney;5935;VD;100%;6.696577714492274;46.781927645346684;fr;01.07.2008
Pomy;1405;00;617;Pomy;5926;VD;100%;6.668149691018521;46.76074273025482;fr;01.07.2008
Cronay;1406;00;618;Cronay;5910;VD;100%;6.696993182453511;46.756544155699835;fr;01.07.2008
Donneloye;1407;00;619;Donneloye;5913;VD;100%;6.715724635152528;46.74479907;fr;01.07.2008
Gossens;1407;02;5880;Donneloye;5913;VD;100%;6.701371480392527;46.740784884910944;fr;01.07.2008
Mézery-près-Donneloye;1407;03;5882;Donneloye;5913;VD;100%;6.727331809536746;46.74879431900856;fr;01.07.2008
Bioley-Magnoux;1407;04;212;Bioley-Magnoux;5903;VD;100%;6.710967010894307;46.725976472892484;fr;01.07.2008
Prahins;1408;00;620;Donneloye;5913;VD;100%;6.739959394662217;46.73481203804297;fr;01.07.2008
Chanéaz;1409;00;621;Montanaire;5693;VD;100%;6.742857966;46.72920740602144;fr;01.07.2008
Thierrens;1410;00;219;Montanaire;5693;VD;100%;6.755247670083251;46.70340149920648;fr;01.07.2008
Correvon;1410;02;5855;Montanaire;5693;VD;100%;6.737733495669918;46.715844170606395;fr;01.07.2008
Denezy;1410;03;711;Montanaire;5693;VD;100%;6.784663191845704;46.72113410794009;fr;01.07.2008
Prévondavaux;1410;04;5775;Prévondavaux;2038;FR;100%;6.794442055747499;46.72814359;fr;01.07.2008
St-Cierges;1410;05;238;Montanaire;5693;VD;100%;6.735021533583268;46.689163764038454;fr;01.07.2008
Valeyres-sous-Ursins;1412;00;622;Valeyres-sous-Ursins;5934;VD;100%;6.654785854030892;46.74536758127255;fr;01.07.2008
Ursins;1412;02;5884;Ursins;5932;VD;100%;6.668684074597071;46.735288029911246;fr;01.07.2008
Orzens;1413;00;623;Orzens;5925;VD;100%;6.682744596274193;46.723525657071455;fr;01.07.2008
Molondin;1415;00;632;Molondin;5921;VD;100%;6.749379758116414;46.760363498587786;fr;01.07.2008
Démoret;1415;02;5877;Démoret;5912;VD;100%;6.7566547548947895;46.74718349693226;fr;01.07.2008
Pailly;1416;00;608;Pailly;5530;VD;100%;6.673866594646488;46.70020297753046;fr;01.07.2008
Essertines-sur-Yverdon;1417;00;607;Essertines-sur-Yverdon;5520;VD;100%;6.6405922861740105;46.71587036556195;fr;01.07.2008
Epautheyres;1417;02;195;Essertines-sur-Yverdon;5520;VD;100%;6.642584369411613;46.73860800761206;fr;01.07.2008
Vuarrens;1418;00;609;Vuarrens;5539;VD;100%;6.647559557947868;46.687653748130636;fr;01.07.2008
Fiez;1420;00;610;Fiez;5556;VD;100%;6.624309419907298;46.82825773288586;fr;01.07.2008
Fontaines-sur-Grandson;1421;00;611;Fontaines-sur-Grandson;5557;VD;100%;6.619246007492539;46.83540915227118;fr;01.07.2008
Grandevent;1421;02;5848;Grandevent;5560;VD;100%;6.606180192399191;46.83941668942902;fr;01.07.2008
Grandson;1422;00;633;Grandson;5561;VD;100%;6.638543567285571;46.8062377;fr;01.07.2008
Villars-Burquin;1423;00;612;Tévenon;5571;VD;100%;6.628226433617164;46.84750967572366;fr;01.07.2008
Fontanezier;1423;02;630;Tévenon;5571;VD;74.70%;6.6534566877896735;46.85443285713436;fr;01.07.2008
Fontanezier;1423;02;630;Bonvillars;5551;VD;25.30%;6.665627498319416;46.860687007722596;fr;01.07.2008
Romairon;1423;03;5850;Tévenon;5571;VD;100%;6.641605456675423;46.850689440860116;fr;01.07.2008
Vaugondry;1423;04;5851;Tévenon;5571;VD;100%;6.636826462;46.84670681863477;fr;01.07.2008
Champagne;1424;00;627;Champagne;5553;VD;100%;6.657506658511329;46.832025186505845;fr;01.07.2008
Onnens VD;1425;00;636;Onnens (VD);5565;VD;100%;6.688595139063281;46.83880967958126;fr;01.07.2008
Concise;1426;00;637;Concise;5554;VD;100%;6.720665962501484;46.853112241773246;fr;01.07.2008
Corcelles-près-Concise;1426;01;638;Corcelles-près-Concise;5555;VD;100%;6.708884957972343;46.84581397112078;fr;01.07.2008
Bonvillars;1427;00;626;Bonvillars;5551;VD;100%;6.670915555690397;46.83846720892633;fr;01.07.2008
Provence;1428;01;6192;Provence;5566;VD;100%;6.720012576161787;46.89214931483739;fr;01.07.2008
Mutrux;1428;02;5849;Mutrux;5563;VD;100%;6.726921456434664;46.88274715608883;fr;01.07.2008
Giez;1429;00;614;Giez;5559;VD;100%;6.616833070010891;46.81232645441306;fr;01.07.2008
Orges;1430;00;615;Orges;5924;VD;100%;6.587791038853499;46.808551145525676;fr;01.07.2008
Vugelles-La Mothe;1431;00;616;Vugelles-La Mothe;5937;VD;100%;6.574111035251824;46.822490891147226;fr;01.07.2008
Novalles;1431;02;629;Novalles;5564;VD;100%;6.596082965;46.828727478877546;fr;01.07.2008
Belmont-sur-Yverdon;1432;00;643;Belmont-sur-Yverdon;5902;VD;100%;6.624170534130033;46.74487393412605;fr;01.07.2008
Gressy;1432;02;5881;Yverdon-les-Bains;5938;VD;100%;6.638511901093384;46.75113776084861;fr;01.07.2008
Suchy;1433;00;644;Suchy;5929;VD;100%;6.599065832221804;46.72335325183462;fr;01.07.2008
Ependes VD;1434;00;645;Ependes (VD);5914;VD;100%;6.608134374755987;46.74350771961596;fr;01.07.2008
Essert-Pittet;1435;00;646;Chavornay;5749;VD;100%;6.582634164220517;46.727557997288095;fr;01.07.2008
Treycovagnes;1436;00;648;Treycovagnes;5931;VD;100%;6.611717910331985;46.776018072133795;fr;01.07.2008
Chamblon;1436;02;5876;Chamblon;5904;VD;100%;6.606030688884647;46.77799176;fr;01.07.2008
Suscévaz;1437;00;649;Suscévaz;5930;VD;100%;6.579974191462765;46.76474534;fr;01.07.2008
Mathod;1438;00;650;Mathod;5919;VD;100%;6.564143583928138;46.766541112303216;fr;01.07.2008
Rances;1439;00;581;Rances;5760;VD;100%;6.530947266117334;46.76236831;fr;01.07.2008
Valeyres-sous-Montagny;1441;00;654;Valeyres-sous-Montagny;5933;VD;100%;6.6111123910712335;46.79835948173711;fr;01.07.2008
Montagny-près-Yverdon;1442;00;655;Montagny-près-Yverdon;5922;VD;100%;6.613533297867687;46.79169308255385;fr;01.07.2008
Champvent;1443;00;656;Champvent;5905;VD;99.63%;6.572430082101506;46.78285109038109;fr;01.07.2008
Champvent;1443;00;656;Vuiteboeuf;5766;VD;0.37%;6.572754128383542;46.79607758435038;fr;01.07.2008
Essert-sous-Champvent;1443;02;5878;Champvent;5905;VD;100%;6.584818250815427;46.792786084663355;fr;01.07.2008
Villars-sous-Champvent;1443;03;5879;Champvent;5905;VD;100%;6.585859522711455;46.784940434634805;fr;01.07.2008
Vuiteboeuf;1445;00;658;Vuiteboeuf;5766;VD;98.44%;6.552908277687799;46.80645943;fr;01.07.2008
Vuiteboeuf;1445;00;658;Sainte-Croix;5568;VD;1.56%;6.551762073491188;46.81240583699638;fr;01.07.2008
Baulmes;1446;00;659;Baulmes;5745;VD;100%;6.522046308029477;46.78998682339818;fr;01.07.2008
Ste-Croix;1450;00;660;Sainte-Croix;5568;VD;100%;6.502765341391788;46.822422767375336;fr;01.07.2008
La Sagne (Ste-Croix);1450;02;663;Sainte-Croix;5568;VD;100%;6.498031154265901;46.81510607102653;fr;01.07.2008
Le Château-de-Ste-Croix;1450;03;667;Sainte-Croix;5568;VD;100%;6.531497096714693;46.81906542720079;fr;01.07.2008
Les Rasses;1452;00;665;Bullet;5552;VD;84.83%;6.5399973556252755;46.829541000833665;fr;01.07.2008
Les Rasses;1452;00;665;Sainte-Croix;5568;VD;15.17%;6.529495014;46.827415730620075;fr;01.07.2008
Bullet;1453;00;666;Bullet;5552;VD;96.94%;6.554120927401113;46.83150451;fr;01.07.2008
Bullet;1453;00;666;Fiez;5556;VD;2.59%;6.5603284494125536;46.867940800769055;fr;01.07.2008
Bullet;1453;00;666;Grandevent;5560;VD;0.47%;6.590929253097985;46.845673898523955;fr;01.07.2008
Mauborget;1453;02;613;Mauborget;5562;VD;80.53%;6.615783389012021;46.85608361477901;fr;01.07.2008
Mauborget;1453;02;613;Tévenon;5571;VD;9.47%;6.629555007726677;46.872473403906746;fr;01.07.2008
Mauborget;1453;02;613;Fontaines-sur-Grandson;5557;VD;7.90%;6.589128360172774;46.86820366704798;fr;01.07.2008
Mauborget;1453;02;613;Grandevent;5560;VD;2.11%;6.595311815;46.84863859953226;fr;01.07.2008
L'Auberson;1454;00;664;Sainte-Croix;5568;VD;99.37%;6.462152431044947;46.81944659019555;fr;01.07.2008
L'Auberson;1454;00;664;Baulmes;5745;VD;0.63%;6.447578048995828;46.80673540932176;fr;01.07.2008
La Vraconnaz;1454;02;1355;Sainte-Croix;5568;VD;100%;6.484081207251208;46.840619846542765;fr;01.07.2008
Yvonand;1462;00;669;Yvonand;5939;VD;100%;6.743539957758537;46.79899177688198;fr;01.07.2008
Rovray;1463;00;672;Rovray;5928;VD;100%;6.767697065677126;46.78731612737352;fr;01.07.2008
Chavannes-le-Chêne;1464;00;673;Chavannes-le-Chêne;5907;VD;100%;6.778619970631816;46.77662102158127;fr;01.07.2008
Chêne-Pâquier;1464;02;674;Chêne-Pâquier;5908;VD;100%;6.768507958524922;46.770588836963114;fr;01.07.2008
Cheyres;1468;00;675;Cheyres-Châbles;2055;FR;100%;6.788435724110289;46.81817457352559;fr;01.07.2008
Estavayer-le-Lac;1470;00;680;Estavayer;2054;FR;99.91%;6.8478611557035745;46.84812040770963;fr;01.07.2008
Estavayer-le-Lac;1470;00;680;Lully (FR);2025;FR;0.09%;6.848926186764658;46.83829374831484;fr;01.07.2008
Lully FR;1470;02;5771;Lully (FR);2025;FR;100%;6.845073119455696;46.83346112168344;fr;01.07.2008
Seiry;1470;03;5777;Lully (FR);2025;FR;100%;6.831716807628664;46.81369042728199;fr;01.07.2008
Bollion;1470;04;5762;Lully (FR);2025;FR;100%;6.826767944;46.81793690425101;fr;01.07.2008
Font;1473;00;681;Estavayer;2054;FR;100%;6.821940591922904;46.83664878529029;fr;01.07.2008
Châtillon FR;1473;02;5765;Châtillon (FR);2008;FR;100%;6.831183364714469;46.83190372020081;fr;01.07.2008
Châbles FR;1474;00;682;Cheyres-Châbles;2055;FR;100%;6.807148744534982;46.82260664;fr;01.07.2008
Autavaux;1475;00;752;Estavayer;2054;FR;100%;6.879463952421835;46.864057853516925;fr;01.07.2008
Forel FR;1475;02;5766;Estavayer;2054;FR;100%;6.890086339632439;46.873131909593575;fr;01.07.2008
Montbrelloz;1475;03;5772;Estavayer;2054;FR;100%;6.884695996071276;46.855249761963336;fr;01.07.2008
Cugy FR;1482;00;692;Cugy (FR);2011;FR;100%;6.890231909033875;46.81395091837918;fr;01.07.2008
Montet (Broye);1483;00;691;Les Montets;2050;FR;100%;6.868497242878674;46.81612018396383;fr;01.07.2008
Frasses;1483;02;5768;Les Montets;2050;FR;100%;6.864061159975452;46.826586778634734;fr;01.07.2008
Vesin;1483;03;5780;Cugy (FR);2011;FR;100%;6.871811262169539;46.808778307628074;fr;01.07.2008
Aumont;1484;00;694;Les Montets;2050;FR;100%;6.850441756;46.79925163288433;fr;01.07.2008
Granges-de-Vesin;1484;02;5770;Les Montets;2050;FR;100%;6.8424118454712115;46.81105716264401;fr;01.07.2008
Nuvilly;1485;00;695;Nuvilly;2035;FR;95.28%;6.834101240021842;46.78343273931225;fr;01.07.2008
Nuvilly;1485;00;695;Valbroye;5831;VD;4.72%;6.8406151439968585;46.775883764898644;fr;01.07.2008
Vuissens;1486;00;696;Estavayer;2054;FR;100%;6.764596394;46.73690362247315;fr;01.07.2008
Murist;1489;00;699;Estavayer;2054;FR;100%;6.810738957;46.79349851852488;fr;01.07.2008
Vucherens;1509;00;246;Vucherens;5692;VD;100%;6.777468957658376;46.62526002803114;fr;01.07.2008
Moudon;1510;00;700;Moudon;5678;VD;99.89%;6.797362609;46.66966948534958;fr;01.07.2008
Moudon;1510;00;700;Chavannes-sur-Moudon;5665;VD;0.11%;6.822593048954346;46.67001586380886;fr;01.07.2008
Syens;1510;02;247;Syens;5688;VD;100%;6.779567738;46.645845734159614;fr;01.07.2008
Chavannes-sur-Moudon;1512;00;705;Chavannes-sur-Moudon;5665;VD;100%;6.809719178820278;46.65673056084865;fr;01.07.2008
Hermenches;1513;00;706;Hermenches;5673;VD;99.20%;6.758808367205754;46.64092868821994;fr;01.07.2008
Hermenches;1513;00;706;Corcelles-le-Jorat;5785;VD;0.80%;6.7448532528370295;46.623104479326784;fr;01.07.2008
Rossenges;1513;02;5859;Rossenges;5684;VD;100%;6.775764411858177;46.65346109311609;fr;01.07.2008
Bussy-sur-Moudon;1514;00;707;Bussy-sur-Moudon;5663;VD;100%;6.809901367625194;46.685913938995355;fr;01.07.2008
Villars-le-Comte;1515;00;709;Villars-le-Comte;5690;VD;100%;6.799071631794847;46.71065494095359;fr;01.07.2008
Neyruz-sur-Moudon;1515;01;710;Montanaire;5693;VD;100%;6.787664791224649;46.69790620754092;fr;01.07.2008
Curtilles;1521;00;713;Curtilles;5669;VD;100%;6.848901567404382;46.69964342064329;fr;01.07.2008
Lucens;1522;00;712;Lucens;5675;VD;100%;6.836862822437267;46.70751462905298;fr;01.07.2008
Oulens-sur-Lucens;1522;09;708;Lucens;5675;VD;100%;6.808762449669777;46.70394417091355;fr;01.07.2008
Granges-près-Marnand;1523;00;715;Valbroye;5831;VD;100%;6.8870520276972105;46.76248965757241;fr;01.07.2008
Marnand;1524;00;782;Valbroye;5831;VD;100%;6.8997519603853394;46.75704512616825;fr;01.07.2008
Henniez;1525;00;781;Henniez;5819;VD;100%;6.883232706121664;46.74190702495616;fr;01.07.2008
Seigneux;1525;02;5872;Valbroye;5831;VD;93.97%;6.875837554;46.72832321486341;fr;01.07.2008
Seigneux;1525;02;5872;Surpierre;2044;FR;6.03%;6.863221685518929;46.72822705222023;fr;01.07.2008
Forel-sur-Lucens;1526;00;730;Lucens;5675;VD;100%;6.822312428371948;46.727686173042244;fr;01.07.2008
Cremin;1526;02;731;Lucens;5675;VD;100%;6.842488657803535;46.72617439055051;fr;01.07.2008
Villeneuve FR;1527;00;716;Surpierre;2044;FR;100%;6.8686793980933265;46.74706158979615;fr;01.07.2008
Surpierre;1528;00;717;Surpierre;2044;FR;100%;6.858914017893691;46.74609473244944;fr;01.07.2008
Praratoud;1528;02;5774;Surpierre;2044;FR;100%;6.846179561691579;46.73551321571744;fr;01.07.2008
Cheiry;1529;00;718;Surpierre;2044;FR;100%;6.836707184;46.75068426447208;fr;01.07.2008
Payerne;1530;00;720;Payerne;5822;VD;100%;6.938189477051121;46.820900207951055;fr;01.07.2008
Fétigny;1532;00;726;"Fétigny-Ménières	";2056;FR;100%;6.914296349081311;46.79708050005957;fr;01.07.2008
Ménières;1533;00;727;"Fétigny-Ménières	";2056;FR;100%;6.880620380470682;46.78308532470502;fr;01.07.2008
Sassel;1534;00;728;Valbroye;5831;VD;94.68%;6.857487785646034;46.77636688434256;fr;01.07.2008
Sassel;1534;00;728;Les Montets;2050;FR;5.32%;6.861561662988021;46.787191358885565;fr;01.07.2008
Chapelle (Broye);1534;02;5764;Surpierre;2044;FR;100%;6.850630252342947;46.76884730849359;fr;01.07.2008
Combremont-le-Grand;1535;00;743;Valbroye;5831;VD;100%;6.818974933407614;46.76191476147635;fr;01.07.2008
Combremont-le-Petit;1536;00;729;Valbroye;5831;VD;100%;6.808340252213757;46.74895655556066;fr;01.07.2008
Champtauroz;1537;00;697;Champtauroz;5812;VD;100%;6.789198214060969;46.760498492936335;fr;01.07.2008
Treytorrens (Payerne);1538;00;698;Treytorrens (Payerne);5828;VD;100%;6.800307377072364;46.771895884329155;fr;01.07.2008
Bussy FR;1541;00;693;Estavayer;2054;FR;100%;6.886403756476468;46.83582766143992;fr;01.07.2008
Morens FR;1541;02;5773;Estavayer;2054;FR;100%;6.906077286263294;46.84396323598082;fr;01.07.2008
Sévaz;1541;03;5778;Sévaz;2043;FR;100%;6.873544975414136;46.83827443959375;fr;01.07.2008
Rueyres-les-Prés;1542;00;732;Estavayer;2054;FR;100%;6.9151440450198445;46.85932457171163;fr;01.07.2008
Grandcour;1543;00;733;Grandcour;5817;VD;100%;6.929121707336032;46.87195454558909;fr;01.07.2008
Gletterens;1544;00;734;Gletterens;2022;FR;100%;6.935538675352615;46.90104732490336;fr;01.07.2008
Chevroux;1545;00;735;Chevroux;5813;VD;100%;6.904364935202878;46.88957142590661;fr;01.07.2008
Vers-chez-Perrin;1551;00;736;Payerne;5822;VD;100%;6.944985183157878;46.79869285;fr;01.07.2008
Trey;1552;00;737;Trey;5827;VD;100%;6.922131460995756;46.77097509106621;fr;01.07.2008
Châtonnaye;1553;00;738;Châtonnaye;2068;FR;100%;6.938390753490054;46.75284956;fr;01.07.2008
Sédeilles;1554;00;739;Villarzel;5830;VD;100%;6.9334336492253685;46.74832086353373;fr;01.07.2008
Rossens VD;1554;02;5871;Villarzel;5830;VD;100%;6.923411608661594;46.73575402477585;fr;01.07.2008
Villarzel;1555;00;740;Villarzel;5830;VD;100%;6.912760564574704;46.747876422317155;fr;01.07.2008
Corcelles-près-Payerne;1562;00;744;Corcelles-près-Payerne;5816;VD;99.45%;6.960623364855645;46.83134132824492;fr;01.07.2008
Corcelles-près-Payerne;1562;00;744;Montagny (FR);2029;FR;0.31%;6.964944706215491;46.827338372542165;fr;01.07.2008
Corcelles-près-Payerne;1562;00;744;Payerne;5822;VD;0.23%;6.946188119945815;46.84324392;fr;01.07.2008
Dompierre FR;1563;00;745;Belmont-Broye;2053;FR;100%;6.989666199;46.85202305826228;fr;01.07.2008
Domdidier;1564;00;746;Belmont-Broye;2053;FR;99.89%;7.014924087708922;46.864812266015065;fr;01.07.2008
Domdidier;1564;00;746;Avenches;5451;VD;0.11%;7.011493798514843;46.875602974713864;fr;01.07.2008
Missy;1565;00;751;Missy;5821;VD;100%;6.969049918180835;46.879457138913246;fr;01.07.2008
Vallon;1565;02;5779;Vallon;2045;FR;100%;6.953369260838235;46.88130756565489;fr;01.07.2008
St-Aubin FR;1566;00;755;Saint-Aubin (FR);2041;FR;100%;6.980919344389912;46.89058772846145;fr;01.07.2008
Les Friques;1566;02;5769;Saint-Aubin (FR);2041;FR;100%;6.988599030851706;46.90267210798955;fr;01.07.2008
Delley;1567;00;753;Delley-Portalban;2051;FR;100%;6.96768862;46.91198795106571;fr;01.07.2008
Portalban;1568;00;754;Delley-Portalban;2051;FR;100%;6.955790611919173;46.918387957951225;fr;01.07.2008
Avenches;1580;00;757;Avenches;5451;VD;98.98%;7.040706868291513;46.88096193337028;fr;01.07.2008
Avenches;1580;00;757;Belmont-Broye;2053;FR;1.02%;7.032637190987859;46.87421393;fr;01.07.2008
Oleyres;1580;02;5840;Avenches;5451;VD;84.23%;7.037955064042887;46.85419095345975;fr;01.07.2008
Oleyres;1580;02;5840;Belmont-Broye;2053;FR;15.77%;7.036351744692983;46.85991539419014;fr;01.07.2008
Donatyre;1580;03;9298;Avenches;5451;VD;100%;7.0584402036793445;46.87594002639569;fr;01.07.2008
Villarepos;1583;00;759;Courtepin;2254;FR;100%;7.076712273675632;46.88388841953136;fr;01.07.2008
Villars-le-Grand;1584;00;763;Vully-les-Lacs;5464;VD;100%;6.990489735819473;46.905719987998275;fr;01.07.2008
Salavaux;1585;00;764;Vully-les-Lacs;5464;VD;100%;7.026432512140514;46.916901740005336;fr;01.07.2008
Bellerive VD;1585;02;6155;Vully-les-Lacs;5464;VD;100%;7.024996083177941;46.92441665135388;fr;01.07.2008
Cotterd;1585;03;7621;Vully-les-Lacs;5464;VD;100%;7.029186910543938;46.924098929791604;fr;01.07.2008
Vallamand;1586;00;765;Vully-les-Lacs;5464;VD;100%;7.0390608689632295;46.929324216896525;fr;01.07.2008
Montmagny;1587;00;766;Vully-les-Lacs;5464;VD;100%;7.0102243993588615;46.92614326130508;fr;01.07.2008
Constantine;1587;01;768;Vully-les-Lacs;5464;VD;100%;7.011103244368388;46.91802375438122;fr;01.07.2008
Cudrefin;1588;00;770;Cudrefin;5456;VD;100%;7.022273045643961;46.95381244;fr;01.07.2008
Chabrey;1589;00;767;Vully-les-Lacs;5464;VD;100%;6.980142961147805;46.92615238395938;fr;01.07.2008
Faoug;1595;00;772;Faoug;5458;VD;100%;7.075807285575821;46.90711154052083;fr;01.07.2008
Clavaleyres;1595;02;5753;Murten;2275;FR;100%;7.091147188710621;46.89960321167055;de;01.07.2008
Palézieux;1607;00;790;Oron;5805;VD;100%;6.840429253750069;46.54186676369949;fr;01.07.2008
Palézieux-Village;1607;01;778;Oron;5805;VD;100%;6.831653924736453;46.55358673040238;fr;01.07.2008
Les Tavernes;1607;03;5867;Oron;5805;VD;100%;6.812368480835713;46.55240242540737;fr;01.07.2008
Les Thioleyres;1607;04;5868;Oron;5805;VD;86.03%;6.813149475072558;46.53901187661045;fr;01.07.2008
Les Thioleyres;1607;04;5868;Puidoux;5607;VD;13.97%;6.808466063333227;46.53706083865581;fr;01.07.2008
Oron-le-Châtel;1608;00;909;Oron;5805;VD;100%;6.841010858;46.57531637178415;fr;01.07.2008
Bussigny-sur-Oron;1608;02;5865;Oron;5805;VD;100%;6.859890805430217;46.568901230964066;fr;01.07.2008
Chesalles-sur-Oron;1608;03;5866;Oron;5805;VD;100%;6.853314289843867;46.576352030542495;fr;01.07.2008
Chapelle (Glâne);1608;04;5784;Rue;2097;FR;100%;6.837550102628504;46.58737050726439;fr;01.07.2008
St-Martin FR;1609;00;910;Saint-Martin (FR);2335;FR;100%;6.874180624024233;46.575711061572314;fr;01.07.2008
Besencens;1609;02;5834;Saint-Martin (FR);2335;FR;100%;6.866977293723091;46.58578629946821;fr;01.07.2008
Fiaugères;1609;03;5835;Saint-Martin (FR);2335;FR;100%;6.891340475943155;46.586760968880746;fr;01.07.2008
Oron-la-Ville;1610;00;846;Oron;5805;VD;100%;6.826116455353837;46.57043319625909;fr;01.07.2008
Châtillens;1610;01;779;Oron;5805;VD;100%;6.813784583037893;46.56750529620706;fr;01.07.2008
Vuibroye;1610;02;5869;Oron;5805;VD;100%;6.806153798885051;46.57088146173029;fr;01.07.2008
Le Crêt-près-Semsales;1611;00;911;La Verrerie;2338;FR;100%;6.916162331092084;46.60647969;fr;01.07.2008
Ecoteaux;1612;00;906;Oron;5805;VD;100%;6.860639590173719;46.54647845241276;fr;01.07.2008
Maracon;1613;00;907;Maracon;5790;VD;100%;6.871848026322055;46.55186952756752;fr;01.07.2008
Granges (Veveyse);1614;00;791;Granges (Veveyse);2328;FR;100%;6.829624192;46.52543679849037;fr;01.07.2008
Bossonnens;1615;00;792;Bossonnens;2323;FR;100%;6.851127701951508;46.52555023655026;fr;01.07.2008
Attalens;1616;00;793;Attalens;2321;FR;100%;6.851073707077694;46.508943613007816;fr;01.07.2008
Remaufens;1617;00;794;Remaufens;2333;FR;100%;6.880119921779552;46.52996975136933;fr;01.07.2008
Tatroz;1617;02;7904;Attalens;2321;FR;100%;6.868752358293388;46.52519038475537;fr;01.07.2008
Châtel-St-Denis;1618;00;795;Châtel-Saint-Denis;2325;FR;99.93%;6.903596566214003;46.52713232401951;fr;01.07.2008
Châtel-St-Denis;1618;00;795;Remaufens;2333;FR;0.07%;6.889408007917646;46.527928086280646;fr;01.07.2008
Les Paccots;1619;00;797;Châtel-Saint-Denis;2325;FR;100%;6.951490741697125;46.51889219;fr;01.07.2008
Semsales;1623;00;798;Semsales;2336;FR;100%;6.929899490163785;46.57265506377842;fr;01.07.2008
La Verrerie;1624;00;800;La Verrerie;2338;FR;100%;6.920126862796313;46.58919002696579;fr;01.07.2008
Grattavache;1624;02;5836;La Verrerie;2338;FR;100%;6.918645256622679;46.59534534537416;fr;01.07.2008
Progens;1624;03;6056;La Verrerie;2338;FR;100%;6.911883969003811;46.58479812464728;fr;01.07.2008
Sâles (Gruyère);1625;00;898;Sâles;2152;FR;100%;6.970279670876936;46.63338808171342;fr;01.07.2008
Maules;1625;02;5800;Sâles;2152;FR;100%;6.991159567972221;46.638293945727185;fr;01.07.2008
Romanens;1626;00;893;Sâles;2152;FR;100%;6.973646016012761;46.65188804848372;fr;01.07.2008
Rueyres-Treyfayes;1626;03;6121;Sâles;2152;FR;100%;6.956254440725401;46.64941369767114;fr;01.07.2008
Vaulruz;1627;00;801;Vaulruz;2155;FR;97.82%;6.987879653173975;46.621333104291004;fr;01.07.2008
Vaulruz;1627;00;801;Sâles;2152;FR;1.80%;6.956547126596965;46.60647842141871;fr;01.07.2008
Vaulruz;1627;00;801;Semsales;2336;FR;0.39%;6.957450172810186;46.60035616378042;fr;01.07.2008
Vuadens;1628;00;802;Vuadens;2160;FR;98.12%;7.0191132393731195;46.615875484483354;fr;01.07.2008
Vuadens;1628;00;802;Riaz;2148;FR;1.01%;7.0273560455363375;46.628877397902215;fr;01.07.2008
Vuadens;1628;00;802;Vaulruz;2155;FR;0.22%;6.979862012531182;46.59385509461682;fr;01.07.2008
Vuadens;1628;00;802;Echarlens;2131;FR;0.65%;7.031343577;46.631689421306845;fr;01.07.2008
Bulle;1630;00;803;Bulle;2125;FR;99.77%;7.056599229992089;46.620595620540406;fr;01.07.2008
Bulle;1630;00;803;Vaulruz;2155;FR;0.09%;6.988352324734605;46.58037753518124;fr;01.07.2008
Bulle;1630;00;803;Semsales;2336;FR;0.09%;6.989994832647803;46.57269270240574;fr;01.07.2008
Bulle;1630;00;803;Vuadens;2160;FR;0.05%;7.032870225773405;46.611040843254855;fr;01.07.2008
Riaz;1632;00;827;Riaz;2148;FR;100%;7.057976230615568;46.64005782255803;fr;01.07.2008
Marsens;1633;00;828;Marsens;2140;FR;100%;7.0593631452514725;46.65639852625977;fr;01.07.2008
Vuippens;1633;02;807;Marsens;2140;FR;100%;7.076716861002505;46.659693571726365;fr;01.07.2008
La Roche FR;1634;00;829;La Roche;2149;FR;99.72%;7.140852015;46.69556529793931;fr;01.07.2008
La Roche FR;1634;00;829;Hauteville;2137;FR;0.28%;7.137282977;46.67687210841284;fr;01.07.2008
La Tour-de-Trême;1635;00;831;Bulle;2125;FR;96.09%;7.058731531764999;46.60889043685493;fr;01.07.2008
La Tour-de-Trême;1635;00;831;Gruyères;2135;FR;2.81%;7.0141874893358995;46.584894014484135;fr;01.07.2008
La Tour-de-Trême;1635;00;831;Le Pâquier (FR);2145;FR;1.09%;7.039115973562876;46.60845425606926;fr;01.07.2008
Broc;1636;00;832;Broc;2124;FR;98.71%;7.101192284083492;46.604859679589204;fr;01.07.2008
Broc;1636;00;832;Gruyères;2135;FR;1.29%;7.153636074736384;46.59487453078952;fr;01.07.2008
Charmey (Gruyère);1637;00;833;Val-de-Charmey;2163;FR;99.41%;7.167324539383613;46.62089642596098;fr;01.07.2008
Charmey (Gruyère);1637;00;833;Jaun;2138;FR;0.59%;7.200843635373557;46.578494473921126;fr;01.07.2008
Morlon;1638;00;822;Morlon;2143;FR;100%;7.083270144426745;46.62490121415177;fr;01.07.2008
Sorens;1642;00;808;Sorens;2153;FR;100%;7.0529253128530085;46.67057194588644;fr;01.07.2008
Gumefens;1643;00;809;Pont-en-Ogoz;2122;FR;100%;7.076245189719275;46.67735944293065;fr;01.07.2008
Avry-devant-Pont;1644;00;810;Pont-en-Ogoz;2122;FR;100%;7.086797933835763;46.68650514401901;fr;01.07.2008
Le Bry;1645;00;811;Pont-en-Ogoz;2122;FR;100%;7.084691898869492;46.70063965253089;fr;01.07.2008
Echarlens;1646;00;812;Echarlens;2131;FR;98.10%;7.075132958578641;46.646590895257056;fr;01.07.2008
Echarlens;1646;00;812;Corbières;2129;FR;1.90%;7.090153724900371;46.66083306039378;fr;01.07.2008
Corbières;1647;00;813;Corbières;2129;FR;99.31%;7.105307404;46.659115414729456;fr;01.07.2008
Corbières;1647;00;813;Hauteville;2137;FR;0.69%;7.122884958652473;46.662736905798695;fr;01.07.2008
Hauteville;1648;00;814;Hauteville;2137;FR;100%;7.112274776088379;46.67360056829895;fr;01.07.2008
Pont-la-Ville;1649;00;830;Pont-la-Ville;2147;FR;100%;7.1135734125803625;46.69659697289922;fr;01.07.2008
Villarvolard;1651;00;820;Corbières;2129;FR;100%;7.1090394448944885;46.64493125164197;fr;01.07.2008
Botterens;1652;00;821;Botterens;2123;FR;100%;7.113458647807881;46.61826300838521;fr;01.07.2008
Villarbeney;1652;02;5801;Botterens;2123;FR;100%;7.110797892705835;46.628573327585144;fr;01.07.2008
Crésuz;1653;02;6051;Crésuz;2130;FR;100%;7.141723636534224;46.62058041578593;fr;01.07.2008
Châtel-sur-Montsalvens;1653;03;5798;Châtel-sur-Montsalvens;2128;FR;98.68%;7.126644958560387;46.61367629063433;fr;01.07.2008
Châtel-sur-Montsalvens;1653;03;5798;Broc;2124;FR;1.32%;7.117634659897139;46.609783032445456;fr;01.07.2008
Cerniat FR;1654;00;819;Val-de-Charmey;2163;FR;100%;7.170663469686689;46.642556746527106;fr;01.07.2008
Jaun;1656;00;817;Jaun;2138;FR;100%;7.282887845005608;46.60991476405021;de;01.07.2008
Im Fang;1656;01;816;Jaun;2138;FR;100%;7.237841562646234;46.59933696224611;de;01.07.2008
Abländschen;1657;00;818;Saanen;843;BE;87.88%;7.288944686037726;46.57240239;de;01.07.2008
Abländschen;1657;00;818;Boltigen;791;BE;6.82%;7.291177193596303;46.566936006508364;de;01.07.2008
Abländschen;1657;00;818;Jaun;2138;FR;5.30%;7.298908097487055;46.58331780122275;de;01.07.2008
Rossinière;1658;00;1087;Rossinière;5842;VD;100%;7.082912905416873;46.46742179030952;fr;01.07.2008
La Tine;1658;02;1078;Rossinière;5842;VD;100%;7.051072931366096;46.47042975705608;fr;01.07.2008
Rougemont;1659;00;1089;Rougemont;5843;VD;99.64%;7.208889241125936;46.49066876652961;fr;01.07.2008
Rougemont;1659;00;1089;Château-d'Oex;5841;VD;0.36%;7.179394795168099;46.47586110877717;fr;01.07.2008
Flendruz;1659;02;1080;Château-d'Oex;5841;VD;67.42%;7.1749590164771755;46.48562913645386;fr;01.07.2008
Flendruz;1659;02;1080;Rougemont;5843;VD;32.58%;7.186471001303207;46.52735275805585;fr;01.07.2008
Château-d'Oex;1660;00;1088;Château-d'Oex;5841;VD;100%;7.136261114;46.47501637;fr;01.07.2008
Les Moulins;1660;02;1079;Château-d'Oex;5841;VD;100%;7.108943682166407;46.46006118988805;fr;01.07.2008
L'Etivaz;1660;03;1081;Château-d'Oex;5841;VD;100%;7.149554793425901;46.424045621762296;fr;01.07.2008
La Lécherette;1660;04;6669;Château-d'Oex;5841;VD;96.83%;7.104539388;46.42500101385326;fr;01.07.2008
La Lécherette;1660;04;6669;Ormont-Dessous;5410;VD;3.17%;7.054792807704089;46.415973299585005;fr;01.07.2008
Le Pâquier-Montbarry;1661;00;836;Le Pâquier (FR);2145;FR;99.51%;7.055028961580463;46.59358535282914;fr;01.07.2008
Le Pâquier-Montbarry;1661;00;836;Bulle;2125;FR;0.37%;7.037958897290833;46.5990497;fr;01.07.2008
Le Pâquier-Montbarry;1661;00;836;Gruyères;2135;FR;0.12%;7.0690800739045665;46.592129719321065;fr;01.07.2008
Gruyères;1663;00;842;Gruyères;2135;FR;100%;7.081708136094479;46.58278768648288;fr;01.07.2008
Pringy;1663;02;837;Gruyères;2135;FR;100%;7.068767732043628;46.580596258518995;fr;01.07.2008
Epagny;1663;03;843;Gruyères;2135;FR;100%;7.085170592;46.59196510442963;fr;01.07.2008
Moléson-sur-Gruyères;1663;04;823;Gruyères;2135;FR;97.44%;7.036797592556184;46.565752560852424;fr;01.07.2008
Moléson-sur-Gruyères;1663;04;823;Bas-Intyamon;2162;FR;2.56%;7.044165824542321;46.56230609348663;fr;01.07.2008
Estavannens;1665;00;838;Bas-Intyamon;2162;FR;100%;7.103131992;46.56374632424692;fr;01.07.2008
Grandvillard;1666;00;845;Grandvillard;2134;FR;100%;7.085488310567946;46.53948537017027;fr;01.07.2008
Villars-sous-Mont;1666;02;5802;Bas-Intyamon;2162;FR;100%;7.0689533802963025;46.540197268768516;fr;01.07.2008
Enney;1667;00;839;Bas-Intyamon;2162;FR;100%;7.081274841159302;46.56548765734784;fr;01.07.2008
Albeuve;1669;00;841;Haut-Intyamon;2121;FR;100%;7.054653838562789;46.516167181150344;fr;01.07.2008
Lessoc;1669;02;5799;Haut-Intyamon;2121;FR;100%;7.062800326443246;46.506479139878174;fr;01.07.2008
Les Sciernes-d'Albeuve;1669;03;1077;Haut-Intyamon;2121;FR;100%;7.036064953020154;46.49614114803975;fr;01.07.2008
Neirivue;1669;04;840;Haut-Intyamon;2121;FR;100%;7.059272666174965;46.526446838887416;fr;01.07.2008
Montbovon;1669;05;1086;Haut-Intyamon;2121;FR;100%;7.035760934532822;46.48450859162237;fr;01.07.2008
Ursy;1670;00;857;Ursy;2102;FR;100%;6.8388351650266275;46.63375972153281;fr;01.07.2008
Bionnens;1670;02;5782;Ursy;2102;FR;100%;6.854672101521391;46.63533551072873;fr;01.07.2008
Esmonts;1670;03;5787;Ursy;2102;FR;100%;6.843667423015051;46.64201627386551;fr;01.07.2008
Promasens;1673;00;860;Rue;2097;FR;100%;6.823690546125269;46.60247226727682;fr;01.07.2008
Gillarens;1673;02;5788;Rue;2097;FR;100%;6.828239646540809;46.58915599;fr;01.07.2008
Auboranges;1673;03;251;Rue;2097;FR;100%;6.8041437725024565;46.58319458108492;fr;01.07.2008
Ecublens FR;1673;04;780;Rue;2097;FR;100%;6.809865549371588;46.60834282519361;fr;01.07.2008
Rue;1673;05;859;Rue;2097;FR;100%;6.823590311092522;46.62156986553251;fr;01.07.2008
Vuarmarens;1674;00;858;Ursy;2102;FR;100%;6.8292098033344155;46.64421560814106;fr;01.07.2008
Montet (Glâne);1674;02;5793;Ursy;2102;FR;100%;6.815491435691106;46.644510055318534;fr;01.07.2008
Morlens;1674;03;5794;Ursy;2102;FR;100%;6.8363639387241975;46.65273677202536;fr;01.07.2008
Vauderens;1675;00;856;Ursy;2102;FR;100%;6.849728638774116;46.622814843555226;fr;01.07.2008
Blessens;1675;02;5783;Rue;2097;FR;99.01%;6.837346887441499;46.607951876393564;fr;01.07.2008
Blessens;1675;02;5783;Ursy;2102;FR;0.99%;6.844381126633058;46.60689140808999;fr;01.07.2008
Mossel;1675;03;5795;Ursy;2102;FR;100%;6.857977933126048;46.61213431971738;fr;01.07.2008
Chavannes-les-Forts;1676;00;864;Siviriez;2099;FR;100%;6.896243606995207;46.65194978670183;fr;01.07.2008
Prez-vers-Siviriez;1677;00;865;Siviriez;2099;FR;100%;6.875583758472115;46.637537066308674;fr;01.07.2008
Siviriez;1678;00;862;Siviriez;2099;FR;100%;6.8766913359257655;46.65782797893275;fr;01.07.2008
Villaraboud;1679;00;863;Siviriez;2099;FR;100%;6.910992065778803;46.66132978595616;fr;01.07.2008
Romont FR;1680;00;867;Romont (FR);2096;FR;97.89%;6.913455834081242;46.69408556208844;fr;01.07.2008
Romont FR;1680;00;867;Villaz;2117;FR;1.16%;6.9375068241073565;46.70584346271603;fr;01.07.2008
Romont FR;1680;00;867;Siviriez;2099;FR;0.83%;6.893587493157389;46.67303207789384;fr;01.07.2008
Romont FR;1680;00;867;Mézières (FR);2087;FR;0.11%;6.934323101;46.691139465426076;fr;01.07.2008
Berlens;1680;02;5781;Mézières (FR);2087;FR;100%;6.952677160555778;46.69409798928008;fr;01.07.2008
Billens;1681;00;879;Billens-Hennens;2063;FR;100%;6.8977433422610765;46.689954866156654;fr;01.07.2008
Hennens;1681;02;5789;Billens-Hennens;2063;FR;100%;6.883960263025158;46.68275487994892;fr;01.07.2008
Prévonloup;1682;00;880;Prévonloup;5683;VD;100%;6.882955407284312;46.70033659759502;fr;01.07.2008
Lovatens;1682;02;5856;Lovatens;5674;VD;100%;6.865189138609368;46.69144161752844;fr;01.07.2008
Dompierre VD;1682;03;742;Dompierre (VD);5671;VD;100%;6.8818855184234105;46.70896724290157;fr;01.07.2008
Villars-Bramard;1682;04;741;Valbroye;5831;VD;100%;6.898929425;46.719007585831356;fr;01.07.2008
Cerniaz VD;1682;05;5870;Valbroye;5831;VD;100%;6.895978984468201;46.72623507410656;fr;01.07.2008
Brenles;1683;00;881;Lucens;5675;VD;100%;6.853966563;46.671494890185116;fr;01.07.2008
Chesalles-sur-Moudon;1683;02;882;Lucens;5675;VD;100%;6.833864769371928;46.67521296302644;fr;01.07.2008
Sarzens;1683;03;5860;Lucens;5675;VD;100%;6.849393023139233;46.68221221533557;fr;01.07.2008
Mézières FR;1684;00;887;Mézières (FR);2087;FR;100%;6.9279719368351795;46.67710484080537;fr;01.07.2008
Villariaz;1685;00;888;Vuisternens-devant-Romont;2113;FR;100%;6.941005090106183;46.66267056939495;fr;01.07.2008
Grangettes-près-Romont;1686;00;890;Grangettes;2079;FR;100%;6.963547292;46.67714212478732;fr;01.07.2008
La Neirigue;1686;02;5796;Vuisternens-devant-Romont;2113;FR;100%;6.954778724505665;46.68428369;fr;01.07.2008
Vuisternens-devant-Romont;1687;00;896;Vuisternens-devant-Romont;2113;FR;100%;6.928582342;46.65128990638408;fr;01.07.2008
La Magne;1687;02;5792;Vuisternens-devant-Romont;2113;FR;100%;6.930250124945687;46.63790275803438;fr;01.07.2008
Estévenens;1687;03;889;Vuisternens-devant-Romont;2113;FR;100%;6.960102133744194;46.66772718837726;fr;01.07.2008
Sommentier;1688;00;892;Vuisternens-devant-Romont;2113;FR;100%;6.9117099165022555;46.63735950400097;fr;01.07.2008
Lieffrens;1688;02;5790;Vuisternens-devant-Romont;2113;FR;100%;6.901287481037525;46.63609626609421;fr;01.07.2008
Le Châtelard-près-Romont;1689;00;891;Le Châtelard;2067;FR;100%;6.984713430105403;46.67793926965521;fr;01.07.2008
Villaz-St-Pierre;1690;00;1007;Villaz;2117;FR;95.84%;6.957866906;46.72051326700272;fr;01.07.2008
Villaz-St-Pierre;1690;00;1007;Villorsonnens;2114;FR;4.16%;6.9707187110126485;46.72120553735592;fr;01.07.2008
Lussy FR;1690;02;5791;Villaz;2117;FR;100%;6.943574599;46.71577424353505;fr;01.07.2008
Villarimboud;1691;00;996;Villaz;2117;FR;100%;6.962943848898692;46.73954234957902;fr;01.07.2008
Massonnens;1692;00;894;Massonnens;2086;FR;100%;6.974486914457755;46.698336089568045;fr;01.07.2008
Villarsiviriaux;1694;00;884;Villorsonnens;2114;FR;100%;7.0117653128796755;46.69805934675131;fr;01.07.2008
Villargiroud;1694;02;5797;Villorsonnens;2114;FR;100%;7.001351573;46.70366003;fr;01.07.2008
Orsonnens;1694;03;883;Villorsonnens;2114;FR;100%;6.994693812100237;46.71500469319981;fr;01.07.2008
Chavannes-sous-Orsonnens;1694;04;5785;Villorsonnens;2114;FR;100%;6.989590656358817;46.72626515682229;fr;01.07.2008
Villarlod;1695;00;885;Gibloux;2236;FR;100%;7.024010012371189;46.70226962517921;fr;01.07.2008
Rueyres-St-Laurent;1695;02;5821;Gibloux;2236;FR;100%;7.034275991256498;46.71424375076674;fr;01.07.2008
Estavayer-le-Gibloux;1695;03;995;Gibloux;2236;FR;100%;7.024758766976386;46.72222458383322;fr;01.07.2008
Villarsel-le-Gibloux;1695;04;5823;Gibloux;2236;FR;100%;7.017767465164067;46.71299643718448;fr;01.07.2008
Vuisternens-en-Ogoz;1696;00;886;Gibloux;2236;FR;100%;7.05437153;46.70596553437729;fr;01.07.2008
La Joux FR;1697;00;912;Vuisternens-devant-Romont;2113;FR;100%;6.936282269145769;46.625470516365226;fr;01.07.2008
Les Ecasseys;1697;02;5786;Vuisternens-devant-Romont;2113;FR;100%;6.9050506310028235;46.62138796311612;fr;01.07.2008
Porsel;1699;00;914;Le Flon;2337;FR;100%;6.866780192087291;46.60192377351863;fr;01.07.2008
Pont (Veveyse);1699;02;915;Le Flon;2337;FR;100%;6.853194684420242;46.59098761033577;fr;01.07.2008
Bouloz;1699;03;913;Le Flon;2337;FR;100%;6.882283420671468;46.61224697937075;fr;01.07.2008
Fribourg;1700;00;916;Fribourg;2196;FR;95.80%;7.155296572;46.80514033267163;fr;01.07.2008
Fribourg;1700;00;916;Tafers;2306;FR;2.80%;7.184849163696361;46.805632871327425;fr;01.07.2008
Fribourg;1700;00;916;Düdingen;2293;FR;1.41%;7.181172078907628;46.81567248655531;fr;01.07.2008
Tafers;1712;00;956;Tafers;2306;FR;99.74%;7.219054533;46.81535612213433;de;01.07.2008
Tafers;1712;00;956;Schmitten (FR);2305;FR;0.26%;7.248179553966483;46.82726455818154;de;01.07.2008
St. Antoni;1713;00;957;Tafers;2306;FR;98.99%;7.263338713600229;46.82060539139199;de;01.07.2008
St. Antoni;1713;00;957;Schmitten (FR);2305;FR;1.01%;7.261970567431306;46.834123310367374;de;01.07.2008
Heitenried;1714;00;958;Heitenried;2296;FR;66.67%;7.301620401667075;46.829257613340204;de;01.07.2008
Heitenried;1714;00;958;Tafers;2306;FR;33.33%;7.290817405953179;46.82571787412224;de;01.07.2008
Alterswil FR;1715;00;960;Tafers;2306;FR;97.31%;7.2643277356703235;46.79455625967074;de;01.07.2008
Alterswil FR;1715;00;960;St. Ursen;2304;FR;2.69%;7.271636889104797;46.777601894729294;de;01.07.2008
Plaffeien;1716;00;962;Plaffeien;2299;FR;100%;7.289876972739027;46.73506984165397;de;01.07.2008
Oberschrot;1716;02;5832;Plaffeien;2299;FR;100%;7.277093207456497;46.73980194777724;de;01.07.2008
Schwarzsee;1716;03;945;Plaffeien;2299;FR;92.50%;7.289672389295037;46.67690472636885;de;01.07.2008
Schwarzsee;1716;03;945;Val-de-Charmey;2163;FR;4.01%;7.264633539851446;46.65205933372592;de;01.07.2008
Schwarzsee;1716;03;945;Jaun;2138;FR;3.24%;7.292589268007416;46.65683050820545;de;01.07.2008
Schwarzsee;1716;03;945;Plasselb;2300;FR;0.26%;7.250682957615363;46.674139088516334;de;01.07.2008
St. Ursen;1717;00;963;St. Ursen;2304;FR;99.10%;7.216581817054304;46.78914769;de;01.07.2008
St. Ursen;1717;00;963;Tafers;2306;FR;0.91%;7.219437546157424;46.79859842128929;de;01.07.2008
Rechthalten;1718;00;964;Rechthalten;2301;FR;92.02%;7.244218698829306;46.766682768979905;de;01.07.2008
Rechthalten;1718;00;964;St. Ursen;2304;FR;7.98%;7.263333054569064;46.77431503699248;de;01.07.2008
Brünisried;1719;00;949;Brünisried;2292;FR;99.01%;7.279491722984116;46.75606911986963;de;01.07.2008
Brünisried;1719;00;949;Plaffeien;2299;FR;0.99%;7.284859767177321;46.748420141565234;de;01.07.2008
Zumholz;1719;02;5833;Plaffeien;2299;FR;100%;7.291391223163871;46.755356567337984;de;01.07.2008
Corminboeuf;1720;00;939;Corminboeuf;2183;FR;100%;7.105361276748082;46.81078916174206;fr;01.07.2008
Chésopelloz;1720;02;955;Corminboeuf;2183;FR;98.47%;7.080999839465622;46.807575846864026;fr;01.07.2008
Chésopelloz;1720;02;955;Belfaux;2175;FR;1.53%;7.069372920462314;46.80846527625648;fr;01.07.2008
Misery;1721;01;6786;Misery-Courtion;2272;FR;99.50%;7.067013904983114;46.85211248736515;fr;01.07.2008
Misery;1721;01;6786;Avenches;5451;VD;0.50%;7.054361772831552;46.85745879606542;fr;01.07.2008
Cormérod;1721;02;5826;Misery-Courtion;2272;FR;100%;7.086625863866563;46.86466934616266;fr;01.07.2008
Courtion;1721;04;5829;Misery-Courtion;2272;FR;100%;7.070831897438188;46.85750412531926;fr;01.07.2008
Cournillens;1721;05;9299;Misery-Courtion;2272;FR;100%;7.100807008673994;46.85783977944268;fr;01.07.2008
Bourguillon;1722;00;966;Fribourg;2196;FR;100%;7.174827095608656;46.80031176747483;fr;01.07.2008
Marly;1723;00;968;Marly;2206;FR;100%;7.157625868996753;46.778123789649904;fr;01.07.2008
Villarsel-sur-Marly;1723;03;5824;Villarsel-sur-Marly;2230;FR;100%;7.1693580197692155;46.76248207258778;fr;01.07.2008
Pierrafortscha;1723;04;5818;Pierrafortscha;2216;FR;100%;7.180901150927624;46.78207394949701;fr;01.07.2008
Le Mouret;1724;00;975;Le Mouret;2220;FR;98.86%;7.177837029135451;46.749719267883414;fr;01.07.2008
Le Mouret;1724;00;975;Villarsel-sur-Marly;2230;FR;1.14%;7.186182776040605;46.76166611179044;fr;01.07.2008
Essert FR;1724;02;5808;Le Mouret;2220;FR;95.69%;7.164028008384446;46.73733592990329;fr;01.07.2008
Essert FR;1724;02;5808;Treyvaux;2226;FR;4.31%;7.160415323402436;46.73004078330674;fr;01.07.2008
Ferpicloz;1724;03;5810;Ferpicloz;2194;FR;100%;7.165835586344633;46.74725331911577;fr;01.07.2008
Montévraz;1724;04;5816;Le Mouret;2220;FR;100%;7.175106808044063;46.738036824045814;fr;01.07.2008
Oberried FR;1724;05;5817;Le Mouret;2220;FR;100%;7.187366603548442;46.73527599;fr;01.07.2008
Senèdes;1724;06;5822;Bois-d'Amont;2238;FR;95.58%;7.143263316;46.74213244338012;fr;01.07.2008
Senèdes;1724;06;5822;Treyvaux;2226;FR;4.43%;7.146837463389777;46.73938005373339;fr;01.07.2008
Zénauva;1724;07;5825;Le Mouret;2220;FR;100%;7.181042331674377;46.73629631353615;fr;01.07.2008
Bonnefontaine;1724;08;946;Le Mouret;2220;FR;96.03%;7.197886428042302;46.74097492929297;fr;01.07.2008
Bonnefontaine;1724;08;946;St. Silvester;2303;FR;3.97%;7.196988056963226;46.75160567861095;fr;01.07.2008
Posieux;1725;00;978;Hauterive (FR);2233;FR;96.72%;7.099094760304433;46.76374229501796;fr;01.07.2008
Posieux;1725;00;978;Marly;2206;FR;1.70%;7.126960154253746;46.76901244591988;fr;01.07.2008
Posieux;1725;00;978;Bois-d'Amont;2238;FR;1.58%;7.123477731495277;46.76901184724324;fr;01.07.2008
Farvagny-le-Grand;1726;00;983;Gibloux;2236;FR;100%;7.066459480562712;46.72033569;fr;01.09.2017
Farvagny-le-Petit;1726;02;5809;Gibloux;2236;FR;100%;7.073203684802865;46.72878640351658;fr;01.07.2008
Grenilles;1726;03;5811;Gibloux;2236;FR;100%;7.048767378672428;46.72683418584746;fr;01.07.2008
Posat;1726;04;5820;Gibloux;2236;FR;100%;7.055580945560571;46.736293678866105;fr;01.07.2008
Corpataux;1727;00;947;Gibloux;2236;FR;100%;7.095106642806402;46.742563874070065;fr;01.06.2016
Magnedens;1727;02;5814;Gibloux;2236;FR;100%;7.081001137671187;46.74247541953914;fr;01.07.2008
Rossens FR;1728;00;948;Gibloux;2236;FR;100%;7.103333748839275;46.72007260490942;fr;01.07.2008
Ecuvillens;1730;00;5807;Hauterive (FR);2233;FR;100%;7.083239716286867;46.756182622387676;fr;01.07.2008
Ependes FR;1731;00;950;Bois-d'Amont;2238;FR;100%;7.147986521191345;46.75433351533094;fr;01.07.2008
Arconciel;1732;00;951;Bois-d'Amont;2238;FR;100%;7.123781795414282;46.74394223388015;fr;01.07.2008
Treyvaux;1733;00;952;Treyvaux;2226;FR;99.90%;7.137023503034511;46.727813192000234;fr;01.07.2008
Treyvaux;1733;00;952;La Roche;2149;FR;0.10%;7.127825779484892;46.71444803942276;fr;01.07.2008
Tentlingen;1734;00;5615;Tentlingen;2307;FR;99.50%;7.197249611587601;46.76911140907288;de;01.07.2008
Tentlingen;1734;00;5615;St. Silvester;2303;FR;0.38%;7.200323063532621;46.75507597891101;de;01.07.2008
Tentlingen;1734;00;5615;Le Mouret;2220;FR;0.13%;7.193840797686731;46.752975249391625;de;01.07.2008
Giffers;1735;00;941;Giffers;2294;FR;98.97%;7.211858195467554;46.76026298;de;01.07.2008
Giffers;1735;00;941;Rechthalten;2301;FR;1.03%;7.251026388153875;46.75164484;de;01.07.2008
St. Silvester;1736;00;942;St. Silvester;2303;FR;100%;7.220809755300158;46.74135404;de;01.07.2008
Plasselb;1737;00;943;Plasselb;2300;FR;100%;7.252288304907345;46.734996308704865;fr;01.07.2008
Sangernboden;1738;00;944;Guggisberg;852;BE;64.41%;7.352683757622898;46.723225010891994;de;01.07.2008
Sangernboden;1738;00;944;Rüschegg;853;BE;19.69%;7.412216319327007;46.71788455199701;de;01.07.2008
Sangernboden;1738;00;944;Plaffeien;2299;FR;15.91%;7.349637681986155;46.68299484596856;de;01.07.2008
Neyruz FR;1740;00;990;Neyruz (FR);2211;FR;100%;7.065165519868591;46.76728817665081;fr;01.07.2008
Cottens FR;1741;00;991;Cottens (FR);2186;FR;100%;7.0350145979127845;46.753512031217085;fr;01.07.2008
Autigny;1742;00;994;Autigny;2173;FR;100%;7.0209505876895575;46.73761109839226;fr;01.07.2008
Chénens;1744;00;992;Chénens;2177;FR;100%;6.999995066878678;46.74335238830419;fr;01.07.2008
Lentigny;1745;00;993;La Brillaz;2234;FR;92.97%;7.005204239486216;46.75945642514704;fr;01.07.2008
Lentigny;1745;00;993;Autigny;2173;FR;7.03%;7.013089817192009;46.75378299265087;fr;01.07.2008
Prez-vers-Noréaz;1746;00;986;Prez;2237;FR;100%;7.013067042836939;46.78311738400174;fr;01.07.2008
Corserey;1747;00;987;Prez;2237;FR;100%;6.993616615982868;46.77250925418628;fr;01.07.2008
Torny-le-Grand;1748;00;988;Torny;2115;FR;100%;6.966702423825104;46.770493834357936;fr;01.07.2008
Middes;1749;00;989;Torny;2115;FR;100%;6.947916184478314;46.77179075980292;fr;01.07.2008
Villars-sur-Glâne;1752;00;997;Villars-sur-Glâne;2228;FR;100%;7.125602650758022;46.79302662764731;fr;01.07.2008
Matran;1753;00;1000;Matran;2208;FR;95.67%;7.098059213;46.786677702496696;fr;01.07.2008
Matran;1753;00;1000;Corminboeuf;2183;FR;4.33%;7.091259082919028;46.791226857031425;fr;01.07.2008
Corjolens;1754;02;5805;Avry;2174;FR;81.70%;7.0401947961097395;46.78566231396773;fr;01.07.2008
Corjolens;1754;02;5805;La Brillaz;2234;FR;9.15%;7.035803578142798;46.784459456374684;fr;01.07.2008
Corjolens;1754;02;5805;Prez;2237;FR;9.15%;7.033992158477237;46.785019751349836;fr;01.07.2008
Avry-sur-Matran;1754;04;6146;Avry;2174;FR;100%;7.069010838;46.78683896536347;fr;01.07.2008
Onnens FR;1756;00;1004;La Brillaz;2234;FR;100%;7.036883751886342;46.77485606;fr;01.07.2008
Lovens;1756;02;5813;La Brillaz;2234;FR;100%;7.021511149416842;46.77161635540864;fr;01.07.2008
Noréaz;1757;00;1005;Prez;2237;FR;100%;7.0281377119607615;46.802243188568724;fr;01.07.2008
Givisiez;1762;00;1009;Givisiez;2197;FR;100%;7.130702643189972;46.81270458210977;fr;01.07.2008
Granges-Paccot;1763;00;925;Granges-Paccot;2198;FR;100%;7.146076717;46.82141671581982;fr;01.07.2008
Grolley;1772;00;1011;Grolley-Ponthaux;2239;FR;99.34%;7.064123407252034;46.83228609657304;fr;01.07.2008
Grolley;1772;00;1011;Belmont-Broye;2053;FR;0.66%;7.052967457642927;46.83981405504837;fr;01.07.2008
Nierlet-les-Bois;1772;01;7757;Grolley-Ponthaux;2239;FR;100%;7.055313719523802;46.821498240672184;fr;01.07.2008
Ponthaux;1772;02;5819;Grolley-Ponthaux;2239;FR;100%;7.040202886577438;46.81459185214277;fr;01.07.2008
Léchelles;1773;00;1014;Belmont-Broye;2053;FR;100%;7.015229214258683;46.829470269877255;fr;01.07.2008
Chandon;1773;02;5763;Belmont-Broye;2053;FR;100%;7.044107704363979;46.83954086;fr;01.07.2008
Russy;1773;03;5776;Belmont-Broye;2053;FR;100%;7.001795821733698;46.84224712492226;fr;01.07.2008
Cousset;1774;00;1015;Montagny (FR);2029;FR;99.66%;6.977425500311243;46.81774637;fr;01.07.2008
Cousset;1774;00;1015;Corcelles-près-Payerne;5816;VD;0.34%;6.970644500394479;46.82749684627817;fr;01.07.2008
Montagny-les-Monts;1774;02;6148;Montagny (FR);2029;FR;100%;6.987431797199853;46.807423588725236;fr;01.07.2008
Mannens;1775;02;6221;Montagny (FR);2029;FR;100%;6.969288219833319;46.79373105714972;fr;01.07.2008
Grandsivaz;1775;03;6222;Montagny (FR);2029;FR;100%;6.983608539294981;46.78704249839503;fr;01.07.2008
Montagny-la-Ville;1776;00;1017;Montagny (FR);2029;FR;98.75%;6.994841137542383;46.81766258871763;fr;01.07.2008
Montagny-la-Ville;1776;00;1017;Belmont-Broye;2053;FR;1.25%;6.992509914224739;46.83328765473109;fr;01.07.2008
Belfaux;1782;00;1031;Belfaux;2175;FR;100%;7.101614337375623;46.82118586081368;fr;01.07.2008
Autafond;1782;02;5803;Belfaux;2175;FR;100%;7.0806132318402915;46.816435158270494;fr;01.07.2008
Lossy;1782;03;5812;La Sonnaz;2235;FR;100%;7.109387816571871;46.83359529789134;fr;01.07.2008
La Corbaz;1782;04;5804;La Sonnaz;2235;FR;100%;7.118936813716267;46.83686984117964;fr;01.07.2008
Cormagens;1782;05;5806;La Sonnaz;2235;FR;100%;7.136149115624572;46.83668297079412;fr;01.07.2008
Formangueires;1782;06;8399;La Sonnaz;2235;FR;100%;7.117039247046152;46.82759922235005;fr;01.07.2008
Pensier;1783;00;1034;Courtepin;2254;FR;100%;7.137272420395685;46.84439500242241;fr;01.07.2008
Barberêche;1783;04;6147;Courtepin;2254;FR;100%;7.155645197398833;46.86075074258923;fr;01.07.2008
Courtepin;1784;00;1037;Courtepin;2254;FR;100%;7.125917601;46.86262502614471;fr;01.07.2008
Wallenried;1784;03;5831;Courtepin;2254;FR;100%;7.115099855478974;46.873191374747435;fr;01.07.2008
Cressier FR;1785;00;1038;Cressier (FR);2257;FR;100%;7.142565385001726;46.89964933488323;fr;01.07.2008
Sugiez;1786;00;1039;Mont-Vully;2284;FR;100%;7.114726665035866;46.963179271919614;fr;01.07.2008
Môtier (Vully);1787;00;1042;Mont-Vully;2284;FR;100%;7.080815999202111;46.94721042248479;fr;01.07.2008
Mur (Vully) FR;1787;01;7762;Mont-Vully;2284;FR;100%;7.064071879434854;46.94484493958284;fr;01.07.2008
Mur (Vully) VD;1787;02;5839;Vully-les-Lacs;5464;VD;100%;7.059087421874577;46.94389297169842;fr;01.07.2008
Praz (Vully);1788;00;1027;Mont-Vully;2284;FR;100%;7.100080611901757;46.95421351;fr;01.07.2008
Lugnorre;1789;00;1028;Mont-Vully;2284;FR;100%;7.075601197100919;46.95109790949356;fr;01.07.2008
Courtaman;1791;00;1026;Courtepin;2254;FR;100%;7.130191927024223;46.86964406;fr;01.07.2008
Cordast;1792;00;1025;Gurmels;2262;FR;100%;7.151741678772021;46.87461181426403;de;01.07.2008
Guschelmuth;1792;02;5830;Gurmels;2262;FR;100%;7.140170259186427;46.88199425989547;de;01.07.2008
Jeuss;1793;00;1024;Murten;2275;FR;100%;7.1653297751188925;46.90322334;de;01.07.2008
Salvenach;1794;00;1023;Murten;2275;FR;100%;7.150723926597141;46.91266843728469;de;01.07.2008
Courlevon;1795;00;1020;Murten;2275;FR;93.88%;7.1109218622098265;46.89145799546649;de;01.07.2008
Courlevon;1795;00;1020;Courtepin;2254;FR;6.12%;7.106340916943353;46.883231987440354;de;01.07.2008
Courgevaux;1796;00;1021;Courgevaux;2250;FR;100%;7.110505569927802;46.91015808092235;de;01.07.2008
Münchenwiler;1797;00;1022;Münchenwiler;669;BE;100%;7.125254753362439;46.91320398543863;de;01.07.2008
Vevey;1800;00;1043;Vevey;5890;VD;100%;6.847589508074866;46.462974616262684;fr;01.07.2008
Le Mont-Pèlerin;1801;00;1050;Chardonne;5882;VD;100%;6.828614240588083;46.484446155512195;fr;01.07.2008
Corseaux;1802;00;1053;Corseaux;5883;VD;100%;6.8287677474305415;46.47083620655344;fr;01.07.2008
Chardonne;1803;00;1054;Chardonne;5882;VD;100%;6.829277197629952;46.47762184605242;fr;01.07.2008
Corsier-sur-Vevey;1804;00;1055;Corsier-sur-Vevey;5884;VD;100%;6.844395212109731;46.47171088991734;fr;01.07.2008
Jongny;1805;00;1056;Jongny;5885;VD;100%;6.845601677253938;46.48280012466286;fr;01.07.2008
St-Légier-La Chiésaz;1806;00;1057;Blonay - Saint-Légier;5892;VD;100%;6.875142102321869;46.47237176471621;fr;01.07.2008
Blonay;1807;00;1058;Blonay - Saint-Légier;5892;VD;99.89%;6.894627428077883;46.46651177397388;fr;01.07.2008
Blonay;1807;00;1058;Montreux;5886;VD;0.11%;6.895423297195078;46.455972476942726;fr;01.07.2008
Les Monts-de-Corsier;1808;00;1051;Corsier-sur-Vevey;5884;VD;97.29%;6.8774155208023116;46.50046806606815;fr;01.07.2008
Les Monts-de-Corsier;1808;00;1051;Attalens;2321;FR;2.71%;6.874302525255041;46.50665974;fr;01.07.2008
Fenil-sur-Corsier;1809;00;1052;Corsier-sur-Vevey;5884;VD;100%;6.865244813002508;46.48359391;fr;01.07.2008
La Tour-de-Peilz;1814;00;1062;La Tour-de-Peilz;5889;VD;100%;6.865678460483188;46.454962291779346;fr;01.07.2008
Clarens;1815;00;1063;Montreux;5886;VD;100%;6.893821462335241;46.444423122665704;fr;01.07.2008
Chailly-Montreux;1816;00;1064;Montreux;5886;VD;100%;6.891924481291794;46.45313994;fr;01.07.2008
Brent;1817;00;1065;Montreux;5886;VD;100%;6.903232129133645;46.45475924608288;fr;01.07.2008
Montreux;1820;00;1066;Montreux;5886;VD;100%;6.912927458693767;46.434842941129524;fr;01.07.2008
Territet;1820;05;7993;Montreux;5886;VD;100%;6.925625528;46.42533865261147;fr;01.07.2008
Veytaux;1820;06;5979;Veytaux;5891;VD;100%;6.931312818988954;46.41814965;fr;01.07.2008
Chernex;1822;00;1072;Montreux;5886;VD;100%;6.912147997867279;46.44407803042864;fr;01.07.2008
Glion;1823;00;1073;Montreux;5886;VD;100%;6.927061884933581;46.43302758097124;fr;01.07.2008
Caux;1824;00;1074;Montreux;5886;VD;100%;6.947260890715735;46.43521310068376;fr;01.07.2008
Chamby;1832;00;1083;Montreux;5886;VD;100%;6.912182272638962;46.453928615946595;fr;01.07.2008
Villard-sur-Chamby;1832;02;1076;Montreux;5886;VD;100%;6.930978780505581;46.464854396214896;fr;01.07.2008
Les Avants;1833;00;1084;Montreux;5886;VD;100%;6.942766302755274;46.45712525933276;fr;01.07.2008
Villeneuve VD;1844;00;1090;Villeneuve (VD);5414;VD;100%;6.930537718193564;46.396799102325446;fr;01.07.2008
Noville;1845;00;1092;Noville;5408;VD;100%;6.903418148;46.38202880493285;fr;01.07.2008
Chessel;1846;00;1093;Chessel;5403;VD;100%;6.894496097866917;46.35017691932381;fr;01.07.2008
Rennaz;1847;00;1091;Rennaz;5412;VD;100%;6.919924530024693;46.376798188884266;fr;01.07.2008
Roche VD;1852;00;1094;Roche (VD);5413;VD;100%;6.9296729061862425;46.36016424589437;fr;01.07.2008
Yvorne;1853;00;1095;Yvorne;5415;VD;100%;6.9570922336668275;46.33201960229688;fr;01.07.2008
Leysin;1854;00;1096;Leysin;5407;VD;100%;7.014419840977435;46.344681610101844;fr;01.07.2008
Corbeyrier;1856;00;1103;Corbeyrier;5404;VD;98.50%;6.963679191068081;46.34949033059972;fr;01.07.2008
Corbeyrier;1856;00;1103;Ormont-Dessous;5410;VD;1.50%;7.019014227553381;46.40388184922062;fr;01.07.2008
Aigle;1860;00;1100;Aigle;5401;VD;99.86%;6.964787091028153;46.316390476078894;fr;01.07.2008
Aigle;1860;00;1100;Ollon;5409;VD;0.14%;6.974649089251733;46.30180429;fr;01.07.2008
Les Mosses;1862;00;1105;Ormont-Dessous;5410;VD;100%;7.101391854936715;46.395710638630376;fr;01.07.2008
La Comballaz;1862;02;1104;Ormont-Dessous;5410;VD;100%;7.081470117213375;46.37253942528328;fr;01.07.2008
Le Sépey;1863;00;1109;Ormont-Dessous;5410;VD;99.56%;7.049794550423516;46.36039855004636;fr;01.07.2008
Le Sépey;1863;00;1109;Aigle;5401;VD;0.44%;7.029112021115704;46.33596498033257;fr;01.07.2008
Vers-l'Eglise;1864;00;1110;Ormont-Dessus;5411;VD;100%;7.121797035462239;46.35705220797869;fr;01.07.2008
Les Diablerets;1865;00;1111;Ormont-Dessus;5411;VD;100%;7.1612468598100145;46.35106597301946;fr;01.07.2008
La Forclaz VD;1866;00;1106;Ormont-Dessous;5410;VD;97.57%;7.068241335871945;46.34954872713449;fr;01.07.2008
La Forclaz VD;1866;00;1106;Ollon;5409;VD;2.43%;7.0376752863442915;46.33711118268161;fr;01.07.2008
Ollon VD;1867;00;1112;Ollon;5409;VD;100%;6.995004372649589;46.29343010771929;fr;01.07.2008
St-Triphon;1867;02;1099;Ollon;5409;VD;100%;6.976208822;46.289369534354634;fr;01.07.2008
Panex;1867;03;1108;Ollon;5409;VD;100%;7.016952489137073;46.31301704116132;fr;01.07.2008
Collombey;1868;00;1113;Collombey-Muraz;6152;VS;100%;6.9477922940915455;46.27338994798916;fr;01.07.2008
Massongex;1869;00;1140;Massongex;6215;VS;100%;6.986716242416792;46.24150967198218;fr;01.07.2008
Monthey;1870;00;1114;Monthey;6153;VS;100%;6.952041242;46.25381553173127;fr;01.07.2008
Choëx;1871;00;1117;Monthey;6153;VS;100%;6.949703833977836;46.24121133031682;fr;01.07.2008
Les Giettes;1871;02;1118;Monthey;6153;VS;93.01%;6.959602461214886;46.22726539206069;fr;01.07.2008
Les Giettes;1871;02;1118;Massongex;6215;VS;5.25%;6.970894001373722;46.22553165;fr;01.07.2008
Les Giettes;1871;02;1118;Troistorrents;6156;VS;1.75%;6.934307143456987;46.224361670856204;fr;01.07.2008
Troistorrents;1872;00;1119;Troistorrents;6156;VS;99.56%;6.922270031732689;46.234387186987064;fr;01.07.2008
Troistorrents;1872;00;1119;Collombey-Muraz;6152;VS;0.44%;6.922175385;46.256606382165856;fr;01.07.2008
Val-d'Illiez;1873;00;1120;Val-d'Illiez;6157;VS;100%;6.891363723607644;46.20110085767332;fr;01.07.2008
Champoussin;1873;02;7622;Val-d'Illiez;6157;VS;100%;6.862954776372514;46.20820998195931;fr;01.07.2008
Les Crosets;1873;03;7647;Val-d'Illiez;6157;VS;100%;6.838853370061032;46.187168982753676;fr;01.07.2008
Champéry;1874;00;1122;Champéry;6151;VS;100%;6.868335765678987;46.175753419226595;fr;01.07.2008
Morgins;1875;00;1123;Troistorrents;6156;VS;100%;6.860559766809604;46.239683176272855;fr;01.07.2008
Bex;1880;00;1124;Bex;5402;VD;100%;7.014091107;46.24905554923116;fr;01.07.2008
Frenières-sur-Bex;1880;02;1129;Bex;5402;VD;93.53%;7.067951535790063;46.26093993017601;fr;01.07.2008
Frenières-sur-Bex;1880;02;1129;Gryon;5405;VD;6.47%;7.060644999048117;46.267194680495386;fr;01.07.2008
Fenalet-sur-Bex;1880;03;1128;Bex;5402;VD;100%;7.027872985040196;46.271559950902954;fr;01.07.2008
Les Plans-sur-Bex;1880;04;1130;Bex;5402;VD;100%;7.091959849468782;46.25661742;fr;01.07.2008
Les Posses-sur-Bex;1880;05;9289;Bex;5402;VD;99.31%;7.046959858802116;46.27088120367196;fr;01.07.2008
Les Posses-sur-Bex;1880;05;9289;Gryon;5405;VD;0.69%;7.058268741909268;46.267645232769006;fr;01.07.2008
Gryon;1882;00;1132;Gryon;5405;VD;94.05%;7.077528060836013;46.281616161010895;fr;01.07.2008
Gryon;1882;00;1132;Bex;5402;VD;5.95%;7.152131737429341;46.28323712800478;fr;01.07.2008
Villars-sur-Ollon;1884;00;1134;Ollon;5409;VD;100%;7.058890166288275;46.299222548613464;fr;01.07.2008
Arveyes;1884;02;6122;Ollon;5409;VD;100%;7.061862418230372;46.28986796594016;fr;01.07.2008
Huémoz;1884;03;1107;Ollon;5409;VD;100%;7.025737525902594;46.291360774661484;fr;01.07.2008
Chesières;1885;00;1135;Ollon;5409;VD;100%;7.044045026186647;46.30244605819419;fr;01.07.2008
St-Maurice;1890;00;1136;Saint-Maurice;6217;VS;100%;7.006354551853658;46.206152481210715;fr;01.07.2008
Mex VS;1890;01;1138;Saint-Maurice;6217;VS;100%;6.997497953157541;46.186309562286475;fr;01.07.2008
Vérossaz;1891;11;1139;Vérossaz;6220;VS;99.75%;6.9848340083885665;46.212319902342294;fr;01.07.2008
Vérossaz;1891;11;1139;Massongex;6215;VS;0.25%;6.989126201;46.22447236182119;fr;01.07.2008
Lavey-Village;1892;00;1144;Lavey-Morcles;5406;VD;100%;7.017530212353551;46.22027311132677;fr;01.07.2008
Lavey-les-Bains;1892;01;6586;Lavey-Morcles;5406;VD;100%;7.016622123189168;46.20538179344466;fr;01.07.2008
Morcles;1892;02;7781;Lavey-Morcles;5406;VD;100%;7.034423391;46.20896439321623;fr;01.07.2008
Muraz (Collombey);1893;00;1145;Collombey-Muraz;6152;VS;99.82%;6.928930828464279;46.28021510659204;fr;01.07.2008
Muraz (Collombey);1893;00;1145;Monthey;6153;VS;0.18%;6.882708633923993;46.280968459512835;fr;01.07.2008
Vionnaz;1895;00;1141;Vionnaz;6158;VS;100%;6.902486537606099;46.31068740446565;fr;01.07.2008
Vouvry;1896;00;1146;Vouvry;6159;VS;100%;6.888535353877356;46.33716705479853;fr;01.07.2008
Miex;1896;02;1147;Vouvry;6159;VS;100%;6.862733184579427;46.33915252910467;fr;01.07.2008
Bouveret;1897;00;1148;Port-Valais;6154;VS;100%;6.861055421727868;46.38325072811332;fr;01.07.2008
Les Evouettes;1897;03;1142;Port-Valais;6154;VS;99.47%;6.876090799240835;46.36240214221689;fr;01.07.2008
Les Evouettes;1897;03;1142;Vouvry;6159;VS;0.53%;6.879354661892656;46.35461893;fr;01.07.2008
St-Gingolph;1898;00;1149;Saint-Gingolph;6155;VS;99.89%;6.812977628730401;46.38839255255076;fr;01.07.2008
St-Gingolph;1898;00;1149;Port-Valais;6154;VS;0.11%;6.840472456735276;46.38022008144382;fr;01.07.2008
Torgon;1899;00;1143;Vionnaz;6158;VS;99.80%;6.87293992;46.31695732230045;fr;01.07.2008
Torgon;1899;00;1143;Vouvry;6159;VS;0.20%;6.8753192183373235;46.32538034;fr;01.07.2008
Evionnaz;1902;00;1150;Evionnaz;6213;VS;93.07%;7.022806612618114;46.17436060215771;fr;01.07.2008
Evionnaz;1902;00;1150;Saint-Maurice;6217;VS;6.93%;7.023684370585213;46.18489780775386;fr;01.07.2008
Collonges;1903;00;1151;Collonges;6211;VS;100%;7.034707484032684;46.17251483140924;fr;01.07.2008
Vernayaz;1904;00;1152;Vernayaz;6219;VS;90.92%;7.040737136255517;46.135977870430686;fr;01.07.2008
Vernayaz;1904;00;1152;Martigny;6136;VS;9.08%;7.046293895657245;46.12982636323784;fr;01.07.2008
Dorénaz;1905;00;1153;Dorénaz;6212;VS;100%;7.044757733101807;46.14899075915656;fr;01.07.2008
Charrat;1906;00;1154;Martigny;6136;VS;100%;7.133222600865295;46.12362820879557;fr;01.07.2008
Saxon;1907;00;1155;Saxon;6141;VS;99.97%;7.176508418871653;46.147917690096634;fr;01.07.2008
Saxon;1907;00;1155;Martigny;6136;VS;0.03%;7.151261272644245;46.13147470064762;fr;01.07.2008
Riddes;1908;00;1156;Riddes;6139;VS;99.22%;7.221972199739546;46.17146608617887;fr;01.07.2008
Riddes;1908;00;1156;Chamoson;6022;VS;0.78%;7.22993653;46.17787704;fr;01.07.2008
Ovronnaz;1911;00;1159;Leytron;6135;VS;99.82%;7.173168753828078;46.19831232728481;fr;01.07.2008
Ovronnaz;1911;00;1159;Saillon;6140;VS;0.19%;7.136314698131639;46.19103182333029;fr;01.07.2008
Leytron;1912;00;1158;Leytron;6135;VS;100%;7.2084436695525484;46.18618299757067;fr;01.07.2008
Produit (Leytron);1912;02;7528;Leytron;6135;VS;100%;7.193779812;46.18675472456833;fr;01.07.2008
Montagnon (Leytron);1912;03;7529;Leytron;6135;VS;100%;7.191200363843666;46.19004147666541;fr;01.07.2008
Dugny (Leytron);1912;04;7530;Leytron;6135;VS;100%;7.181244244179084;46.189110572516974;fr;01.07.2008
Saillon;1913;00;1160;Saillon;6140;VS;100%;7.1862040301835854;46.16983520141762;fr;01.07.2008
Isérables;1914;00;1161;Isérables;6134;VS;100%;7.248077854374504;46.159792148950025;fr;01.07.2008
Auddes-sur-Riddes;1914;02;7531;Riddes;6139;VS;100%;7.243457829956263;46.15219193487514;fr;01.07.2008
La Tzoumaz;1918;00;1162;Riddes;6139;VS;100%;7.236974958924958;46.14473213170185;fr;01.07.2008
Martigny;1920;00;1166;Martigny;6136;VS;97.69%;7.074938240071936;46.102926737335196;fr;01.07.2008
Martigny;1920;00;1166;Vernayaz;6219;VS;1.69%;7.0391926567346745;46.126041184358925;fr;01.07.2008
Martigny;1920;00;1166;Martigny-Combe;6137;VS;0.49%;7.0037430000376535;46.09379517779894;fr;01.07.2008
Martigny;1920;00;1166;Salvan;6218;VS;0.14%;7.0221782443995755;46.11104667456931;fr;01.07.2008
Martigny-Croix;1921;00;1169;Martigny-Combe;6137;VS;100%;7.048157013973209;46.08298355;fr;01.07.2008
Salvan;1922;00;1176;Salvan;6218;VS;100%;7.020401305163994;46.120107710514944;fr;01.07.2008
Les Granges (Salvan);1922;01;1177;Salvan;6218;VS;100%;7.021405867305595;46.12743391649736;fr;01.07.2008
Les Marécottes;1923;00;1178;Salvan;6218;VS;100%;7.005603417530773;46.11185665786051;fr;01.07.2008
Le Trétien;1923;02;1171;Salvan;6218;VS;100%;6.998520279231791;46.10167305042568;fr;01.07.2008
Finhaut;1925;00;1179;Finhaut;6214;VS;100%;6.97494204;46.082372535666586;fr;01.07.2008
Le Châtelard VS;1925;01;1172;Finhaut;6214;VS;100%;6.956808482677494;46.05862867178305;fr;01.07.2008
Fully;1926;00;1180;Fully;6133;VS;100%;7.120326599944322;46.14095397883112;fr;01.07.2008
Chemin;1927;00;1173;Val de Bagnes;6037;VS;59.92%;7.098727176098925;46.08938184697352;fr;01.07.2008
Chemin;1927;00;1173;Martigny;6136;VS;29.96%;7.084120838581339;46.09088395855175;fr;01.07.2008
Chemin;1927;00;1173;Bovernier;6131;VS;10.12%;7.084715867352146;46.08686479726285;fr;01.07.2008
Ravoire;1928;00;1175;Martigny-Combe;6137;VS;99.89%;7.048894361720277;46.099160247694066;fr;01.07.2008
Ravoire;1928;00;1175;Martigny;6136;VS;0.11%;7.065822685742647;46.10647254172228;fr;01.07.2008
Trient;1929;00;1174;Trient;6142;VS;100%;6.985105122;46.05571489846893;fr;01.07.2008
Bovernier;1932;00;1182;Bovernier;6131;VS;100%;7.082329793402304;46.07613449714461;fr;01.07.2008
Les Valettes (Bovernier);1932;02;7532;Bovernier;6131;VS;100%;7.073377910740202;46.07530514207578;fr;01.07.2008
Sembrancher;1933;00;1193;Sembrancher;6035;VS;100%;7.150683454981578;46.07797672766582;fr;01.07.2008
Vens (Sembrancher);1933;02;7533;Val de Bagnes;6037;VS;100%;7.126247159077517;46.08804943095547;fr;01.07.2008
Chamoille (Sembrancher);1933;03;7534;Sembrancher;6035;VS;100%;7.154458280293317;46.06057993780841;fr;01.07.2008
La Garde (Sembrancher);1933;04;7535;Sembrancher;6035;VS;100%;7.146304331189514;46.065434590188225;fr;01.07.2008
Le Châble VS;1934;00;1194;Val de Bagnes;6037;VS;100%;7.214280496977272;46.080811540803964;fr;01.07.2008
Bruson;1934;01;5610;Val de Bagnes;6037;VS;100%;7.212819401974714;46.06535427094132;fr;01.07.2008
Verbier;1936;00;1195;Val de Bagnes;6037;VS;100%;7.227352247226321;46.099997444599715;fr;01.07.2008
Orsières;1937;00;1198;Orsières;6034;VS;100%;7.144238447334887;46.02928509;fr;01.07.2008
Champex-Lac;1938;00;1199;Orsières;6034;VS;100%;7.113327874;46.030324177474796;fr;01.07.2008
Vollèges;1941;00;1184;Val de Bagnes;6037;VS;100%;7.1675898925286745;46.085907926295434;fr;01.07.2008
Cries (Vollèges);1941;02;7540;Val de Bagnes;6037;VS;100%;7.177221112455369;46.09129212265346;fr;01.07.2008
Levron;1942;00;1185;Val de Bagnes;6037;VS;100%;7.162975298856916;46.098526477743654;fr;01.07.2008
Praz-de-Fort;1943;00;1191;Orsières;6034;VS;100%;7.123297085707569;45.98812767108877;fr;01.07.2008
La Fouly VS;1944;00;1192;Orsières;6034;VS;100%;7.102896090966358;45.94181368083099;fr;01.07.2008
Liddes;1945;00;1189;Liddes;6033;VS;100%;7.185866812761634;45.99206432983232;fr;01.07.2008
Fontaine Dessus (Liddes);1945;02;7541;Liddes;6033;VS;100%;7.173450214378966;46.00559183306966;fr;01.07.2008
Fontaine Dessous (Liddes);1945;03;7542;Liddes;6033;VS;100%;7.168056809779519;46.01028359;fr;01.07.2008
Dranse (Liddes);1945;04;7543;Liddes;6033;VS;100%;7.181416336124762;45.988914781813875;fr;01.07.2008
Chandonne (Liddes);1945;05;7544;Liddes;6033;VS;100%;7.180452454072099;46.00440278398959;fr;01.07.2008
Rive Haute (Liddes);1945;06;7545;Liddes;6033;VS;100%;7.170538932989792;46.00697021470828;fr;01.07.2008
Fornex (Liddes);1945;07;7546;Liddes;6033;VS;100%;7.163831019;46.00856416765541;fr;01.07.2008
Les Moulins VS (Liddes);1945;08;7547;Liddes;6033;VS;100%;7.168020881070309;46.004526385530234;fr;01.07.2008
Vichères (Liddes);1945;09;7548;Liddes;6033;VS;100%;7.166460707;45.99642666687257;fr;01.07.2008
Palasuit (Liddes);1945;10;7549;Liddes;6033;VS;100%;7.192209014022858;45.98229138946912;fr;01.07.2008
Chez Petit (Liddes);1945;11;7550;Liddes;6033;VS;100%;7.178563808192679;45.986326497021444;fr;01.07.2008
Petit Vichères (Liddes);1945;12;7551;Liddes;6033;VS;100%;7.157779779139854;45.987895523785426;fr;01.07.2008
Bourg-St-Pierre;1946;00;1190;Bourg-Saint-Pierre;6032;VS;95.23%;7.208940245682202;45.949700495932426;fr;01.07.2008
Bourg-St-Pierre;1946;00;1190;Liddes;6033;VS;4.77%;7.200087361056069;45.965900743043626;fr;01.07.2008
Versegères;1947;00;1183;Val de Bagnes;6037;VS;100%;7.2307537355506275;46.06607261238201;fr;01.07.2008
Champsec;1947;05;7555;Val de Bagnes;6037;VS;100%;7.241979004271587;46.056728528353084;fr;01.07.2008
Lourtier;1948;00;1186;Val de Bagnes;6037;VS;100%;7.263753674683235;46.05180810693691;fr;01.07.2008
Fionnay;1948;01;1187;Val de Bagnes;6037;VS;100%;7.308881301018357;46.03064917661577;fr;01.07.2008
Sarreyer;1948;02;1188;Val de Bagnes;6037;VS;100%;7.251858907263602;46.06557903102674;fr;01.07.2008
Sion;1950;00;1200;Sion;6266;VS;98.62%;7.358446733303619;46.23143141990985;fr;01.07.2008
Sion;1950;00;1200;Savièse;6265;VS;0.98%;7.364152254729403;46.24863497118975;fr;01.07.2008
Sion;1950;00;1200;Grimisuat;6263;VS;0.40%;7.366197815814906;46.24969605495794;fr;01.07.2008
Chamoson;1955;00;1163;Chamoson;6022;VS;100%;7.223419281857404;46.201613164487625;fr;01.07.2008
Mayens-de-Chamoson;1955;01;7620;Chamoson;6022;VS;100%;7.1857403483405795;46.20542985128416;fr;01.07.2008
Les Vérines (Chamoson);1955;02;7559;Chamoson;6022;VS;100%;7.203452846911045;46.211099544568214;fr;01.07.2008
Némiaz (Chamoson);1955;03;7560;Chamoson;6022;VS;100%;7.223795053115639;46.21140112001406;fr;01.07.2008
Grugnay (Chamoson);1955;04;7561;Chamoson;6022;VS;100%;7.216176757047563;46.20804892876015;fr;01.07.2008
St-Pierre-de-Clages;1955;05;1164;Chamoson;6022;VS;100%;7.23710912;46.19222013614054;fr;01.07.2008
Ardon;1957;00;1165;Ardon;6021;VS;100%;7.259395588698935;46.20961943306226;fr;01.07.2008
St-Léonard;1958;00;2363;Saint-Léonard;6246;VS;99.86%;7.422045925578756;46.253678328366306;fr;01.07.2008
St-Léonard;1958;00;2363;Ayent;6082;VS;0.14%;7.414909639275163;46.26264561767396;fr;01.07.2008
Uvrier;1958;02;6511;Sion;6266;VS;98.90%;7.414254486964192;46.24909808800907;fr;01.07.2008
Uvrier;1958;02;6511;Ayent;6082;VS;1.10%;7.415859867979159;46.254774663743945;fr;01.07.2008
Vernamiège;1961;00;1216;Mont-Noble;6090;VS;100%;7.4342656521543935;46.21084252294322;fr;01.07.2008
Pont-de-la-Morge (Sion);1962;00;1243;Sion;6266;VS;55.56%;7.315040269334189;46.223781624457764;fr;01.07.2008
Pont-de-la-Morge (Sion);1962;00;1243;Savièse;6265;VS;44.44%;7.314060266444167;46.238470370365754;fr;01.07.2008
Vétroz;1963;00;1244;Vétroz;6025;VS;99.86%;7.2773055139880105;46.221628743752916;fr;01.07.2008
Vétroz;1963;00;1244;Conthey;6023;VS;0.15%;7.260732913;46.22240656692062;fr;01.07.2008
Conthey;1964;00;1245;Conthey;6023;VS;100%;7.304431654350695;46.22654907317964;fr;01.07.2008
Savièse;1965;00;1246;Savièse;6265;VS;100%;7.347248207375696;46.25377691029082;fr;01.01.2018
Fortunau (Ayent);1966;02;7567;Ayent;6082;VS;100%;7.417349219608927;46.291306148143654;fr;01.07.2008
Luc (Ayent);1966;03;7568;Ayent;6082;VS;100%;7.419428187793026;46.28401109286811;fr;01.07.2008
St-Romain (Ayent);1966;04;7569;Ayent;6082;VS;100%;7.412370216212243;46.283253983519984;fr;01.07.2008
Saxonne (Ayent);1966;05;7570;Ayent;6082;VS;100%;7.40723375;46.280688880828734;fr;01.07.2008
Villa (Ayent);1966;06;7571;Ayent;6082;VS;100%;7.414747717872533;46.276408867938066;fr;01.07.2008
La Place (Ayent);1966;07;7572;Ayent;6082;VS;100%;7.410934453112136;46.27484272960783;fr;01.07.2008
Botyre (Ayent);1966;08;7573;Ayent;6082;VS;100%;7.406224544930622;46.27616379365005;fr;01.07.2008
Blignou (Ayent);1966;09;7574;Ayent;6082;VS;100%;7.398676871852502;46.27266202172652;fr;01.07.2008
Argnou (Ayent);1966;10;7575;Ayent;6082;VS;100%;7.399268183527403;46.26246121036024;fr;01.07.2008
Signèse (Ayent);1966;11;1248;Ayent;6082;VS;95.36%;7.403577218211998;46.25782093032895;fr;01.07.2008
Signèse (Ayent);1966;11;1248;Grimisuat;6263;VS;4.64%;7.397019674100763;46.25194451963044;fr;01.07.2008
Bramois;1967;00;1249;Sion;6266;VS;99.54%;7.402012737256621;46.232200940234826;fr;01.07.2008
Bramois;1967;00;1249;Vex;6089;VS;0.46%;7.405412958381212;46.22577916244901;fr;01.07.2008
Mase;1968;00;1218;Mont-Noble;6090;VS;100%;7.43582156;46.19616178835406;fr;01.07.2008
St-Martin VS;1969;00;1219;Saint-Martin (VS);6087;VS;100%;7.442776503875977;46.173429981621624;fr;01.07.2008
Liez (St-Martin);1969;02;7576;Saint-Martin (VS);6087;VS;100%;7.451540311635095;46.16264370600182;fr;01.07.2008
Trogne (St-Martin);1969;03;7577;Saint-Martin (VS);6087;VS;100%;7.454843385319596;46.169219066844136;fr;01.07.2008
Suen (St-Martin);1969;04;7578;Saint-Martin (VS);6087;VS;100%;7.438244297185125;46.182011796453565;fr;01.07.2008
Eison (St-Martin);1969;05;8032;Saint-Martin (VS);6087;VS;100%;7.469983002652881;46.153041976315514;fr;01.07.2008
Grimisuat;1971;00;1214;Grimisuat;6263;VS;100%;7.3846936652519926;46.25899176368568;fr;01.07.2008
Champlan (Grimisuat);1971;02;7579;Grimisuat;6263;VS;98.92%;7.372530364870043;46.24720095508879;fr;01.07.2008
Champlan (Grimisuat);1971;02;7579;Sion;6266;VS;1.08%;7.365987658023479;46.24336475519594;fr;01.07.2008
Anzère;1972;00;1251;Ayent;6082;VS;99.33%;7.402603346867587;46.297770138721006;fr;01.07.2008
Anzère;1972;00;1251;Arbaz;6261;VS;0.67%;7.392020067291194;46.30468381645877;fr;01.07.2008
Nax;1973;00;1217;Mont-Noble;6090;VS;100%;7.4310883781344215;46.22813185965609;fr;01.07.2008
Arbaz;1974;00;1215;Arbaz;6261;VS;97.40%;7.384973697;46.277172032893965;fr;01.07.2008
Arbaz;1974;00;1215;Ayent;6082;VS;2.61%;7.396147626243421;46.288484366110744;fr;01.07.2008
St-Séverin;1975;00;1210;Conthey;6023;VS;100%;7.3057218735146545;46.23948629952027;fr;01.07.2008
Erde;1976;00;1211;Conthey;6023;VS;100%;7.292896260444485;46.250552979940736;fr;01.07.2008
Aven;1976;01;1212;Conthey;6023;VS;98.29%;7.268728940327313;46.24131650357791;fr;01.07.2008
Aven;1976;01;1212;Vétroz;6025;VS;1.71%;7.240753494310004;46.26546000276338;fr;01.07.2008
Daillon;1976;02;1213;Conthey;6023;VS;100%;7.305708332222095;46.255525469135485;fr;01.07.2008
Icogne;1977;00;2348;Icogne;6239;VS;99.80%;7.438916396768075;46.29259470306015;fr;01.07.2008
Icogne;1977;00;2348;Saint-Léonard;6246;VS;0.20%;7.423649429;46.26900708321432;fr;01.07.2008
Lens;1978;00;2347;Lens;6240;VS;99.80%;7.448309975832612;46.28178164;fr;01.07.2008
Lens;1978;00;2347;Icogne;6239;VS;0.20%;7.447298946226294;46.28861837853207;fr;01.07.2008
Vex;1981;00;1220;Vex;6089;VS;100%;7.397686454173677;46.21119470324443;fr;01.07.2008
Euseigne;1982;00;1221;Hérémence;6084;VS;62.83%;7.418641552014122;46.17037858775576;fr;01.07.2008
Euseigne;1982;00;1221;Saint-Martin (VS);6087;VS;37.17%;7.442555477217726;46.156986091999876;fr;01.07.2008
Evolène;1983;00;1250;Evolène;6083;VS;100%;7.494433155269495;46.11394707308658;fr;01.07.2008
Lanna;1983;02;7580;Evolène;6083;VS;100%;7.472461839747784;46.12107109539281;fr;01.08.2013
Les Haudères;1984;00;1222;Evolène;6083;VS;100%;7.505922549524357;46.08502927333756;fr;01.07.2008
La Tour VS;1984;01;9156;Evolène;6083;VS;100%;7.5056932598875115;46.098504698137276;fr;01.07.2008
La Sage;1985;00;1224;Evolène;6083;VS;100%;7.514500177;46.09927280163265;fr;01.07.2008
La Forclaz VS;1985;01;9157;Evolène;6083;VS;100%;7.521035354;46.08533420195935;fr;01.07.2008
Villa (Evolène);1985;02;9158;Evolène;6083;VS;100%;7.512778236867709;46.10732493290606;fr;01.08.2013
Arolla;1986;00;1223;Evolène;6083;VS;100%;7.484199164743212;46.03146282734189;fr;01.07.2008
Hérémence;1987;00;1225;Hérémence;6084;VS;100%;7.395776069325092;46.169877273513286;fr;01.07.2008
Thyon;1988;01;1252;Vex;6089;VS;100%;7.371939673558898;46.18001251331846;fr;01.07.2008
Les Collons;1988;02;1227;Vex;6089;VS;100%;7.386712362849374;46.183528674408954;fr;01.07.2008
Salins;1991;00;1228;Sion;6266;VS;92.67%;7.355951730056371;46.21018199560441;fr;01.07.2008
Salins;1991;00;1228;Veysonnaz;6267;VS;7.33%;7.339884607957105;46.20313439932981;fr;01.07.2008
Arvillard (Salins);1991;02;7581;Sion;6266;VS;100%;7.349184987036566;46.21200288796741;fr;01.07.2008
Pravidondaz (Salins);1991;03;7582;Sion;6266;VS;100%;7.353629660226521;46.21189841089731;fr;01.07.2008
Turin (Salins);1991;04;7583;Sion;6266;VS;100%;7.357354794708825;46.21632701774323;fr;01.07.2008
Misériez (Salins);1991;05;7584;Sion;6266;VS;100%;7.346911272090293;46.207980013942674;fr;01.07.2008
Les Agettes;1992;00;1229;Sion;6266;VS;98.68%;7.373304714;46.20760278181372;fr;01.07.2008
Les Agettes;1992;00;1229;Vex;6089;VS;1.32%;7.380960200113684;46.209388142093985;fr;01.07.2008
Les Mayens-de-Sion;1992;01;1230;Vex;6089;VS;76.53%;7.387860958348502;46.20142142;fr;01.07.2008
Les Mayens-de-Sion;1992;01;1230;Sion;6266;VS;23.47%;7.370565183602715;46.201852958572445;fr;01.07.2008
La Vernaz (Les Agettes);1992;02;7608;Sion;6266;VS;100%;7.373107090188953;46.21028335210349;fr;01.07.2008
Crête-à-l'Oeil (Les Agettes);1992;03;7609;Sion;6266;VS;100%;7.371213716;46.211559596043735;fr;01.07.2008
Veysonnaz;1993;00;1231;Veysonnaz;6267;VS;63.42%;7.337398694464475;46.195395967999005;fr;01.07.2008
Veysonnaz;1993;00;1231;Nendaz;6024;VS;28.21%;7.339272540488043;46.19078291135672;fr;01.07.2008
Veysonnaz;1993;00;1231;Sion;6266;VS;8.37%;7.347484454848496;46.19849912840953;fr;01.07.2008
Clèbes (Nendaz);1993;02;7585;Nendaz;6024;VS;100%;7.344252465;46.187305934544035;fr;01.07.2008
Aproz (Nendaz);1994;02;1238;Nendaz;6024;VS;77.71%;7.311350307864991;46.205669346169394;fr;01.07.2008
Aproz (Nendaz);1994;02;1238;Sion;6266;VS;22.29%;7.31761624;46.20785322267227;fr;01.07.2008
Basse-Nendaz;1996;00;1236;Nendaz;6024;VS;100%;7.310957463136765;46.19097909;fr;01.07.2008
Fey (Nendaz);1996;01;1233;Nendaz;6024;VS;100%;7.270468340879062;46.186418901968224;fr;01.07.2008
Bieudron (Nendaz);1996;02;7611;Nendaz;6024;VS;100%;7.278433592;46.195183272413225;fr;01.07.2008
Condémines (Nendaz);1996;03;7612;Nendaz;6024;VS;100%;7.255567287633936;46.17687824867586;fr;01.07.2008
Saclentse;1996;04;7613;Nendaz;6024;VS;100%;7.317725532443844;46.17639575657583;fr;01.01.2012
Baar (Nendaz);1996;05;1235;Nendaz;6024;VS;100%;7.327431962;46.20423817193366;fr;01.07.2008
Beuson (Nendaz);1996;06;1234;Nendaz;6024;VS;100%;7.324955514505414;46.180514312837154;fr;01.07.2008
Brignon (Nendaz);1996;07;7586;Nendaz;6024;VS;100%;7.325879396;46.190806198948565;fr;01.07.2008
Haute-Nendaz;1997;00;1237;Nendaz;6024;VS;95.91%;7.2910936897480845;46.179368386734254;fr;01.07.2008
Haute-Nendaz;1997;00;1237;Isérables;6134;VS;4.09%;7.252581470771369;46.16773381507414;fr;01.07.2008
Siviez (Nendaz);1997;01;1232;Nendaz;6024;VS;100%;7.322867770242674;46.133456338724045;fr;01.07.2008
Sornard (Nendaz);1997;02;9214;Nendaz;6024;VS;100%;7.303077782102558;46.18756950398722;fr;01.07.2008
Neuchâtel;2000;00;1254;Neuchâtel;6458;NE;99.97%;6.9271155740321095;46.99435482417727;fr;01.07.2008
Neuchâtel;2000;00;1254;Milvignes;6416;NE;0.03%;6.893261029366431;46.98154199;fr;01.07.2008
Auvernier;2012;00;1288;Milvignes;6416;NE;100%;6.8776785563823015;46.97718482824331;fr;01.07.2008
Colombier NE;2013;00;1289;Milvignes;6416;NE;98.25%;6.859660518606796;46.96738001414581;fr;01.07.2008
Colombier NE;2013;00;1289;Boudry;6404;NE;1.75%;6.865699005301979;46.95935056;fr;01.07.2008
Bôle;2014;00;1290;Milvignes;6416;NE;99.88%;6.840357359620494;46.967361604125244;fr;01.07.2008
Bôle;2014;00;1290;Boudry;6404;NE;0.12%;6.829918179979316;46.965543407943485;fr;01.07.2008
Areuse;2015;00;1291;Boudry;6404;NE;98.89%;6.854719429575152;46.95414063760597;fr;01.07.2008
Areuse;2015;00;1291;Milvignes;6416;NE;1.12%;6.8536893110172965;46.959451660112364;fr;01.07.2008
Cortaillod;2016;00;1292;Cortaillod;6408;NE;99.69%;6.847803498284596;46.94512766435209;fr;01.07.2008
Cortaillod;2016;00;1292;Boudry;6404;NE;0.31%;6.835995563;46.947422824233094;fr;01.07.2008
Boudry;2017;00;1293;Boudry;6404;NE;100%;6.833046963745758;46.952624596919264;fr;01.07.2008
Rochefort;2019;00;1357;Rochefort;6413;NE;98.86%;6.807770228;46.980643626808124;fr;01.07.2008
Rochefort;2019;00;1357;Val-de-Ruz;6487;NE;1.14%;6.805882491972626;47.01361029474574;fr;01.07.2008
Chambrelien;2019;02;1356;Rochefort;6413;NE;94.52%;6.815304887278869;46.97245413001071;fr;01.07.2008
Chambrelien;2019;02;1356;Boudry;6404;NE;5.48%;6.818969441975737;46.96921770199963;fr;01.07.2008
Bevaix;2022;00;1295;La Grande Béroche;6417;NE;99.61%;6.814424484079503;46.92957698284383;fr;01.07.2008
Bevaix;2022;00;1295;Cortaillod;6408;NE;0.33%;6.839852910866033;46.933716038688885;fr;01.07.2008
Bevaix;2022;00;1295;Boudry;6404;NE;0.06%;6.804932284174479;46.94054421478964;fr;01.07.2008
Gorgier;2023;00;1296;La Grande Béroche;6417;NE;100%;6.7778692915189955;46.905938078994566;fr;01.07.2008
St-Aubin-Sauges;2024;00;1298;La Grande Béroche;6417;NE;100%;6.770126059132581;46.89217477245928;fr;01.07.2008
Chez-le-Bart;2025;00;1299;La Grande Béroche;6417;NE;100%;6.789891889915469;46.90597100791486;fr;01.07.2008
Montalchez;2027;02;5886;La Grande Béroche;6417;NE;100%;6.7439214517924455;46.90024936072612;fr;01.07.2008
Fresens;2027;03;6053;La Grande Béroche;6417;NE;100%;6.746172510352408;46.88853275680875;fr;01.07.2008
Vaumarcus;2028;00;1303;La Grande Béroche;6417;NE;94.39%;6.754255965;46.877157052625684;fr;01.07.2008
Vaumarcus;2028;00;1303;Concise;5554;VD;5.61%;6.749436834567991;46.87036334908675;fr;01.07.2008
Peseux;2034;00;1304;Neuchâtel;6458;NE;100%;6.891553445096306;46.987866548654814;fr;01.07.2008
Corcelles NE;2035;00;1305;Neuchâtel;6458;NE;96.63%;6.873637384035608;46.98526075440334;fr;01.07.2008
Corcelles NE;2035;00;1305;Rochefort;6413;NE;2.41%;6.842982018978192;46.97949210355096;fr;01.07.2008
Corcelles NE;2035;00;1305;Milvignes;6416;NE;0.96%;6.856751234156737;46.981173157045774;fr;01.07.2008
Cormondrèche;2036;00;1307;Neuchâtel;6458;NE;86.68%;6.867110232162925;46.98101849777565;fr;01.07.2008
Cormondrèche;2036;00;1307;Milvignes;6416;NE;13.32%;6.875943345820903;46.980972344396285;fr;01.07.2008
Montmollin;2037;00;1358;Val-de-Ruz;6487;NE;89.33%;6.845904348685833;46.99334216618169;fr;01.07.2008
Montmollin;2037;00;1358;Neuchâtel;6458;NE;10.68%;6.871056170268937;46.999361662608216;fr;01.07.2008
Montezillon;2037;02;7977;Rochefort;6413;NE;100%;6.836144338205387;46.98677853251653;fr;01.07.2008
Valangin;2042;00;1308;Neuchâtel;6458;NE;99.61%;6.905435643122145;47.01685198161155;fr;01.07.2008
Valangin;2042;00;1308;Val-de-Ruz;6487;NE;0.40%;6.891320149218203;47.018413487021455;fr;01.07.2008
Boudevilliers;2043;00;1309;Val-de-Ruz;6487;NE;100%;6.885049563648922;47.03080579743316;fr;01.07.2008
Fontaines NE;2046;00;1310;Val-de-Ruz;6487;NE;100%;6.899915599504086;47.04258853;fr;01.07.2008
Fontainemelon;2052;00;1311;Val-de-Ruz;6487;NE;100%;6.887428163175186;47.055329296401226;fr;01.07.2008
La Vue-des-Alpes;2052;02;6156;Val-de-Ruz;6487;NE;100%;6.876005757;47.068883504769275;fr;01.07.2008
Cernier;2053;00;1312;Val-de-Ruz;6487;NE;100%;6.901288250665777;47.059209133699355;fr;01.07.2008
Chézard-St-Martin;2054;00;1313;Val-de-Ruz;6487;NE;100%;6.918573892558914;47.064344224522415;fr;01.07.2008
Les Vieux-Prés;2054;02;1314;Val-de-Ruz;6487;NE;100%;6.937491398;47.086754497401216;fr;01.07.2008
Dombresson;2056;00;1316;Val-de-Ruz;6487;NE;100%;6.956250427841518;47.07156130961858;fr;01.07.2008
Villiers;2057;00;1317;Val-de-Ruz;6487;NE;100%;6.971675841984544;47.07515132901114;fr;01.07.2008
Le Pâquier NE;2058;00;1318;Val-de-Ruz;6487;NE;100%;6.981454132912659;47.10186119756118;fr;01.07.2008
Vilars NE;2063;00;1321;Val-de-Ruz;6487;NE;100%;6.927639365645789;47.03176844878207;fr;01.07.2008
Engollon;2063;02;5887;Val-de-Ruz;6487;NE;100%;6.921829465545237;47.038048015697306;fr;01.07.2008
Fenin;2063;03;7631;Val-de-Ruz;6487;NE;100%;6.922334369746463;47.02526807163515;fr;01.07.2008
Saules;2063;04;7632;Val-de-Ruz;6487;NE;100%;6.939498194915909;47.038270346629915;fr;01.07.2008
Savagnier;2065;00;1322;Val-de-Ruz;6487;NE;100%;6.9541547097099015;47.05002706099489;fr;01.07.2008
Chaumont;2067;00;1323;Neuchâtel;6458;NE;68.38%;6.958361276225922;47.02794135022432;fr;01.07.2008
Chaumont;2067;00;1323;Val-de-Ruz;6487;NE;30.57%;6.965647404597277;47.039217943868245;fr;01.07.2008
Chaumont;2067;00;1323;Laténa;6513;NE;1.06%;6.988332464019206;47.062570900693785;fr;01.07.2008
Hauterive NE;2068;00;1324;Laténa;6513;NE;99.58%;6.971915393736384;47.013031648839856;fr;01.07.2008
Hauterive NE;2068;00;1324;Neuchâtel;6458;NE;0.42%;6.9675777063810065;47.00867052914558;fr;01.07.2008
St-Blaise;2072;00;1325;Laténa;6513;NE;94.59%;6.988449519;47.01584145;fr;01.07.2008
St-Blaise;2072;00;1325;Cornaux;6451;NE;3.11%;7.007376487630814;47.02551224537092;fr;01.07.2008
St-Blaise;2072;00;1325;Cressier (NE);6452;NE;2.30%;7.006297292382773;47.04510863798628;fr;01.07.2008
Enges;2073;00;1326;Laténa;6513;NE;98.43%;7.015105726574505;47.05945282511736;fr;01.07.2008
Enges;2073;00;1326;Le Landeron;6455;NE;1.57%;7.0315158087622684;47.072078512281955;fr;01.07.2008
Marin-Epagnier;2074;00;1327;Laténa;6513;NE;100%;7.008934490324161;47.00841823906944;fr;01.07.2008
Thielle;2075;01;6675;Laténa;6513;NE;97.48%;7.029611758996362;47.02153709;fr;01.07.2008
Thielle;2075;01;6675;Cornaux;6451;NE;2.53%;7.028625598491063;47.02320666;fr;01.07.2008
Wavre;2075;02;6676;Laténa;6513;NE;100%;7.020396228054374;47.02424728994811;fr;01.07.2008
Cornaux NE;2087;00;1330;Cornaux;6451;NE;99.33%;7.019330094015347;47.03775413;fr;01.07.2008
Cornaux NE;2087;00;1330;Cressier (NE);6452;NE;0.67%;7.014602352783597;47.043259725672236;fr;01.07.2008
Cressier NE;2088;00;1331;Cressier (NE);6452;NE;100%;7.034674320900649;47.04961094244355;fr;01.07.2008
Noiraigue;2103;00;1334;Val-de-Travers;6512;NE;97.58%;6.724054325314269;46.95522474158854;fr;01.07.2008
Noiraigue;2103;00;1334;Rochefort;6413;NE;1.34%;6.743801180933813;46.953124543437546;fr;01.07.2008
Noiraigue;2103;00;1334;La Grande Béroche;6417;NE;1.08%;6.7362945504080916;46.94249992902815;fr;01.07.2008
Travers;2105;00;1335;Val-de-Travers;6512;NE;99.31%;6.675251600970386;46.94111011723362;fr;01.07.2008
Travers;2105;00;1335;Les Ponts-de-Martel;6437;NE;0.69%;6.663752378349552;46.97248138272346;fr;01.07.2008
Couvet;2108;00;1336;Val-de-Travers;6512;NE;94.58%;6.631615485609979;46.92478014531545;fr;01.07.2008
Couvet;2108;00;1336;Provence;5566;VD;5.42%;6.674273759440332;46.91295623857443;fr;01.07.2008
Môtiers NE;2112;00;1338;Val-de-Travers;6512;NE;100%;6.612388871029424;46.90967389959945;fr;01.07.2008
Boveresse;2113;00;1339;Val-de-Travers;6512;NE;100%;6.599649052612366;46.91683164572519;fr;01.07.2008
Fleurier;2114;00;1341;Val-de-Travers;6512;NE;100%;6.582749057067467;46.90224113789649;fr;01.07.2008
Buttes;2115;00;1342;Val-de-Travers;6512;NE;98.88%;6.551349737;46.88821101824769;fr;01.07.2008
Buttes;2115;00;1342;La Côte-aux-Fées;6504;NE;1.12%;6.5162938701505615;46.85812091721307;fr;01.07.2008
Mont-de-Buttes;2116;00;1354;Val-de-Travers;6512;NE;100%;6.517063885816128;46.88356757201759;fr;01.07.2008
La Côte-aux-Fées;2117;00;1343;La Côte-aux-Fées;6504;NE;100%;6.489027881434127;46.86635360659446;fr;01.07.2008
St-Sulpice NE;2123;00;1344;Val-de-Travers;6512;NE;100%;6.563179277486591;46.91031503640666;fr;01.07.2008
Les Sagnettes;2124;00;1353;Val-de-Travers;6512;NE;99.05%;6.597454600325897;46.93454609652558;fr;01.07.2008
Les Sagnettes;2124;00;1353;La Brévine;6432;NE;0.95%;6.602615930792705;46.952233508316034;fr;01.07.2008
Les Verrières;2126;00;1346;Les Verrières;6511;NE;99.83%;6.479276623502183;46.90560236329612;fr;01.07.2008
Les Verrières;2126;00;1346;Val-de-Travers;6512;NE;0.17%;6.4700716964422025;46.95381466348416;fr;01.07.2008
Les Bayards;2127;00;1350;Val-de-Travers;6512;NE;100%;6.5224244874786566;46.91850564044652;fr;01.07.2008
Champ-du-Moulin;2149;00;1352;Rochefort;6413;NE;77.90%;6.773261197337474;46.96000141256962;fr;01.07.2008
Champ-du-Moulin;2149;00;1352;Boudry;6404;NE;22.11%;6.767988322172776;46.95613853124438;fr;01.07.2008
Fretereules;2149;02;7845;Rochefort;6413;NE;100%;6.766152943480614;46.962109752222894;fr;01.07.2008
Brot-Dessous;2149;03;7846;Rochefort;6413;NE;100%;6.748151685312321;46.95602046703691;fr;01.07.2008
Les Geneveys-sur-Coffrane;2206;00;1359;Val-de-Ruz;6487;NE;100%;6.850921257758384;47.01537963684878;fr;01.07.2008
Coffrane;2207;00;1360;Val-de-Ruz;6487;NE;100%;6.860785737827581;47.009259083025434;fr;01.07.2008
Les Hauts-Geneveys;2208;00;1361;Val-de-Ruz;6487;NE;100%;6.872918715967931;47.04708187574774;fr;01.07.2008
La Chaux-de-Fonds;2300;00;1364;La Chaux-de-Fonds;6421;NE;100%;6.826334027523198;47.10097556999297;fr;01.07.2008
La Cibourg;2300;08;1389;La Chaux-de-Fonds;6421;NE;100%;6.877150657045518;47.11783173119926;fr;01.07.2008
La Sagne NE;2314;00;1384;La Sagne;6423;NE;97.96%;6.800569701044091;47.04225794432883;fr;01.07.2008
La Sagne NE;2314;00;1384;La Chaux-de-Fonds;6421;NE;1.23%;6.841762306744251;47.072452224220015;fr;01.07.2008
La Sagne NE;2314;00;1384;Val-de-Ruz;6487;NE;0.55%;6.838293134059705;47.05543309643784;fr;01.07.2008
La Sagne NE;2314;00;1384;Les Ponts-de-Martel;6437;NE;0.27%;6.752516036;47.024592076324204;fr;01.07.2008
Les Ponts-de-Martel;2316;00;1385;Les Ponts-de-Martel;6437;NE;98.37%;6.730120264233764;46.997253471133064;fr;01.07.2008
Les Ponts-de-Martel;2316;00;1385;Val-de-Travers;6512;NE;1.63%;6.685903390527435;46.97387066560285;fr;01.07.2008
Petit-Martel;2316;02;1380;Les Ponts-de-Martel;6437;NE;100%;6.754816838148099;47.011301641803655;fr;01.07.2008
Brot-Plamboz;2318;00;1333;Brot-Plamboz;6433;NE;88.28%;6.750527830074702;46.97970192723052;fr;01.07.2008
Brot-Plamboz;2318;00;1333;Rochefort;6413;NE;5.98%;6.769231230142318;46.98916816444807;fr;01.07.2008
Brot-Plamboz;2318;00;1333;Val-de-Travers;6512;NE;5.29%;6.7057792781605325;46.96775682257249;fr;01.07.2008
Brot-Plamboz;2318;00;1333;Les Ponts-de-Martel;6437;NE;0.46%;6.711164671;46.973737244073625;fr;01.07.2008
Le Crêt-du-Locle;2322;00;1387;La Chaux-de-Fonds;6421;NE;98.04%;6.784206391640277;47.07724726484296;fr;01.07.2008
Le Crêt-du-Locle;2322;00;1387;Le Locle;6436;NE;1.96%;6.767412192067828;47.07874229633574;fr;01.07.2008
Les Planchettes;2325;00;1388;Les Planchettes;6422;NE;100%;6.7736974358222755;47.110181318669916;fr;01.07.2008
La Ferrière;2333;00;1390;La Ferrière;435;BE;82.77%;6.898695168296595;47.141349351742925;fr;01.07.2008
La Ferrière;2333;00;1390;Sonvilier;445;BE;17.03%;6.935027407343237;47.16236500769779;fr;01.07.2008
La Ferrière;2333;00;1390;Les Bois;6742;JU;0.20%;6.8977589982438365;47.155683004094996;fr;01.07.2008
La Cibourg;2333;02;7959;La Ferrière;435;BE;100%;6.895019388221662;47.122991068730975;fr;01.07.2008
Les Bois;2336;00;1391;Les Bois;6742;JU;99.67%;6.902478385;47.179460886784334;fr;01.07.2008
Les Bois;2336;00;1391;Le Noirmont;6754;JU;0.33%;6.917309026610164;47.202187390760756;fr;01.07.2008
Les Emibois;2338;00;1383;Muriaux;6753;JU;100%;6.989160740554341;47.23178723;fr;01.07.2008
Muriaux;2338;02;8004;Muriaux;6753;JU;100%;6.979108320834446;47.2459322;fr;01.07.2008
Le Noirmont;2340;00;1519;Le Noirmont;6754;JU;100%;6.955419043716235;47.22325809776877;fr;01.07.2008
Les Breuleux;2345;00;1516;Les Breuleux;6743;JU;96.21%;7.002446507435705;47.21067372912961;fr;01.07.2008
Les Breuleux;2345;00;1516;Muriaux;6753;JU;2.79%;7.004495218999578;47.22331018470981;fr;01.07.2008
Les Breuleux;2345;00;1516;Villeret;448;BE;1.00%;7.00913516;47.18821187102484;fr;01.07.2008
Le Cerneux-Veusil;2345;02;1517;Muriaux;6753;JU;53.73%;6.962448224549977;47.18426779001771;fr;01.07.2008
Le Cerneux-Veusil;2345;02;1517;Saint-Imier;443;BE;45.52%;6.9567693978962515;47.177578862156295;fr;01.07.2008
Le Cerneux-Veusil;2345;02;1517;Sonvilier;445;BE;0.75%;6.940988866001201;47.17969905258307;fr;01.07.2008
La Chaux-des-Breuleux;2345;03;1518;Les Breuleux;6743;JU;100%;7.027925874116005;47.22226304189291;fr;01.07.2008
Le Peuchapatte;2345;04;7965;Muriaux;6753;JU;76.83%;6.964904432842447;47.19739249;fr;01.01.2025
Le Peuchapatte;2345;04;7965;Le Noirmont;6754;JU;23.17%;6.954290824506322;47.19194227803718;fr;01.01.2025
Saignelégier;2350;00;1520;Saignelégier;6757;JU;100%;6.9963478271805135;47.256838495563485;fr;01.07.2008
Les Pommerats;2353;00;1521;Saignelégier;6757;JU;93.03%;6.985394350861158;47.27249155440793;fr;01.07.2008
Les Pommerats;2353;00;1521;Les Enfers;6745;JU;6.97%;7.009951245293844;47.29022424535266;fr;01.07.2008
Goumois;2354;00;1522;Saignelégier;6757;JU;100%;6.9535392937113665;47.26441922115581;fr;01.07.2008
Le Bémont JU;2360;00;9079;Le Bémont (JU);6741;JU;100%;7.021651265;47.26316642274404;fr;01.07.2008
Montfaucon;2362;00;9080;Montfaucon;6751;JU;99.02%;7.053927888243956;47.28003603018338;fr;01.07.2008
Montfaucon;2362;00;9080;Lajoux (JU);6750;JU;0.78%;7.1052267034535435;47.28171641744055;fr;01.07.2008
Montfaucon;2362;00;9080;Le Bémont (JU);6741;JU;0.20%;7.062585864259161;47.246271787008276;fr;01.07.2008
Montfavergier;2362;02;9081;Montfaucon;6751;JU;100%;7.089993339;47.308951690005046;fr;01.07.2008
Les Enfers;2363;00;9082;Les Enfers;6745;JU;97.58%;7.046305410735805;47.28847419;fr;01.07.2008
Les Enfers;2363;00;9082;Le Bémont (JU);6741;JU;2.42%;7.034661265444586;47.28122917100734;fr;01.07.2008
St-Brais;2364;00;9083;Saint-Brais;6758;JU;100%;7.1130827062792195;47.30470203563963;fr;01.07.2008
Le Locle;2400;00;1392;Le Locle;6436;NE;100%;6.750442103871425;47.05698992982153;fr;01.07.2008
Le Prévoux;2400;02;1402;Le Locle;6436;NE;76.76%;6.707379188869887;47.03830958748743;fr;01.07.2008
Le Prévoux;2400;02;1402;Le Cerneux-Péquignot;6434;NE;19.72%;6.702807179;47.03397149786847;fr;01.07.2008
Le Prévoux;2400;02;1402;La Chaux-du-Milieu;6435;NE;3.52%;6.725056244392068;47.03195339330316;fr;01.07.2008
La Chaux-du-Milieu;2405;00;1399;La Chaux-du-Milieu;6435;NE;95.39%;6.704524981309342;47.01328400570721;fr;01.07.2008
La Chaux-du-Milieu;2405;00;1399;Le Cerneux-Péquignot;6434;NE;4.61%;6.706222723228718;47.02286956803882;fr;01.07.2008
La Brévine;2406;00;1345;La Brévine;6432;NE;96.09%;6.604586054286727;46.98098001657926;fr;01.07.2008
La Brévine;2406;00;1345;Le Cerneux-Péquignot;6434;NE;3.91%;6.607475151658208;46.987082079773856;fr;01.07.2008
Les Taillères;2406;02;1348;La Brévine;6432;NE;100%;6.5742966727027605;46.971516675087535;fr;01.07.2008
La Châtagne;2406;03;1397;La Brévine;6432;NE;92.57%;6.638186651310931;46.98334295804918;fr;01.07.2008
La Châtagne;2406;03;1397;La Chaux-du-Milieu;6435;NE;7.43%;6.658491463423183;46.98630780204581;fr;01.07.2008
Le Brouillet;2406;04;1347;La Brévine;6432;NE;79.90%;6.544727182657495;46.961277221269675;fr;01.07.2008
Le Brouillet;2406;04;1347;Val-de-Travers;6512;NE;18.04%;6.509307265333608;46.94587302070042;fr;01.07.2008
Le Brouillet;2406;04;1347;Les Verrières;6511;NE;2.06%;6.491130723248199;46.93527070312844;fr;01.07.2008
Le Cerneux-Péquignot;2414;00;1403;Le Cerneux-Péquignot;6434;NE;100%;6.662694233047729;47.01561682666251;fr;01.07.2008
Les Brenets;2416;00;1404;Le Locle;6436;NE;100%;6.707163186982536;47.06759719028428;fr;01.07.2008
Biel/Bienne;2502;00;1428;Biel/Bienne;371;BE;100%;7.248081561703742;47.14204904564477;multiple;01.07.2008
Biel/Bienne;2503;00;1429;Biel/Bienne;371;BE;99.16%;7.256381081245383;47.132195221463995;multiple;01.07.2008
Biel/Bienne;2503;00;1429;Brügg;733;BE;0.72%;7.257642078355468;47.12184412319752;multiple;01.07.2008
Biel/Bienne;2503;00;1429;Nidau;743;BE;0.12%;7.246783030562616;47.129247186910185;multiple;01.07.2008
Biel/Bienne;2504;00;1430;Biel/Bienne;371;BE;99.30%;7.2737940048389165;47.14878117705799;multiple;01.07.2008
Biel/Bienne;2504;00;1430;Brügg;733;BE;0.37%;7.285449198559986;47.13965864955808;multiple;01.07.2008
Biel/Bienne;2504;00;1430;Orpund;744;BE;0.34%;7.287388201041736;47.14577163446231;multiple;01.07.2008
Biel/Bienne;2505;00;1431;Biel/Bienne;371;BE;99.06%;7.218466710301137;47.13067133460939;multiple;01.07.2008
Biel/Bienne;2505;00;1431;Twann-Tüscherz;756;BE;0.94%;7.203241195842891;47.12522609659364;multiple;01.07.2008
Tüscherz-Alfermée;2512;00;1432;Twann-Tüscherz;756;BE;100%;7.198048064780487;47.11660716871557;de;01.07.2008
Twann;2513;00;1433;Twann-Tüscherz;756;BE;95.13%;7.162406074199213;47.09854578310609;de;01.07.2008
Twann;2513;00;1433;Ligerz;740;BE;4.87%;7.151981258491147;47.09220566965115;de;01.07.2008
Ligerz;2514;00;1434;Ligerz;740;BE;85.64%;7.140370679619732;47.088757898671425;de;01.07.2008
Ligerz;2514;00;1434;La Neuveville;723;BE;14.36%;7.128674470153169;47.08216945699524;de;01.07.2008
Prêles;2515;00;1435;Plateau de Diesse;726;BE;100%;7.128515785885853;47.09588639954012;fr;01.07.2008
Lamboing;2516;00;1436;Plateau de Diesse;726;BE;86.86%;7.138008813052378;47.11760756942259;fr;01.07.2008
Lamboing;2516;00;1436;Twann-Tüscherz;756;BE;13.14%;7.170701623619862;47.120135377032575;fr;01.07.2008
Diesse;2517;00;1437;Plateau de Diesse;726;BE;100%;7.116463187062724;47.11342029312006;fr;01.07.2008
Nods;2518;00;1438;Nods;724;BE;99.65%;7.079706383;47.11471421026305;fr;01.07.2008
Nods;2518;00;1438;Val-de-Ruz;6487;NE;0.35%;7.028940438796424;47.121209204443936;fr;01.07.2008
La Neuveville;2520;00;1439;La Neuveville;723;BE;99.64%;7.096292321919627;47.06590408551515;fr;01.07.2008
La Neuveville;2520;00;1439;Le Landeron;6455;NE;0.36%;7.079322965162012;47.06596899699102;fr;01.07.2008
Lignières;2523;00;1440;Lignières;6456;NE;89.50%;7.062531497841456;47.083770239536086;fr;01.07.2008
Lignières;2523;00;1440;Nods;724;BE;2.92%;7.090274213309071;47.094472140060745;fr;01.07.2008
Lignières;2523;00;1440;Le Landeron;6455;NE;2.92%;7.0511870119087465;47.073720913389735;fr;01.07.2008
Lignières;2523;00;1440;Val-de-Ruz;6487;NE;2.62%;7.010376453279081;47.097718299852446;fr;01.07.2008
Lignières;2523;00;1440;La Neuveville;723;BE;2.04%;7.083489058031464;47.07692898262483;fr;01.07.2008
Le Landeron;2525;00;1441;Le Landeron;6455;NE;98.03%;7.069024008054663;47.05708503956949;fr;01.07.2008
Le Landeron;2525;00;1441;Gals;494;BE;1.98%;7.069277172839697;47.04521232532027;fr;01.07.2008
Magglingen/Macolin;2532;00;1442;Evilard;372;BE;98.04%;7.212912478945084;47.141265462559765;multiple;01.07.2008
Magglingen/Macolin;2532;00;1442;Biel/Bienne;371;BE;1.96%;7.2128214295171835;47.13786522459981;multiple;01.07.2008
Evilard;2533;00;1443;Evilard;372;BE;100%;7.239098333530531;47.15056982723264;fr;01.07.2008
Orvin;2534;00;1444;Orvin;438;BE;100%;7.215283952231392;47.160474096683146;fr;01.07.2008
Les Prés-d'Orvin;2534;02;1445;Orvin;438;BE;96.24%;7.170691765455846;47.15356934;fr;01.07.2008
Les Prés-d'Orvin;2534;02;1445;Nods;724;BE;2.38%;7.125640373098242;47.14822908514385;fr;01.07.2008
Les Prés-d'Orvin;2534;02;1445;Corgémont;431;BE;1.39%;7.147709252024483;47.163128763156294;fr;01.07.2008
Frinvillier;2535;00;1446;Sauge;449;BE;91.45%;7.256783470715809;47.16873285009138;fr;01.07.2008
Frinvillier;2535;00;1446;Péry-La Heutte;450;BE;5.98%;7.252701924892445;47.170435297326996;fr;01.07.2008
Frinvillier;2535;00;1446;Orvin;438;BE;2.56%;7.251814546772828;47.16771743;fr;01.07.2008
Plagne;2536;00;1447;Sauge;449;BE;98.22%;7.287242825620832;47.19029270613786;fr;01.07.2008
Plagne;2536;00;1447;Romont (BE);442;BE;1.78%;7.325536628;47.20167039291806;fr;01.07.2008
Vauffelin;2537;00;1448;Sauge;449;BE;100%;7.299137828602951;47.18787027417092;fr;01.07.2008
Romont BE;2538;00;1449;Romont (BE);442;BE;100%;7.340103131071595;47.18953205660803;fr;01.07.2008
Grenchen;2540;00;1450;Grenchen;2546;SO;100%;7.394184269888456;47.19431533;de;01.07.2008
Pieterlen;2542;00;1455;Pieterlen;392;BE;100%;7.337453790250363;47.17425666147594;de;01.07.2008
Lengnau BE;2543;00;1456;Lengnau (BE);387;BE;100%;7.368166800617653;47.18080103377464;de;01.07.2008
Bettlach;2544;00;1457;Bettlach;2543;SO;100%;7.421932672306915;47.20215731924064;de;01.07.2008
Selzach;2545;00;1459;Selzach;2556;SO;100%;7.452869100536071;47.20491028139925;de;01.07.2008
Orpund;2552;00;1461;Orpund;744;BE;99.19%;7.303825013370902;47.13986172722897;de;01.07.2008
Orpund;2552;00;1461;Brügg;733;BE;0.81%;7.290032971146785;47.136273650289496;de;01.07.2008
Safnern;2553;00;1462;Safnern;746;BE;100%;7.322811383;47.15029859788519;de;01.07.2008
Meinisberg;2554;00;1463;Meinisberg;390;BE;100%;7.349125093;47.16026157501189;de;01.07.2008
Brügg BE;2555;00;1464;Brügg;733;BE;100%;7.274527904;47.12458608255452;de;01.07.2008
Scheuren;2556;00;1466;Scheuren;747;BE;100%;7.317617293139811;47.132591371981185;de;01.07.2008
Schwadernau;2556;02;5761;Schwadernau;748;BE;100%;7.304264522181997;47.127665227347734;de;01.07.2008
Studen BE;2557;00;1467;Studen (BE);749;BE;98.82%;7.302274657355461;47.11216469;de;01.07.2008
Studen BE;2557;00;1467;Lyss;306;BE;0.59%;7.315364639587621;47.109346200241625;de;01.07.2008
Studen BE;2557;00;1467;Büetigen;382;BE;0.59%;7.319746377852496;47.111815457863806;de;01.07.2008
Aegerten;2558;00;1468;Aegerten;731;BE;100%;7.289023428251527;47.12028845534918;de;01.07.2008
Nidau;2560;00;1469;Nidau;743;BE;90.24%;7.241766597262545;47.124300468764005;de;01.07.2008
Nidau;2560;00;1469;Port;745;BE;9.76%;7.251145642415983;47.121743700330754;de;01.07.2008
Port;2562;00;1470;Port;745;BE;97.61%;7.252817720304535;47.11463146911933;de;01.07.2008
Port;2562;00;1470;Bellmund;732;BE;2.39%;7.248912041422764;47.11247527;de;01.07.2008
Ipsach;2563;00;1471;Ipsach;739;BE;97.94%;7.233242651898645;47.11335667027045;de;01.07.2008
Ipsach;2563;00;1471;Bellmund;732;BE;2.06%;7.238671647748609;47.110733287389486;de;01.07.2008
Bellmund;2564;00;1472;Bellmund;732;BE;100%;7.247276692441005;47.105573441965284;de;01.07.2008
Jens;2565;00;1473;Jens;738;BE;100%;7.261326078193461;47.099866344894224;de;01.07.2008
Sutz;2572;00;1475;Sutz-Lattrigen;750;BE;100%;7.215628166418855;47.100325998821454;de;01.07.2008
Mörigen;2572;02;5760;Mörigen;742;BE;100%;7.211640758684059;47.083929335419825;de;01.07.2008
Täuffelen;2575;00;1477;Täuffelen;751;BE;99.88%;7.199471152069442;47.06667910466787;de;01.07.2008
Täuffelen;2575;00;1477;Hagneck;736;BE;0.12%;7.192624879;47.06112364135232;de;01.07.2008
Gerolfingen;2575;01;6587;Täuffelen;751;BE;100%;7.201527518340882;47.074958793297384;de;01.07.2008
Hagneck;2575;02;5759;Hagneck;736;BE;96.47%;7.1881728256695965;47.05893717491209;de;01.07.2008
Hagneck;2575;02;5759;Täuffelen;751;BE;2.35%;7.1929456;47.057220488542406;de;01.07.2008
Hagneck;2575;02;5759;Lüscherz;497;BE;1.18%;7.177580320815501;47.05823884610365;de;01.07.2008
Lüscherz;2576;00;1478;Lüscherz;497;BE;85.41%;7.151914134152158;47.045863125357016;de;01.07.2008
Lüscherz;2576;00;1478;Vinelz;502;BE;14.59%;7.135956937588011;47.04126706856588;de;01.07.2008
Siselen BE;2577;00;1480;Siselen;499;BE;100%;7.1885746479948756;47.032168768091815;de;01.07.2008
Finsterhennen;2577;02;5905;Finsterhennen;493;BE;100%;7.179757425643384;47.02457526230359;de;01.07.2008
Péry;2603;00;1482;Péry-La Heutte;450;BE;98.62%;7.247887194909052;47.19260845441505;fr;01.07.2008
Péry;2603;00;1482;Romont (BE);442;BE;1.38%;7.333219077128356;47.21424332767733;fr;01.07.2008
La Heutte;2604;00;1483;Péry-La Heutte;450;BE;100%;7.224565229700823;47.19068731721154;fr;01.07.2008
Sonceboz-Sombeval;2605;00;1484;Sonceboz-Sombeval;444;BE;100%;7.172930491066472;47.19646176740298;fr;01.07.2008
Corgémont;2606;00;1485;Corgémont;431;BE;99.30%;7.141602323278493;47.19402824568823;fr;01.07.2008
Corgémont;2606;00;1485;Sonceboz-Sombeval;444;BE;0.71%;7.165873110161381;47.17788896;fr;01.07.2008
Cortébert;2607;00;1486;Cortébert;433;BE;100%;7.106934468890883;47.19012840960848;fr;01.07.2008
Courtelary;2608;00;1487;Courtelary;434;BE;100%;7.070950956882836;47.17875717964031;fr;01.07.2008
Montagne-de-Courtelary;2608;02;1488;Courtelary;434;BE;40%;7.081496929847282;47.166134752737065;fr;01.07.2008
Montagne-de-Courtelary;2608;02;1488;Cortébert;433;BE;40%;7.116515942640332;47.167983499222075;fr;01.07.2008
Montagne-de-Courtelary;2608;02;1488;Cormoret;432;BE;10.63%;7.061956521421134;47.14663426;fr;01.07.2008
Montagne-de-Courtelary;2608;02;1488;Corgémont;431;BE;9.38%;7.1392356180719165;47.17137318671769;fr;01.07.2008
St-Imier;2610;00;1489;Saint-Imier;443;BE;100%;6.998425652893774;47.15249750872946;fr;01.07.2008
Mont-Soleil;2610;02;1490;Saint-Imier;443;BE;63.14%;6.989389707370094;47.15919967826217;fr;01.07.2008
Mont-Soleil;2610;02;1490;Sonvilier;445;BE;36.22%;6.950769772271618;47.14986706233718;fr;01.07.2008
Mont-Soleil;2610;02;1490;La Ferrière;435;BE;0.64%;6.931084248991858;47.13738652872933;fr;01.07.2008
Les Pontins;2610;03;7903;Saint-Imier;443;BE;98.82%;7.005192911;47.12940623801837;fr;01.07.2008
Les Pontins;2610;03;7903;Villeret;448;BE;1.18%;7.026896982365391;47.134991175150645;fr;01.07.2008
Mont-Crosin;2610;04;1491;Courtelary;434;BE;47.27%;7.05572344;47.195806526043675;fr;01.07.2008
Mont-Crosin;2610;04;1491;Villeret;448;BE;26.67%;7.010596246;47.17549858572758;fr;01.07.2008
Mont-Crosin;2610;04;1491;Cormoret;432;BE;26.06%;7.031495079415579;47.18367003467672;fr;01.07.2008
Cormoret;2612;00;1493;Cormoret;432;BE;100%;7.052550939906513;47.17285905685948;fr;01.07.2008
Villeret;2613;00;1494;Villeret;448;BE;99.66%;7.016880545385333;47.15816170794173;fr;01.07.2008
Villeret;2613;00;1494;Cormoret;432;BE;0.34%;7.045318637413961;47.153693360592655;fr;01.07.2008
Sonvilier;2615;00;1495;Sonvilier;445;BE;100%;6.965002651803309;47.13878193883016;fr;01.07.2008
Montagne-de-Sonvilier;2615;02;1496;Sonvilier;445;BE;100%;6.958198694907329;47.12286844202535;fr;01.07.2008
Renan BE;2616;00;1497;Renan (BE);441;BE;94.48%;6.9230534006731625;47.12267080081191;fr;01.07.2008
Renan BE;2616;00;1497;La Chaux-de-Fonds;6421;NE;3.74%;6.867944701920563;47.09638686663712;fr;01.07.2008
Renan BE;2616;00;1497;Val-de-Ruz;6487;NE;1.78%;6.870637959846518;47.084652565001505;fr;01.07.2008
La Cibourg;2616;02;7960;Renan (BE);441;BE;100%;6.892280687838473;47.11888528973143;fr;01.07.2008
Tavannes;2710;00;1498;Tavannes;713;BE;99.56%;7.198735550132694;47.22150601654034;fr;01.07.2008
Tavannes;2710;00;1498;Reconvilier;703;BE;0.44%;7.185778438265479;47.23650827;fr;01.07.2008
Le Fuet;2712;00;1502;Saicourt;706;BE;85.97%;7.182043810837217;47.244145436921656;fr;01.07.2008
Le Fuet;2712;00;1502;Petit-Val;716;BE;14.03%;7.188091766;47.26127556563448;fr;01.07.2008
Bellelay;2713;00;1508;Saicourt;706;BE;100%;7.165054445510364;47.26280600418744;fr;01.07.2008
Les Genevez JU;2714;00;1509;Les Genevez (JU);6748;JU;100%;7.131093061516957;47.25666666029203;fr;01.07.2008
Le Prédame;2714;02;1503;Les Genevez (JU);6748;JU;100%;7.102758120942181;47.25400580353517;fr;01.07.2008
Châtelat;2715;01;6193;Petit-Val;716;BE;100%;7.194040413;47.27210888479534;fr;01.07.2008
Monible;2715;02;5755;Petit-Val;716;BE;100%;7.200729356626314;47.277555663370514;fr;01.07.2008
Sornetan;2716;00;1507;Petit-Val;716;BE;100%;7.217607266035327;47.27428842084198;fr;01.07.2008
Fornet-Dessous;2717;00;1504;Petit-Val;716;BE;100%;7.173583992;47.279915719308065;fr;01.07.2008
Rebévelier;2717;02;5758;Rebévelier;715;BE;100%;7.178983443625379;47.28933635227222;fr;01.07.2008
Lajoux JU;2718;00;1510;Lajoux (JU);6750;JU;98.78%;7.138870744;47.27845417003714;fr;01.07.2008
Lajoux JU;2718;00;1510;Montfaucon;6751;JU;1.22%;7.098617682139069;47.26933846534021;fr;01.07.2008
Fornet-Dessus;2718;02;1505;Lajoux (JU);6750;JU;90.14%;7.158758409772849;47.27914298019556;fr;01.07.2008
Fornet-Dessus;2718;02;1505;Saulcy;6722;JU;9.86%;7.151805925491861;47.289010839719914;fr;01.07.2008
Tramelan;2720;00;1511;Tramelan;446;BE;99.03%;7.103083064570435;47.22341581258731;fr;01.07.2008
Tramelan;2720;00;1511;Mont-Tramelan;437;BE;0.48%;7.150115142;47.236911955629076;fr;01.07.2008
Tramelan;2720;00;1511;Saicourt;706;BE;0.48%;7.151801987079489;47.24318334370442;fr;01.07.2008
La Tanne;2720;02;1512;Corgémont;431;BE;40.93%;7.131924301;47.21101185;fr;01.07.2008
La Tanne;2720;02;1512;Tramelan;446;BE;22.39%;7.119837189952106;47.21692441811262;fr;01.07.2008
La Tanne;2720;02;1512;Sonceboz-Sombeval;444;BE;19.69%;7.173105679462894;47.20896486211318;fr;01.07.2008
La Tanne;2720;02;1512;Tavannes;713;BE;16.99%;7.155439024707625;47.222423658128726;fr;01.07.2008
Les Reussilles;2722;00;1513;Tramelan;446;BE;100%;7.0799348302147225;47.22581935111394;fr;01.07.2008
Mont-Tramelan;2723;00;1514;Mont-Tramelan;437;BE;76.47%;7.057895045737906;47.207704873700045;fr;01.07.2008
Mont-Tramelan;2723;00;1514;Tramelan;446;BE;12.61%;7.074131565285533;47.21137349191404;fr;01.07.2008
Mont-Tramelan;2723;00;1514;Cortébert;433;BE;6.72%;7.094112878481002;47.20176584885504;fr;01.07.2008
Mont-Tramelan;2723;00;1514;Courtelary;434;BE;4.20%;7.036589048043455;47.20624701714533;fr;01.07.2008
Reconvilier;2732;00;1523;Reconvilier;703;BE;97.94%;7.223937818935578;47.234994029997075;fr;01.07.2008
Reconvilier;2732;00;1523;Péry-La Heutte;450;BE;2.06%;7.226189790024262;47.20681789;fr;01.07.2008
Saicourt;2732;02;1524;Saicourt;706;BE;100%;7.205913756142816;47.243557740167006;fr;01.07.2008
Saules BE;2732;03;1525;Saules (BE);707;BE;100%;7.219118051418979;47.247685332162426;fr;01.07.2008
Loveresse;2732;04;1526;Loveresse;696;BE;100%;7.236871513732249;47.24063019;fr;01.07.2008
Pontenet;2733;00;1527;Valbirse;717;BE;99.54%;7.255042976740615;47.241182439098345;fr;01.07.2008
Pontenet;2733;00;1527;Loveresse;696;BE;0.46%;7.247988966002407;47.23783390752276;fr;01.07.2008
Bévilard;2735;02;1530;Valbirse;717;BE;100%;7.284489205202869;47.23888727481083;fr;01.07.2008
Champoz;2735;03;5754;Champoz;683;BE;91.18%;7.299071796131163;47.258154443473295;fr;01.07.2008
Champoz;2735;03;5754;Court;690;BE;8.82%;7.312972944636293;47.251559550879385;fr;01.07.2008
Malleray;2735;04;6050;Valbirse;717;BE;99.90%;7.270700102118651;47.23921866;fr;01.07.2008
Malleray;2735;04;6050;Péry-La Heutte;450;BE;0.10%;7.243190047;47.21043705798752;fr;01.07.2008
Sorvilier;2736;00;1531;Sorvilier;711;BE;100%;7.305527574;47.239003643398654;fr;01.07.2008
Court;2738;00;1532;Court;690;BE;100%;7.3381184712222804;47.24105177589963;fr;01.07.2008
Moutier;2740;00;1533;Moutier;6831;JU;99.67%;7.369147736205562;47.27735900763899;fr;01.07.2008
Moutier;2740;00;1533;Roches (BE);704;BE;0.33%;7.344889781;47.295501509506664;fr;01.07.2008
Perrefitte;2742;00;1537;Perrefitte;701;BE;100%;7.3420573188218965;47.27554935;fr;01.07.2008
Eschert;2743;00;1539;Eschert;692;BE;100%;7.397762179640529;47.27629360845682;fr;01.07.2008
Belprahon;2744;00;1540;Belprahon;681;BE;100%;7.405436530800087;47.282934085931764;fr;01.07.2008
Grandval;2745;00;1542;Grandval;694;BE;100%;7.424351266373848;47.28283920053408;fr;01.07.2008
Crémines;2746;00;1543;Crémines;691;BE;100%;7.440186204;47.283820606805484;fr;01.07.2008
Corcelles BE;2747;00;1544;Corcelles (BE);687;BE;100%;7.456564107649773;47.28616692069229;fr;01.07.2008
Seehof;2747;02;1541;Seehof;709;BE;92.79%;7.524909928207664;47.30614028484445;de;01.07.2008
Seehof;2747;02;1541;Aedermannsdorf;2421;SO;7.21%;7.556863346049022;47.314530999234265;de;01.07.2008
Souboz;2748;00;1538;Petit-Val;716;BE;100%;7.242427835393741;47.27390183751763;fr;01.07.2008
Les Ecorcheresses;2748;02;8005;Petit-Val;716;BE;65.56%;7.2738356566771785;47.27999563788423;fr;01.07.2008
Les Ecorcheresses;2748;02;8005;Haute-Sorne;6729;JU;34.44%;7.245792319189811;47.28997177436888;fr;01.07.2008
Roches BE;2762;00;1545;Roches (BE);704;BE;100%;7.379309281075304;47.30244139391663;fr;01.07.2008
Delémont;2800;00;1551;Delémont;6711;JU;99.01%;7.347517590248446;47.36626244368993;fr;01.07.2008
Delémont;2800;00;1551;Courrendlin;6708;JU;0.88%;7.361450869077974;47.35289818803406;fr;01.07.2008
Delémont;2800;00;1551;Develier;6712;JU;0.11%;7.312547752110151;47.35806241421533;fr;01.07.2008
Develier;2802;00;1555;Develier;6712;JU;100%;7.295259789164565;47.35847381080827;fr;01.07.2008
Bourrignon;2803;00;1556;Bourrignon;6703;JU;99.28%;7.246585335068275;47.39597176203124;fr;01.07.2008
Bourrignon;2803;00;1556;Pleigne;6719;JU;0.72%;7.282119677;47.39748275609214;fr;01.07.2008
Soyhières;2805;00;1557;Soyhières;6724;JU;88.47%;7.372465142;47.39285765927602;fr;01.07.2008
Soyhières;2805;00;1557;Courroux;6709;JU;11.53%;7.3805629011894744;47.38835597989429;fr;01.07.2008
Mettembert;2806;00;1558;Mettembert;6716;JU;89.51%;7.3220163742701425;47.39798898;fr;01.07.2008
Mettembert;2806;00;1558;Delémont;6711;JU;6.29%;7.303049618211669;47.392004942025544;fr;01.07.2008
Mettembert;2806;00;1558;Pleigne;6719;JU;4.20%;7.296781797819229;47.39311264;fr;01.07.2008
Pleigne;2807;00;1559;Pleigne;6719;JU;100%;7.290781052753219;47.407567745965096;fr;01.07.2008
Lucelle;2807;01;1560;La Baroche;6810;JU;50%;7.242396117403833;47.42194890550256;fr;01.07.2008
Lucelle;2807;01;1560;Pleigne;6719;JU;50%;7.243353683480118;47.41743546689869;fr;01.07.2008
Movelier;2812;00;1561;Movelier;6718;JU;100%;7.315975347409821;47.40968411052431;fr;01.07.2008
Ederswiler;2813;00;1562;Ederswiler;6713;JU;81.62%;7.334068581771335;47.42573862439373;de;01.07.2008
Ederswiler;2813;00;1562;Pleigne;6719;JU;12.97%;7.314421720811552;47.43368779569351;de;01.07.2008
Ederswiler;2813;00;1562;Movelier;6718;JU;5.41%;7.339615568760864;47.41490562;de;01.07.2008
Roggenburg;2814;00;1563;Roggenburg;2790;BL;94.87%;7.340839559;47.43366842355741;de;01.07.2008
Roggenburg;2814;00;1563;Ederswiler;6713;JU;2.24%;7.3572075284322755;47.418040476427656;de;01.07.2008
Roggenburg;2814;00;1563;Kleinlützel;2619;SO;1.92%;7.380724748309979;47.42165250961575;de;01.07.2008
Roggenburg;2814;00;1563;Pleigne;6719;JU;0.96%;7.326935396816309;47.439627782314375;de;01.07.2008
Courroux;2822;00;1564;Courroux;6709;JU;100%;7.376623613537538;47.35968018399812;fr;01.07.2008
Courcelon;2823;00;1565;Courroux;6709;JU;100%;7.391790566228093;47.36246670217098;fr;01.07.2008
Vicques;2824;00;1566;Val Terbi;6730;JU;99.91%;7.412500524669879;47.349854405276886;fr;01.07.2008
Vicques;2824;00;1566;Courchapoix;6706;JU;0.09%;7.444488858492629;47.357754491346526;fr;01.07.2008
Courchapoix;2825;00;1567;Courchapoix;6706;JU;100%;7.454387338349462;47.34933496569572;fr;01.07.2008
Corban;2826;00;1568;Val Terbi;6730;JU;100%;7.47553425;47.34711770913233;fr;01.07.2008
Mervelier;2827;00;1570;Mervelier;6715;JU;100%;7.500105427818022;47.343689586125144;fr;01.07.2008
Schelten;2827;02;5756;Schelten;708;BE;75.76%;7.551597614631551;47.33250705699719;de;01.07.2008
Schelten;2827;02;5756;Beinwil (SO);2612;SO;24.24%;7.562591314948775;47.343738816366084;de;01.07.2008
Montsevelier;2828;00;1571;Val Terbi;6730;JU;100%;7.50641248;47.36077531969566;fr;01.07.2008
Vermes;2829;00;1572;Val Terbi;6730;JU;100%;7.477464062402124;47.32524279869152;fr;01.07.2008
Courrendlin;2830;00;1549;Courrendlin;6708;JU;98.71%;7.373009937814706;47.33850549826858;fr;01.07.2008
Courrendlin;2830;00;1549;Courroux;6709;JU;1.29%;7.395076319085753;47.343229165896744;fr;01.07.2008
Vellerat;2830;02;5757;Courrendlin;6708;JU;100%;7.370030899072417;47.31970548;fr;01.07.2008
Rebeuvelier;2832;00;1547;Courrendlin;6708;JU;98.99%;7.415965536459185;47.32543548136803;fr;01.07.2008
Rebeuvelier;2832;00;1547;Val Terbi;6730;JU;1.01%;7.432963334917016;47.33065445373707;fr;01.07.2008
Rossemaison;2842;00;1573;Rossemaison;6721;JU;100%;7.345104143300659;47.346149202105046;fr;01.07.2008
Châtillon JU;2843;00;1574;Châtillon (JU);6704;JU;100%;7.344116942910289;47.328411498652535;fr;01.07.2008
Courtételle;2852;00;1575;Courtételle;6710;JU;99.79%;7.317723038727125;47.34078087806962;fr;01.07.2008
Courtételle;2852;00;1575;Delémont;6711;JU;0.21%;7.32838587;47.35457098216585;fr;01.07.2008
Courfaivre;2853;00;1576;Haute-Sorne;6729;JU;99.83%;7.282888634511546;47.334253866821385;fr;01.07.2008
Courfaivre;2853;00;1576;Courtételle;6710;JU;0.17%;7.301802341591541;47.331462772415904;fr;01.07.2008
Bassecourt;2854;00;1577;Haute-Sorne;6729;JU;100%;7.2428269299303425;47.33770028713154;fr;01.07.2008
Glovelier;2855;00;1578;Haute-Sorne;6729;JU;100%;7.203265370924971;47.33460388954805;fr;01.07.2008
Boécourt;2856;00;1579;Boécourt;6702;JU;100%;7.214154555134615;47.35016798317553;fr;01.07.2008
Montavon;2857;00;1580;Boécourt;6702;JU;100%;7.231799798449167;47.369610881446285;fr;01.07.2008
Undervelier;2863;00;1582;Haute-Sorne;6729;JU;100%;7.224231691637973;47.30293054645377;fr;01.07.2008
Soulce;2864;00;1583;Haute-Sorne;6729;JU;100%;7.269900238;47.303897281695434;fr;01.07.2008
Saulcy;2873;00;1584;Saulcy;6722;JU;98.35%;7.156280880377081;47.30266662283801;fr;01.07.2008
Saulcy;2873;00;1584;Saint-Brais;6758;JU;1.65%;7.12465655;47.297403702193506;fr;01.07.2008
St-Ursanne;2882;00;1590;Clos du Doubs;6808;JU;98.97%;7.156281519;47.364773142050836;fr;01.07.2008
St-Ursanne;2882;00;1590;Saint-Brais;6758;JU;1.03%;7.109521055285763;47.320396293568315;fr;01.07.2008
Montmelon;2883;00;1592;Clos du Doubs;6808;JU;90.96%;7.17265485;47.35203120070929;fr;01.07.2008
Montmelon;2883;00;1592;Saint-Brais;6758;JU;5.42%;7.1408990093476845;47.334027494792274;fr;01.07.2008
Montmelon;2883;00;1592;Boécourt;6702;JU;3.61%;7.1937199605114355;47.35026115628958;fr;01.07.2008
Montenol;2884;00;1593;Clos du Doubs;6808;JU;100%;7.148426660714487;47.351082152882675;fr;01.07.2008
Epauvillers;2885;00;1594;Clos du Doubs;6808;JU;100%;7.114971653431656;47.335441512357065;fr;01.07.2008
Epiquerez;2886;00;1595;Clos du Doubs;6808;JU;96.12%;7.065516238;47.32761941713027;fr;01.07.2008
Epiquerez;2886;00;1595;Saint-Brais;6758;JU;3.88%;7.104858534672187;47.319330496578296;fr;01.07.2008
Soubey;2887;00;1597;Soubey;6759;JU;100%;7.046220749457108;47.30891855918148;fr;01.07.2008
Seleute;2888;00;1598;Clos du Doubs;6808;JU;100%;7.113099720950418;47.366718752898485;fr;01.07.2008
Ocourt;2889;00;1600;Clos du Doubs;6808;JU;100%;7.0727620976064856;47.35314195832029;fr;01.07.2008
Porrentruy;2900;00;1602;Porrentruy;6800;JU;99.91%;7.074079366219437;47.41579164133727;fr;01.07.2008
Porrentruy;2900;00;1602;Courtedoux;6785;JU;0.06%;7.050225454949672;47.40884207474677;fr;01.07.2008
Porrentruy;2900;00;1602;Fontenais;6790;JU;0.03%;7.076529406493266;47.40680985823225;fr;01.07.2008
Fontenais;2902;00;1607;Fontenais;6790;JU;100%;7.081107124287414;47.40328466836599;fr;01.07.2008
Villars-sur-Fontenais;2903;00;1608;Fontenais;6790;JU;100%;7.079600716652328;47.38704527611602;fr;01.07.2008
Bressaucourt;2904;00;1609;Fontenais;6790;JU;100%;7.036802074741615;47.38808213928054;fr;01.07.2008
Courtedoux;2905;00;1610;Courtedoux;6785;JU;100%;7.0406803314220285;47.40782912281973;fr;01.07.2008
Chevenez;2906;00;1611;Haute-Ajoie;6809;JU;100%;6.999811986;47.392804105597335;fr;01.07.2008
Rocourt;2907;00;1612;Haute-Ajoie;6809;JU;100%;6.957434688665443;47.39048525;fr;01.07.2008
Grandfontaine;2908;00;1613;Grandfontaine;6792;JU;100%;6.937451850436372;47.39291849640772;fr;01.07.2008
Réclère;2912;02;5978;Haute-Ajoie;6809;JU;100%;6.923154513968042;47.37573903480573;fr;01.07.2008
Roche-d'Or;2912;03;1615;Haute-Ajoie;6809;JU;100%;6.957657355021937;47.365886446270366;fr;01.07.2008
Damvant;2914;00;1616;Haute-Ajoie;6809;JU;100%;6.896551695;47.37197417064649;fr;01.07.2008
Bure;2915;00;1617;Bure;6778;JU;96.99%;7.007004262495615;47.44169718;fr;01.07.2008
Bure;2915;00;1617;Basse-Allaine;6807;JU;3.01%;7.017158324113032;47.458535862989315;fr;01.07.2008
Fahy;2916;00;1618;Fahy;6789;JU;100%;6.949321606847474;47.418603400902484;fr;01.07.2008
Courchavon;2922;00;1620;Courchavon;6783;JU;100%;7.052624703252851;47.43966436801651;fr;01.07.2008
Courtemaîche;2923;00;1621;Basse-Allaine;6807;JU;100%;7.047678030913159;47.45790584391017;fr;01.07.2008
Montignez;2924;00;1622;Basse-Allaine;6807;JU;100%;7.058773310539969;47.48631926774691;fr;01.07.2008
Buix;2925;00;1624;Basse-Allaine;6807;JU;100%;7.030181358096591;47.48091509227124;fr;01.07.2008
Boncourt;2926;00;1625;Boncourt;6774;JU;100%;7.012650129670561;47.494774512864545;fr;01.07.2008
Coeuve;2932;00;1626;Coeuve;6781;JU;100%;7.099001176912218;47.45149375447755;fr;01.07.2008
Damphreux;2933;02;5890;Damphreux-Lugnez;6811;JU;100%;7.103841047056801;47.47669136;fr;01.07.2008
Lugnez;2933;03;6054;Damphreux-Lugnez;6811;JU;100%;7.098677153524136;47.48342177800917;fr;01.07.2008
Beurnevésin;2935;00;1629;Basse-Vendline;6812;JU;100%;7.137752287616903;47.49250637043376;fr;01.07.2008
Alle;2942;00;1630;Alle;6771;JU;100%;7.128986759214411;47.42564809154611;fr;01.07.2008
Vendlincourt;2943;00;1631;Vendlincourt;6806;JU;100%;7.150314229350863;47.451948362457415;fr;01.07.2008
Bonfol;2944;00;1632;Basse-Vendline;6812;JU;100%;7.151580301425441;47.47770152463664;fr;01.07.2008
Miécourt;2946;00;1633;La Baroche;6810;JU;100%;7.1752291307559295;47.428038687153574;fr;01.07.2008
Charmoille;2947;00;1634;La Baroche;6810;JU;100%;7.207180281325466;47.42290875770207;fr;01.07.2008
Courgenay;2950;00;1601;Courgenay;6784;JU;100%;7.122907938870926;47.404854941819565;fr;01.07.2008
Courtemautruy;2950;02;7446;Courgenay;6784;JU;100%;7.138639265826698;47.39447266748071;fr;01.07.2008
Cornol;2952;00;1635;Cornol;6782;JU;100%;7.162918513249996;47.407206288271006;fr;01.07.2008
Fregiécourt;2953;02;5891;La Baroche;6810;JU;100%;7.1975677464100425;47.41221292419108;fr;01.07.2008
Pleujouse;2953;03;6055;La Baroche;6810;JU;100%;7.210621427720229;47.41164592354744;fr;01.07.2008
Asuel;2954;00;1638;La Baroche;6810;JU;100%;7.205151362;47.39913299184148;fr;01.07.2008
Bern;3004;00;1713;Bern;351;BE;100%;7.445886016534759;46.972014327222496;de;01.07.2008
Bern;3005;00;1714;Bern;351;BE;100%;7.4494940860873315;46.94075588085664;de;01.07.2008
Bern;3006;00;1715;Bern;351;BE;100%;7.468381553773062;46.943289329928874;de;01.07.2008
Bern;3007;00;1716;Bern;351;BE;99.52%;7.431540639370741;46.93957765769801;de;01.07.2008
Bern;3007;00;1716;Köniz;355;BE;0.48%;7.434627526583785;46.93350607706284;de;01.07.2008
Bern;3008;00;1717;Bern;351;BE;100%;7.417854603100085;46.94237338128092;de;01.07.2008
Bern;3010;00;1718;Bern;351;BE;100%;7.424104857438346;46.947663563395615;de;01.07.2008
Bern;3011;00;1719;Bern;351;BE;100%;7.448484024956623;46.94815000323967;de;01.07.2008
Bern;3012;00;1720;Bern;351;BE;100%;7.431682902282105;46.95455463832553;de;01.07.2008
Bern;3013;00;1721;Bern;351;BE;100%;7.450639655455189;46.9550671;de;01.07.2008
Bern;3014;00;1722;Bern;351;BE;100%;7.453886356126405;46.961966029474745;de;01.07.2008
Bern;3015;00;1723;Bern;351;BE;100%;7.480278055;46.93920190379399;de;01.07.2008
Bern;3018;00;1724;Bern;351;BE;100%;7.390642497992489;46.94070087219568;de;01.07.2008
Bern;3019;00;1725;Bern;351;BE;100%;7.350685762854031;46.935405630532856;de;01.07.2008
Bern;3020;00;1726;Bern;351;BE;84.92%;7.337161981959364;46.94098934204767;de;01.07.2008
Bern;3020;00;1726;Frauenkappelen;663;BE;15.08%;7.333288904613521;46.946940627402554;de;01.07.2008
Bern;3027;00;1727;Bern;351;BE;100%;7.3873776662433555;46.94862418629566;de;01.07.2008
Hinterkappelen;3032;00;1742;Wohlen bei Bern;360;BE;88.60%;7.379198740205505;46.96797775422382;de;01.07.2008
Hinterkappelen;3032;00;1742;Bern;351;BE;11.40%;7.384224449364193;46.96203449867291;de;01.07.2008
Wohlen b. Bern;3033;00;1743;Wohlen bei Bern;360;BE;97.27%;7.357705143826535;46.97405411796196;de;01.07.2008
Wohlen b. Bern;3033;00;1743;Frauenkappelen;663;BE;2.73%;7.357077545248617;46.96342140276687;de;01.07.2008
Murzelen;3034;00;1744;Wohlen bei Bern;360;BE;100%;7.315732522598614;46.97881983096577;de;01.07.2008
Frieswil;3035;00;1745;Seedorf (BE);312;BE;74.71%;7.2857193628959935;46.995307504463966;de;01.07.2008
Frieswil;3035;00;1745;Wohlen bei Bern;360;BE;25.29%;7.298447944272702;46.98943209;de;01.07.2008
Detligen;3036;00;1746;Radelfingen;309;BE;93.06%;7.269445954138398;46.99864867197116;de;01.07.2008
Detligen;3036;00;1746;Wohlen bei Bern;360;BE;6.94%;7.2870529558748345;46.97479138895419;de;01.07.2008
Herrenschwanden;3037;00;1747;Kirchlindach;354;BE;94.09%;7.417144849355727;46.975043663406595;de;01.07.2008
Herrenschwanden;3037;00;1747;Bern;351;BE;4.20%;7.429183418935982;46.97240981449374;de;01.07.2008
Herrenschwanden;3037;00;1747;Wohlen bei Bern;360;BE;1.71%;7.408625464740388;46.97024666309774;de;01.07.2008
Kirchlindach;3038;00;1748;Kirchlindach;354;BE;100%;7.417305067039213;47.000643782931284;de;01.07.2008
Ortschwaben;3042;00;1750;Meikirch;307;BE;95.47%;7.398809785;46.99496278944255;de;01.07.2008
Ortschwaben;3042;00;1750;Kirchlindach;354;BE;2.13%;7.408936853539678;46.98799473819379;de;01.07.2008
Ortschwaben;3042;00;1750;Wohlen bei Bern;360;BE;2.40%;7.388028769772102;46.995570112986236;de;01.07.2008
Uettligen;3043;00;1751;Wohlen bei Bern;360;BE;100%;7.382529385439324;46.986905217666056;de;01.07.2008
Innerberg;3044;02;5633;Wohlen bei Bern;360;BE;100%;7.309371588610992;46.99496802242905;de;01.07.2008
Meikirch;3045;00;1753;Meikirch;307;BE;94.83%;7.366409288904593;47.009446766632465;de;01.07.2008
Meikirch;3045;00;1753;Wohlen bei Bern;360;BE;5.18%;7.3812139200569025;46.99988449101786;de;01.07.2008
Wahlendorf;3046;00;1754;Meikirch;307;BE;100%;7.337274546096708;47.00598834153342;de;01.07.2008
Bremgarten b. Bern;3047;00;1755;Bremgarten bei Bern;353;BE;100%;7.434899551172758;46.97643101569344;de;01.07.2008
Worblaufen;3048;00;1756;Ittigen;362;BE;81.73%;7.462749652632218;46.97993686893218;de;01.07.2008
Worblaufen;3048;00;1756;Bern;351;BE;18.27%;7.468580987211019;46.97209178634765;de;01.07.2008
Säriswil;3049;00;1752;Wohlen bei Bern;360;BE;100%;7.337259947412076;46.992963424561786;de;01.07.2008
Zollikofen;3052;00;1757;Zollikofen;361;BE;94.09%;7.451765775686987;46.996786406019666;de;01.07.2008
Zollikofen;3052;00;1757;Münchenbuchsee;546;BE;5.91%;7.462786203505709;47.00367494;de;01.07.2008
Münchenbuchsee;3053;00;1761;Münchenbuchsee;546;BE;98.85%;7.447588534209605;47.02093855230771;de;01.07.2008
Münchenbuchsee;3053;00;1761;Schüpfen;311;BE;0.88%;7.423935568388778;47.03275725191874;de;01.07.2008
Münchenbuchsee;3053;00;1761;Moosseedorf;544;BE;0.27%;7.462423290565638;47.01602525441296;de;01.07.2008
Deisswil b. Münchenbuchsee;3053;02;5908;Deisswil bei Münchenbuchsee;535;BE;100%;7.456524025150921;47.03500582650166;de;01.07.2008
Diemerswil;3053;03;5909;Münchenbuchsee;546;BE;100%;7.426017864128289;47.01842840813362;de;01.07.2008
Wiggiswil;3053;04;5913;Wiggiswil;553;BE;100%;7.468862481012212;47.03039788258381;de;01.07.2008
Lätti;3053;05;8347;Rapperswil (BE);310;BE;100%;7.432380975;47.038946672730745;de;01.07.2008
Schüpfen;3054;00;1762;Schüpfen;311;BE;100%;7.375852776920973;47.04139382702735;de;01.07.2008
Ittigen;3063;00;1763;Ittigen;362;BE;99.01%;7.482185998315433;46.97688194108919;de;01.07.2008
Ittigen;3063;00;1763;Ostermundigen;363;BE;0.64%;7.486398190489788;46.96939634;de;01.07.2008
Ittigen;3063;00;1763;Bern;351;BE;0.35%;7.471824787514445;46.96860979954878;de;01.07.2008
Bolligen;3065;00;1764;Bolligen;352;BE;98.92%;7.498350510415018;46.97625412474916;de;01.07.2008
Bolligen;3065;00;1764;Ostermundigen;363;BE;1.09%;7.492896769060487;46.96661651375405;de;01.07.2008
Stettlen;3066;00;1767;Stettlen;358;BE;85.07%;7.526276793660567;46.95931652;de;01.07.2008
Stettlen;3066;00;1767;Bolligen;352;BE;12.10%;7.533097778310416;46.968171379554754;de;01.07.2008
Stettlen;3066;00;1767;Ostermundigen;363;BE;2.76%;7.511719564;46.959191684255885;de;01.07.2008
Stettlen;3066;00;1767;Vechigen;359;BE;0.08%;7.549154964416189;46.974471737248805;de;01.07.2008
Boll;3067;00;1768;Vechigen;359;BE;99.76%;7.546396594800057;46.95537762287351;de;01.07.2008
Boll;3067;00;1768;Stettlen;358;BE;0.24%;7.534151411939831;46.96208079411297;de;01.07.2008
Utzigen;3068;00;1769;Vechigen;359;BE;99.26%;7.568492268114437;46.96040117155373;de;01.07.2008
Utzigen;3068;00;1769;Worb;627;BE;0.41%;7.591690891132765;46.94977638;de;01.07.2008
Utzigen;3068;00;1769;Walkringen;626;BE;0.33%;7.607168966034752;46.95949656044552;de;01.07.2008
Ostermundigen;3072;00;1770;Ostermundigen;363;BE;98.70%;7.490117162416309;46.95563217502076;de;01.07.2008
Ostermundigen;3072;00;1770;Bern;351;BE;1.31%;7.483057905750109;46.966222372706866;de;01.07.2008
Gümligen;3073;00;1774;Muri bei Bern;356;BE;99.06%;7.505316589400904;46.9338831;de;01.07.2008
Gümligen;3073;00;1774;Bern;351;BE;0.58%;7.4925707050558055;46.93916089286922;de;01.07.2008
Gümligen;3073;00;1774;Ostermundigen;363;BE;0.31%;7.509448033645151;46.95014395;de;01.07.2008
Gümligen;3073;00;1774;Allmendingen;630;BE;0.05%;7.515405755351798;46.92731035753579;de;01.07.2008
Muri b. Bern;3074;00;1775;Muri bei Bern;356;BE;100%;7.487046007;46.929259602612376;de;01.07.2008
Rüfenacht BE;3075;00;1776;Worb;627;BE;100%;7.535290426419473;46.93032684251676;de;01.07.2008
Vielbringen b. Worb;3075;02;9267;Worb;627;BE;100%;7.547434858643312;46.91635545722952;de;01.05.2012
Worb;3076;00;1777;Worb;627;BE;95.62%;7.567761073;46.92929661447296;de;01.07.2008
Worb;3076;00;1777;Vechigen;359;BE;3.55%;7.538002431;46.94131667962532;de;01.07.2008
Worb;3076;00;1777;Muri bei Bern;356;BE;0.70%;7.517673583115117;46.942816558582436;de;01.07.2008
Worb;3076;00;1777;Stettlen;358;BE;0.12%;7.522481826926134;46.94356877355055;de;01.07.2008
Enggistein;3077;00;1781;Worb;627;BE;100%;7.597485304979081;46.93242578239231;de;01.07.2008
Richigen;3078;00;1782;Worb;627;BE;100%;7.582227772401683;46.91810742428253;de;01.07.2008
Schlosswil;3082;00;1783;Grosshöchstetten;608;BE;75.56%;7.615141764184848;46.910649572928314;de;01.07.2008
Schlosswil;3082;00;1783;Worb;627;BE;24.44%;7.6105582251499495;46.91812257105572;de;01.07.2008
Trimstein;3083;00;1784;Münsingen;616;BE;100%;7.578961051300161;46.90376403156398;de;01.07.2008
Wabern;3084;00;1785;Köniz;355;BE;96.82%;7.454941082725212;46.92871071108517;de;01.07.2008
Wabern;3084;00;1785;Bern;351;BE;3.18%;7.447535860363147;46.93184179607012;de;01.07.2008
Zimmerwald;3086;00;1788;Wald (BE);888;BE;91.93%;7.473372152711501;46.880033496541444;de;01.07.2008
Zimmerwald;3086;00;1788;Belp;861;BE;5.98%;7.484144419630525;46.88216168625176;de;01.07.2008
Zimmerwald;3086;00;1788;Niedermuhlern;877;BE;1.11%;7.468813839;46.86880863748183;de;01.07.2008
Zimmerwald;3086;00;1788;Oberbalm;357;BE;0.97%;7.439945541918116;46.878419338727234;de;01.07.2008
Englisberg;3086;02;5927;Wald (BE);888;BE;100%;7.464314862269522;46.89692892;de;01.07.2008
Niedermuhlern;3087;00;1790;Niedermuhlern;877;BE;83.37%;7.462002206;46.85821371394219;de;01.07.2008
Niedermuhlern;3087;00;1790;Wald (BE);888;BE;13.79%;7.445493272295865;46.86624856338139;de;01.07.2008
Niedermuhlern;3087;00;1790;Rüeggisberg;880;BE;2.84%;7.434438553964411;46.84993112;de;01.07.2008
Rüeggisberg;3088;00;1792;Rüeggisberg;880;BE;100%;7.438713317073162;46.82261239853944;de;01.07.2008
Oberbütschel;3088;02;1786;Rüeggisberg;880;BE;100%;7.455820243;46.83988230142874;de;01.07.2008
Hinterfultigen;3089;00;1793;Rüeggisberg;880;BE;100%;7.407829169441179;46.838421799671494;de;01.07.2008
Spiegel b. Bern;3095;00;1728;Köniz;355;BE;100%;7.434208088826766;46.925707215837456;de;01.07.2008
Oberbalm;3096;00;1794;Oberbalm;357;BE;99.71%;7.405425721648536;46.866270599247045;de;01.07.2008
Oberbalm;3096;00;1794;Wald (BE);888;BE;0.29%;7.4364301786084495;46.872302503609625;de;01.07.2008
Liebefeld;3097;00;1795;Köniz;355;BE;99.57%;7.417701907030454;46.930319791548065;de;01.07.2008
Liebefeld;3097;00;1795;Bern;351;BE;0.44%;7.424029946503957;46.93419776;de;01.07.2008
Köniz;3098;00;1796;Köniz;355;BE;100%;7.414580253419697;46.92272719529295;de;01.07.2008
Schliern b. Köniz;3098;01;1797;Köniz;355;BE;100%;7.414940353568791;46.91049376827566;de;01.07.2008
Rüti b. Riggisberg;3099;00;1798;Riggisberg;879;BE;95.31%;7.459339129214421;46.783966564625864;de;01.07.2008
Rüti b. Riggisberg;3099;00;1798;Rüeggisberg;880;BE;3.95%;7.450042844954822;46.72386933791894;de;01.07.2008
Rüti b. Riggisberg;3099;00;1798;Rüschegg;853;BE;0.74%;7.439656728140184;46.72942001437601;de;01.07.2008
Münsingen;3110;00;1799;Münsingen;616;BE;100%;7.559417496595653;46.873858895468736;de;01.07.2008
Tägertschi;3111;00;2055;Münsingen;616;BE;100%;7.584216104611398;46.87644784505916;de;01.07.2008
Allmendingen b. Bern;3112;00;1800;Allmendingen;630;BE;96.56%;7.521099660965792;46.91559466485007;de;01.07.2008
Allmendingen b. Bern;3112;00;1800;Rubigen;623;BE;3.44%;7.533125489106123;46.90867712312084;de;01.07.2008
Rubigen;3113;00;5491;Rubigen;623;BE;98.89%;7.543710605086418;46.89809855816471;de;01.07.2008
Rubigen;3113;00;5491;Worb;627;BE;1.12%;7.558859224;46.911936451702516;de;01.07.2008
Wichtrach;3114;00;1803;Wichtrach;632;BE;99.50%;7.573969555171869;46.84437405510258;de;01.07.2008
Wichtrach;3114;00;1803;Kiesen;611;BE;0.50%;7.578134299963309;46.827448830013765;de;01.07.2008
Gerzensee;3115;00;1804;Gerzensee;866;BE;96.21%;7.543913622008549;46.84043850830375;de;01.07.2008
Gerzensee;3115;00;1804;Belp;861;BE;2.24%;7.540395179649112;46.865646553761906;de;01.07.2008
Gerzensee;3115;00;1804;Kirchdorf (BE);872;BE;1.54%;7.528919390103539;46.83422063684935;de;01.07.2008
Kirchdorf BE;3116;00;1807;Kirchdorf (BE);872;BE;100%;7.547765906741667;46.819988494329046;de;01.07.2008
Mühledorf BE;3116;02;5931;Kirchdorf (BE);872;BE;100%;7.537783241715585;46.828642051024815;de;01.07.2008
Noflen BE;3116;03;5932;Kirchdorf (BE);872;BE;100%;7.545091383509611;46.80596721290329;de;01.07.2008
Kehrsatz;3122;00;1813;Kehrsatz;870;BE;98.79%;7.468889689854926;46.91171602;de;01.07.2008
Kehrsatz;3122;00;1813;Belp;861;BE;1.21%;7.479826674612493;46.897680117304645;de;01.07.2008
Belp;3123;00;1814;Belp;861;BE;99.70%;7.501788070715483;46.891958292865965;de;01.07.2008
Belp;3123;00;1814;Kehrsatz;870;BE;0.18%;7.481641987155179;46.903211542257445;de;01.07.2008
Belp;3123;00;1814;Toffen;884;BE;0.12%;7.494069520537063;46.87604959262622;de;01.07.2008
Belpberg;3124;00;1815;Belp;861;BE;100%;7.525302361102052;46.867430942060786;de;01.07.2008
Toffen;3125;00;1816;Toffen;884;BE;92.33%;7.492807604238155;46.86016449662924;de;01.07.2008
Toffen;3125;00;1816;Belp;861;BE;6.65%;7.505502098791558;46.86034678173661;de;01.07.2008
Toffen;3125;00;1816;Kirchdorf (BE);872;BE;1.02%;7.506065577012608;46.85566145979781;de;01.07.2008
Kaufdorf;3126;00;1817;Kaufdorf;869;BE;100%;7.498055482284332;46.838168374641235;de;01.07.2008
Gelterfingen;3126;02;1862;Kirchdorf (BE);872;BE;100%;7.518823325384524;46.84080948207737;de;01.07.2008
Mühlethurnen;3127;00;1819;Thurnen;889;BE;100%;7.510032049336277;46.814593800068074;de;01.07.2008
Lohnstorf;3127;02;5930;Thurnen;889;BE;100%;7.509499395503076;46.80801851309519;de;01.07.2008
Kirchenthurnen;3128;00;1822;Thurnen;889;BE;100%;7.502468895866923;46.82338668052057;de;01.07.2008
Rümligen;3128;02;5933;Riggisberg;879;BE;100%;7.495149026064007;46.82900357390152;de;01.07.2008
Riggisberg;3132;00;1823;Riggisberg;879;BE;99.38%;7.477783145232425;46.81053424086481;de;01.07.2008
Riggisberg;3132;00;1823;Rüeggisberg;880;BE;0.62%;7.475779875011576;46.82086758367296;de;01.07.2008
Gasel;3144;00;1831;Köniz;355;BE;100%;7.401285019;46.89781571446688;de;01.07.2008
Niederscherli;3145;00;1832;Köniz;355;BE;99.77%;7.391061542012005;46.883923148727106;de;01.07.2008
Niederscherli;3145;00;1832;Oberbalm;357;BE;0.23%;7.387651913211511;46.882374464036026;de;01.07.2008
Mittelhäusern;3147;00;1833;Köniz;355;BE;98.10%;7.367852222632395;46.87450188;de;01.07.2008
Mittelhäusern;3147;00;1833;Oberbalm;357;BE;1.90%;7.387101359244977;46.85502852001394;de;01.07.2008
Lanzenhäusern;3148;00;1834;Schwarzenburg;855;BE;100%;7.357653711106916;46.84418983203392;de;01.07.2008
Schwarzenburg;3150;00;1835;Schwarzenburg;855;BE;99.70%;7.342218688443369;46.81771341026382;de;01.07.2008
Schwarzenburg;3150;00;1835;Guggisberg;852;BE;0.30%;7.346108503397139;46.79619972026568;de;01.07.2008
Mamishaus;3152;00;1836;Schwarzenburg;855;BE;99.71%;7.376381489081269;46.81619922;de;01.07.2008
Mamishaus;3152;00;1836;Rüschegg;853;BE;0.29%;7.398716900159094;46.80625152338798;de;01.07.2008
Rüschegg Gambach;3153;00;1837;Rüschegg;853;BE;100%;7.379268921286635;46.77689994410685;de;01.07.2008
Rüschegg Heubach;3154;00;1838;Rüschegg;853;BE;88.82%;7.404877923342823;46.78025689;de;01.07.2008
Rüschegg Heubach;3154;00;1838;Rüeggisberg;880;BE;9.29%;7.420037768;46.790002510580166;de;01.07.2008
Rüschegg Heubach;3154;00;1838;Schwarzenburg;855;BE;1.89%;7.400527574350843;46.80243811842388;de;01.07.2008
Helgisried-Rohrbach;3155;00;1840;Rüeggisberg;880;BE;100%;7.422375058449928;46.812041560536734;de;01.07.2008
Riffenmatt;3156;00;1841;Guggisberg;852;BE;78.29%;7.346318502435847;46.76570546603146;de;01.07.2008
Riffenmatt;3156;00;1841;Rüschegg;853;BE;21.71%;7.383880995825251;46.74856671018828;de;01.07.2008
Milken;3157;00;1843;Schwarzenburg;855;BE;81.67%;7.361998173919185;46.79524012247753;de;01.07.2008
Milken;3157;00;1843;Guggisberg;852;BE;16.94%;7.349832392297937;46.78596594998894;de;01.07.2008
Milken;3157;00;1843;Rüschegg;853;BE;1.39%;7.364132775851683;46.78417703459009;de;01.07.2008
Guggisberg;3158;00;1844;Guggisberg;852;BE;100%;7.319504742983261;46.76141656;de;01.07.2008
Riedstätt;3159;00;1846;Guggisberg;852;BE;100%;7.325854534146894;46.78565672495269;de;01.07.2008
Niederwangen b. Bern;3172;00;1847;Köniz;355;BE;99.65%;7.376134575962167;46.92561779186748;de;01.07.2008
Niederwangen b. Bern;3172;00;1847;Bern;351;BE;0.35%;7.3810397621732955;46.930567771342886;de;01.07.2008
Oberwangen b. Bern;3173;00;1848;Köniz;355;BE;100%;7.359490697241771;46.913571743984924;de;01.07.2008
Thörishaus;3174;00;1849;Köniz;355;BE;58.67%;7.355523554396974;46.898582820893544;de;01.07.2008
Thörishaus;3174;00;1849;Neuenegg;670;BE;41.33%;7.345821274304288;46.893447980968304;de;01.07.2008
Flamatt;3175;00;1850;Wünnewil-Flamatt;2309;FR;99.88%;7.319138286;46.89021168237112;de;01.07.2008
Flamatt;3175;00;1850;Ueberstorf;2308;FR;0.12%;7.312689035;46.887497130484576;de;01.07.2008
Neuenegg;3176;00;1851;Neuenegg;670;BE;100%;7.305726103;46.89638551702637;de;01.07.2008
Laupen BE;3177;00;1852;Laupen;667;BE;97.30%;7.239564915195259;46.90592289362813;de;01.07.2008
Laupen BE;3177;00;1852;Neuenegg;670;BE;2.01%;7.256568765189012;46.91162736885338;de;01.07.2008
Laupen BE;3177;00;1852;Ferenbalm;662;BE;0.69%;7.232370435855504;46.92003264733844;de;01.07.2008
Bösingen;3178;00;1853;Bösingen;2295;FR;100%;7.230988595651108;46.89384490663985;de;01.07.2008
Kriechenwil;3179;00;1854;Kriechenwil;666;BE;98.49%;7.222219426395251;46.910946593190296;de;01.07.2008
Kriechenwil;3179;00;1854;Gurmels;2262;FR;1.51%;7.206412904;46.91754498265345;de;01.07.2008
Ueberstorf;3182;00;1856;Ueberstorf;2308;FR;99.26%;7.320642236;46.868750501057555;de;01.07.2008
Ueberstorf;3182;00;1856;Tafers;2306;FR;0.63%;7.2864769928086615;46.854227386771925;de;01.07.2008
Ueberstorf;3182;00;1856;Schmitten (FR);2305;FR;0.11%;7.2828313940982845;46.85433938409137;de;01.07.2008
Albligen;3183;00;1857;Schwarzenburg;855;BE;100%;7.319301558097437;46.85243160043877;de;01.07.2008
Wünnewil;3184;00;1858;Wünnewil-Flamatt;2309;FR;99.47%;7.276612907117847;46.87269012997683;de;01.07.2008
Wünnewil;3184;00;1858;Bösingen;2295;FR;0.53%;7.270523792990486;46.89027608502465;de;01.07.2008
Schmitten FR;3185;00;5489;Schmitten (FR);2305;FR;97.40%;7.247559344839528;46.85415962934429;de;01.07.2008
Schmitten FR;3185;00;5489;Bösingen;2295;FR;1.86%;7.241833883425888;46.86714811939217;de;01.07.2008
Schmitten FR;3185;00;5489;Tafers;2306;FR;0.56%;7.267507783661439;46.844602374011316;de;01.07.2008
Schmitten FR;3185;00;5489;Wünnewil-Flamatt;2309;FR;0.19%;7.261476188853285;46.863850259706375;de;01.07.2008
Düdingen;3186;00;1861;Düdingen;2293;FR;100%;7.191623973597294;46.84791712445489;de;01.07.2008
Frauenkappelen;3202;00;1863;Frauenkappelen;663;BE;89.03%;7.3369397876958224;46.95416708812557;de;01.07.2008
Frauenkappelen;3202;00;1863;Mühleberg;668;BE;10.97%;7.2986534141972585;46.95124790583078;de;01.07.2008
Mühleberg;3203;00;1864;Mühleberg;668;BE;100%;7.268137887;46.959526827123916;de;01.07.2008
Rosshäusern;3204;00;1866;Mühleberg;668;BE;75.38%;7.2847329006120205;46.93625291865521;de;01.07.2008
Rosshäusern;3204;00;1866;Neuenegg;670;BE;24.62%;7.272468338582251;46.91898282294735;de;01.07.2008
Gümmenen;3205;00;1867;Mühleberg;668;BE;76.83%;7.254870341786824;46.94365666091274;de;01.07.2008
Gümmenen;3205;00;1867;Ferenbalm;662;BE;21.27%;7.236498438798167;46.94285195531581;de;01.07.2008
Gümmenen;3205;00;1867;Gurmels;2262;FR;1.90%;7.233916388813891;46.93458973250336;de;01.07.2008
Rizenbach;3206;00;1869;Ferenbalm;662;BE;100%;7.226565665219795;46.943697444362506;de;01.07.2008
Ferenbalm;3206;01;9061;Ferenbalm;662;BE;100%;7.2147573599522765;46.95636710395462;de;01.07.2008
Wallenbuch;3206;02;5955;Gurmels;2262;FR;100%;7.224443295115031;46.929238144722156;de;01.07.2008
Biberen;3206;03;9062;Ferenbalm;662;BE;100%;7.211845852564319;46.939702214574574;de;01.07.2008
Gammen;3206;04;9063;Ferenbalm;662;BE;100%;7.227326967360488;46.92056311834621;de;01.07.2008
Wileroltigen;3207;00;1871;Wileroltigen;671;BE;92.65%;7.238968196998913;46.970831354967714;de;01.07.2008
Wileroltigen;3207;00;1871;Ferenbalm;662;BE;6.07%;7.235965885810854;46.95860160788689;de;01.07.2008
Wileroltigen;3207;00;1871;Kerzers;2265;FR;1.28%;7.2291190983631965;46.97918817925667;de;01.07.2008
Golaten;3207;02;5922;Kallnach;304;BE;96.25%;7.239986036093804;46.986889485535016;de;01.07.2008
Golaten;3207;02;5922;Kerzers;2265;FR;3.75%;7.230588906962325;46.983130747807344;de;01.07.2008
Gurbrü;3208;00;1872;Gurbrü;665;BE;100%;7.215630326898807;46.964401521933205;de;01.07.2008
Kerzers;3210;00;1874;Kerzers;2265;FR;98.93%;7.198674605094488;46.97448669180478;de;01.07.2008
Kerzers;3210;00;1874;Ried bei Kerzers;2276;FR;0.51%;7.194143967796196;46.96514007140621;de;01.07.2008
Kerzers;3210;00;1874;Gurbrü;665;BE;0.56%;7.1957718119665754;46.96257092293189;de;01.07.2008
Gurmels;3212;00;1885;Gurmels;2262;FR;100%;7.175071554241947;46.891867226353796;de;01.07.2008
Kleingurmels;3212;02;5953;Gurmels;2262;FR;97.53%;7.184472211789312;46.88517808;de;01.07.2008
Kleingurmels;3212;02;5953;Courtepin;2254;FR;2.47%;7.185129949608981;46.88204017852851;de;01.07.2008
Liebistorf;3213;00;1883;Gurmels;2262;FR;100%;7.1918649196916205;46.906630129133454;de;01.07.2008
Kleinbösingen;3213;02;5952;Kleinbösingen;2266;FR;100%;7.196640766991573;46.88960328449767;de;01.07.2008
Ulmiz;3214;00;1882;Gurmels;2262;FR;100%;7.198766921104531;46.933414762914396;de;01.07.2008
Gempenach;3215;00;1881;Murten;2275;FR;100%;7.195882885;46.94100063786155;de;01.07.2008
Büchslen;3215;02;5950;Murten;2275;FR;100%;7.180272820154036;46.945212091522514;de;01.07.2008
Lurtigen;3215;03;5954;Murten;2275;FR;100%;7.1724618878808295;46.92851694806976;de;01.07.2008
Ried b. Kerzers;3216;00;1880;Ried bei Kerzers;2276;FR;100%;7.186100691255716;46.957179788104575;de;01.07.2008
Agriswil;3216;02;5948;Ried bei Kerzers;2276;FR;100%;7.197871920843997;46.95429079364086;de;01.07.2008
Müntschemier;3225;00;1886;Müntschemier;498;BE;100%;7.143926921602849;46.99566804576062;de;01.07.2008
Treiten;3226;00;1887;Treiten;500;BE;93.51%;7.161147000517049;47.008844090714256;de;01.07.2008
Treiten;3226;00;1887;Kallnach;304;BE;6.49%;7.178001287013294;47.00166969870865;de;01.07.2008
Ins;3232;00;1888;Ins;496;BE;99.70%;7.1047284084057765;47.00519403451106;de;01.07.2008
Ins;3232;00;1888;Erlach;492;BE;0.30%;7.094099496474628;47.02420522538371;de;01.07.2008
Tschugg;3233;00;1893;Tschugg;501;BE;99.35%;7.075709526468501;47.02620822368951;de;01.07.2008
Tschugg;3233;00;1893;Erlach;492;BE;0.65%;7.0924848839566845;47.03207420412164;de;01.07.2008
Vinelz;3234;00;1894;Vinelz;502;BE;100%;7.111735360022949;47.03344102750326;de;01.07.2008
Erlach;3235;00;1895;Erlach;492;BE;91.90%;7.096982708811271;47.04234803494397;de;01.07.2008
Erlach;3235;00;1895;Twann-Tüscherz;756;BE;5.84%;7.128272351143364;47.05846645118965;de;01.07.2008
Erlach;3235;00;1895;Gals;494;BE;2.26%;7.082795924712315;47.04064068413327;de;01.07.2008
Gampelen;3236;00;1896;Gampelen;495;BE;90.55%;7.055693946805953;47.01253327122488;de;01.07.2008
Gampelen;3236;00;1896;Ins;496;BE;8.37%;7.0605216005677995;46.986328339720004;de;01.07.2008
Gampelen;3236;00;1896;Mont-Vully;2284;FR;0.95%;7.0728220514883615;46.97140931768355;de;01.07.2008
Gampelen;3236;00;1896;Laténa;6513;NE;0.14%;7.038193185701894;46.980142453456395;de;01.07.2008
Brüttelen;3237;00;1481;Brüttelen;491;BE;100%;7.147055659;47.022238717148774;de;01.07.2008
Gals;3238;00;1329;Gals;494;BE;100%;7.047069845452969;47.02647356245397;de;01.07.2008
Lyss;3250;00;1897;Lyss;306;BE;99.06%;7.307388524554636;47.07413111871328;de;01.07.2008
Lyss;3250;00;1897;Kappelen;305;BE;0.91%;7.292414202494303;47.070874701199706;de;01.07.2008
Lyss;3250;00;1897;Aarberg;301;BE;0.03%;7.307383368377073;47.05451313160613;de;01.07.2008
Wengi b. Büren;3251;00;1901;Wengi;394;BE;99.53%;7.391761724205115;47.084946257545994;de;01.07.2008
Wengi b. Büren;3251;00;1901;Rapperswil (BE);310;BE;0.47%;7.412194484023827;47.079579764196914;de;01.07.2008
Ruppoldsried;3251;02;5911;Rapperswil (BE);310;BE;100%;7.425276039702014;47.087491899505004;de;01.07.2008
Worben;3252;00;1902;Worben;755;BE;97.19%;7.296373132301063;47.101876300867794;de;01.07.2008
Worben;3252;00;1902;Kappelen;305;BE;2.81%;7.292648400767053;47.09108667477871;de;01.07.2008
Schnottwil;3253;00;1903;Schnottwil;2461;SO;100%;7.390763940816504;47.11048239;de;01.07.2008
Messen;3254;00;1905;Messen;2457;SO;92.42%;7.445689349243321;47.09150436664157;de;01.07.2008
Messen;3254;00;1905;Rapperswil (BE);310;BE;7.58%;7.436166820611184;47.09475164416182;de;01.07.2008
Balm b. Messen;3254;02;5957;Messen;2457;SO;100%;7.431068057559468;47.103827241256425;de;01.07.2008
Rapperswil BE;3255;00;1906;Rapperswil (BE);310;BE;100%;7.407471308955094;47.06462312653538;de;01.07.2008
Dieterswil;3256;00;1908;Rapperswil (BE);310;BE;100%;7.427719786715287;47.054210814709684;de;01.07.2008
Bangerten b. Dieterswil;3256;02;5907;Rapperswil (BE);310;BE;100%;7.446685627283984;47.05617211693755;de;01.07.2008
Seewil;3256;03;8348;Rapperswil (BE);310;BE;100%;7.408231556760553;47.04770375796433;de;01.07.2008
Grossaffoltern;3257;00;1909;Grossaffoltern;303;BE;99.71%;7.360248036;47.06741561964638;de;01.07.2008
Grossaffoltern;3257;00;1909;Wengi;394;BE;0.29%;7.383891134053619;47.080670110887795;de;01.07.2008
Ammerzwil BE;3257;01;1910;Grossaffoltern;303;BE;100%;7.3416144825641805;47.070459514324504;de;01.07.2008
Suberg;3262;00;1911;Grossaffoltern;303;BE;100%;7.339465109;47.05819749781287;de;01.07.2008
Büetigen;3263;00;1912;Büetigen;382;BE;100%;7.341010941016198;47.1051075;de;01.07.2008
Diessbach b. Büren;3264;00;1913;Diessbach bei Büren;385;BE;100%;7.360556799121782;47.107982989453724;de;01.07.2008
Wiler b. Seedorf;3266;00;1914;Seedorf (BE);312;BE;100%;7.319296354452241;47.04823864175892;de;01.07.2008
Seedorf BE;3267;00;1915;Seedorf (BE);312;BE;99.68%;7.314544552192488;47.03177265218824;de;01.07.2008
Seedorf BE;3267;00;1915;Aarberg;301;BE;0.32%;7.296027765331129;47.039081926359245;de;01.07.2008
Lobsigen;3268;00;1916;Seedorf (BE);312;BE;100%;7.296002000866272;47.02414111522113;de;01.07.2008
Aarberg;3270;00;1917;Aarberg;301;BE;99.82%;7.275786384200297;47.04496454187202;de;01.07.2008
Aarberg;3270;00;1917;Seedorf (BE);312;BE;0.18%;7.276275840227111;47.03116684344214;de;01.07.2008
Radelfingen b. Aarberg;3271;00;1918;Radelfingen;309;BE;100%;7.274041918082121;47.02181776804186;de;01.07.2008
Walperswil;3272;00;1920;Walperswil;754;BE;100%;7.228655907971259;47.06024206808486;de;01.07.2008
Epsach;3272;02;5924;Epsach;735;BE;100%;7.217761938152001;47.068586882919824;de;01.07.2008
Kappelen;3273;00;1921;Kappelen;305;BE;98.69%;7.26686326;47.06167318955202;de;01.07.2008
Kappelen;3273;00;1921;Aarberg;301;BE;1.31%;7.273171448850777;47.056474404433345;de;01.07.2008
Hermrigen;3274;00;1924;Hermrigen;737;BE;100%;7.243635541572662;47.08177565210684;de;01.07.2008
Bühl b. Aarberg;3274;02;5923;Bühl;734;BE;100%;7.243875795182262;47.070082586525366;de;01.07.2008
Merzligen;3274;03;5925;Merzligen;741;BE;100%;7.249272716801081;47.088855177286675;de;01.07.2008
Murten;3280;00;1927;Murten;2275;FR;96.32%;7.1201106977806985;46.92616095115449;de;01.07.2008
Murten;3280;00;1927;Courgevaux;2250;FR;3.50%;7.108456491;46.91677271572305;de;01.07.2008
Murten;3280;00;1927;Meyriez;2271;FR;0.18%;7.111914710411602;46.92446465;de;01.07.2008
Meyriez;3280;02;1928;Meyriez;2271;FR;100%;7.106857870282114;46.922651004485495;de;01.07.2008
Greng;3280;04;5951;Greng;2261;FR;95.80%;7.0897776659608525;46.914432326220094;de;01.07.2008
Greng;3280;04;5951;Murten;2275;FR;4.20%;7.0973184323448395;46.91559753665237;de;01.07.2008
Bargen BE;3282;00;1929;Bargen (BE);302;BE;100%;7.261765921942633;47.03882703542458;de;01.07.2008
Kallnach;3283;00;1931;Kallnach;304;BE;98.45%;7.234847825576392;47.020953912939966;de;01.07.2008
Kallnach;3283;00;1931;Bargen (BE);302;BE;1.55%;7.230673818799266;47.035590362201226;de;01.07.2008
Niederried b. Kallnach;3283;02;5895;Kallnach;304;BE;100%;7.2477359002974495;47.01052390912352;de;01.07.2008
Fräschels;3284;00;1932;Fräschels;2258;FR;100%;7.208473256757828;46.99705773128049;de;01.07.2008
Galmiz;3285;00;1933;Murten;2275;FR;100%;7.1568863837961585;46.94895272067219;de;01.07.2008
Muntelier;3286;00;1934;Muntelier;2274;FR;100%;7.127765503779768;46.93748012555024;de;01.07.2008
Busswil BE;3292;00;1935;Lyss;306;BE;100%;7.324027093677957;47.100234408511795;de;01.09.2011
Dotzigen;3293;00;1936;Dotzigen;386;BE;100%;7.3408395966305635;47.119436207178445;de;01.07.2008
Büren an der Aare;3294;00;1938;Büren an der Aare;383;BE;99.50%;7.372676709646492;47.14020128829732;de;01.07.2008
Büren an der Aare;3294;00;1938;Dotzigen;386;BE;0.50%;7.356165636630405;47.135917941303305;de;01.07.2008
Meienried;3294;02;5897;Meienried;389;BE;100%;7.338575566288578;47.13906101142073;de;01.07.2008
Rüti b. Büren;3295;00;1940;Rüti bei Büren;393;BE;100%;7.405612802;47.15142328465922;de;01.07.2008
Arch;3296;00;1941;Arch;381;BE;100%;7.428789599353599;47.166296178939255;de;01.07.2008
Leuzigen;3297;00;1942;Leuzigen;388;BE;100%;7.457372910994748;47.17461546346617;de;01.07.2008
Oberwil b. Büren;3298;00;1943;Oberwil bei Büren;391;BE;100%;7.407195413475048;47.12903562140835;de;01.07.2008
Moosseedorf;3302;00;1944;Moosseedorf;544;BE;100%;7.483767119423729;47.01369828784807;de;01.07.2008
Jegenstorf;3303;00;1946;Jegenstorf;540;BE;100%;7.505591689408261;47.050864288473065;de;01.07.2008
Münchringen;3303;02;5910;Jegenstorf;540;BE;100%;7.5206251922743945;47.044881965504125;de;01.07.2008
Zuzwil BE;3303;03;1968;Zuzwil (BE);557;BE;100%;7.471269615500131;47.05209322838906;de;01.07.2008
Ballmoos;3303;04;5906;Jegenstorf;540;BE;100%;7.473473555444042;47.040884816631355;de;01.07.2008
Iffwil;3305;00;1969;Iffwil;541;BE;100%;7.478661632993965;47.06410825285577;de;01.07.2008
Scheunen;3305;02;5912;Jegenstorf;540;BE;100%;7.457166675;47.068934864697326;de;01.07.2008
Etzelkofen;3306;00;1970;Fraubrunnen;538;BE;100%;7.478387697117402;47.08574121607889;de;01.07.2008
Brunnenthal;3307;00;1971;Messen;2457;SO;100%;7.468182090471669;47.08665270064371;de;01.07.2008
Grafenried;3308;00;1948;Fraubrunnen;538;BE;100%;7.508561892733117;47.078360189901375;de;01.07.2008
Kernenried;3309;00;1972;Kernenried;411;BE;100%;7.548776057841121;47.07243727508342;de;01.07.2008
Zauggenried;3309;02;5914;Fraubrunnen;538;BE;100%;7.541537962573044;47.07409001262394;de;01.07.2008
Fraubrunnen;3312;00;1949;Fraubrunnen;538;BE;100%;7.525678253829738;47.08581443280128;de;01.07.2008
Büren zum Hof;3313;00;1950;Fraubrunnen;538;BE;100%;7.514404935853062;47.09488022869443;de;01.07.2008
Schalunen;3314;00;1951;Fraubrunnen;538;BE;89.87%;7.526851316099603;47.110675493715874;de;01.07.2008
Schalunen;3314;00;1951;Bätterkinden;533;BE;10.14%;7.530295154793514;47.11367711785909;de;01.07.2008
Bätterkinden;3315;00;1952;Bätterkinden;533;BE;100%;7.538074927191816;47.13121070336213;de;01.07.2008
Kräiligen;3315;01;1953;Bätterkinden;533;BE;100%;7.532844005797742;47.14729783023196;de;01.07.2008
Limpach;3317;00;1973;Fraubrunnen;538;BE;100%;7.4953735301415065;47.10874320816223;de;01.07.2008
Mülchi;3317;01;1974;Fraubrunnen;538;BE;100%;7.4778058256826405;47.10078991397137;de;01.07.2008
Urtenen-Schönbühl;3322;00;1956;Urtenen-Schönbühl;551;BE;94.77%;7.499848003181404;47.02241617;de;01.07.2008
Urtenen-Schönbühl;3322;00;1956;Moosseedorf;544;BE;5.11%;7.498022169814771;47.01265747393901;de;01.07.2008
Urtenen-Schönbühl;3322;00;1956;Mattstetten;543;BE;0.13%;7.514115186126346;47.01919654921878;de;01.07.2008
Mattstetten;3322;01;1957;Mattstetten;543;BE;100%;7.512827828023051;47.03000943159525;de;01.07.2008
Bäriswil BE;3323;00;1958;Bäriswil;403;BE;100%;7.528189424614618;47.019636288589915;de;01.07.2008
Hindelbank;3324;00;1960;Hindelbank;409;BE;99.29%;7.5411531503835265;47.04473969;de;01.07.2008
Hindelbank;3324;00;1960;Lyssach;415;BE;0.71%;7.557257698002708;47.055734197132544;de;01.07.2008
Mötschwil;3324;02;5900;Hindelbank;409;BE;100%;7.568389425744517;47.048948996333166;de;01.07.2008
Hettiswil b. Hindelbank;3325;00;1962;Krauchthal;414;BE;93.43%;7.5559938374507585;47.031349976460625;de;01.07.2008
Hettiswil b. Hindelbank;3325;00;1962;Hindelbank;409;BE;6.57%;7.573920255143532;47.039875666415846;de;01.07.2008
Krauchthal;3326;00;1963;Krauchthal;414;BE;98.85%;7.561952167991281;47.00774971;de;01.07.2008
Krauchthal;3326;00;1963;Bolligen;352;BE;1.15%;7.535803593027607;46.99688158444395;de;01.07.2008
Herzogenbuchsee;3360;00;1975;Herzogenbuchsee;979;BE;99.96%;7.7063999890641615;47.18904072540848;de;01.07.2008
Herzogenbuchsee;3360;00;1975;Thörigen;989;BE;0.04%;7.7164754456921045;47.18292744227622;de;01.07.2008
Niederönz;3362;00;1988;Niederönz;982;BE;100%;7.691319162;47.18638528692775;de;01.07.2008
Oberönz;3363;00;1989;Herzogenbuchsee;979;BE;100%;7.694394852637444;47.181161541824075;de;01.07.2008
Grasswil;3365;00;1992;Seeberg;988;BE;99.81%;7.669602711266648;47.14366944210846;de;01.07.2008
Grasswil;3365;00;1992;Aeschi (SO);2511;SO;0.19%;7.688326426368913;47.152859157198186;de;01.07.2008
Seeberg;3365;02;1991;Seeberg;988;BE;100%;7.666108304290703;47.15593635353819;de;01.07.2008
Bettenhausen;3366;00;1995;Bettenhausen;973;BE;100%;7.713127203789062;47.17316710425143;de;01.07.2008
Bollodingen;3366;02;5939;Bettenhausen;973;BE;100%;7.710725706553134;47.16781188344051;de;01.07.2008
Thörigen;3367;00;1997;Thörigen;989;BE;100%;7.727681667616941;47.17410299620352;de;01.07.2008
Ochlenberg;3367;02;5940;Ochlenberg;985;BE;100%;7.741720941545524;47.15381057906652;de;01.07.2008
Bleienbach;3368;00;1998;Bleienbach;324;BE;98.53%;7.756339830618402;47.18423673175788;de;01.07.2008
Bleienbach;3368;00;1998;Lotzwil;331;BE;1.47%;7.764146734045686;47.19015153198501;de;01.07.2008
Wanzwil;3372;00;1984;Heimenhausen;977;BE;100%;7.692493841776456;47.20041452985638;de;01.07.2008
Röthenbach Herzogenbuchsee;3373;00;1986;Heimenhausen;977;BE;100%;7.681874315085584;47.20430512191516;de;01.07.2008
Heimenhausen;3373;02;1985;Heimenhausen;977;BE;100%;7.699440010176262;47.209438755697526;de;01.07.2008
Wangenried;3374;00;1987;Wangen an der Aare;992;BE;100%;7.656447383876021;47.21890029694805;de;01.07.2008
Inkwil;3375;00;2753;Inkwil;980;BE;100%;7.672350172858209;47.199422657957065;de;01.07.2008
Graben;3376;00;1983;Graben;976;BE;100%;7.721748331881182;47.21958622;de;01.07.2008
Berken;3376;02;5938;Berken;972;BE;100%;7.709009921;47.22516647864311;de;01.07.2008
Walliswil b. Wangen;3377;00;2838;Walliswil bei Wangen;991;BE;100%;7.681913386;47.23038067000697;de;01.07.2008
Wangen an der Aare;3380;00;2837;Wangen an der Aare;992;BE;94.59%;7.652224776405378;47.23267901514785;de;01.07.2008
Wangen an der Aare;3380;00;2837;Wiedlisbach;995;BE;5.41%;7.655708635866872;47.23861798826204;de;01.07.2008
Walliswil b. Niederbipp;3380;02;5686;Walliswil bei Niederbipp;990;BE;100%;7.690867263427159;47.23619900801049;de;01.07.2008
Burgdorf;3400;00;1999;Burgdorf;404;BE;95.23%;7.6197554623512245;47.057380110486825;de;01.07.2008
Burgdorf;3400;00;1999;Kirchberg (BE);412;BE;4.77%;7.6235422502735295;47.06773635;de;01.07.2008
Heimiswil;3412;00;2005;Heimiswil;407;BE;100%;7.659460751203221;47.05933476423291;de;01.07.2008
Kaltacker;3413;00;2006;Heimiswil;407;BE;95.05%;7.669481655136938;47.07562307197619;de;01.07.2008
Kaltacker;3413;00;2006;Affoltern im Emmental;951;BE;3.89%;7.699996432570129;47.077158998243405;de;01.07.2008
Kaltacker;3413;00;2006;Burgdorf;404;BE;1.06%;7.647506645159185;47.068900754347155;de;01.07.2008
Oberburg;3414;00;2007;Oberburg;418;BE;80.96%;7.622609473470658;47.033619705220566;de;01.07.2008
Oberburg;3414;00;2007;Burgdorf;404;BE;15.76%;7.629760584442528;47.03935590791437;de;01.07.2008
Oberburg;3414;00;2007;Lützelflüh;955;BE;3.28%;7.591682425618278;46.99779251385261;de;01.07.2008
Hasle b. Burgdorf;3415;01;6259;Hasle bei Burgdorf;406;BE;100%;7.649088013399425;47.015440304612895;de;01.07.2008
Schafhausen im Emmental;3415;02;2070;Hasle bei Burgdorf;406;BE;99.65%;7.650668181639233;46.99254483323999;de;01.07.2008
Schafhausen im Emmental;3415;02;2070;Walkringen;626;BE;0.35%;7.637084814850966;46.98227968799029;de;01.07.2008
Rüegsauschachen;3415;03;6258;Rüegsau;956;BE;87.17%;7.660410704025471;47.018360449217404;de;01.07.2008
Rüegsauschachen;3415;03;6258;Lützelflüh;955;BE;10.82%;7.665273451390713;47.01434815963193;de;01.07.2008
Rüegsauschachen;3415;03;6258;Heimiswil;407;BE;2.01%;7.649340603421435;47.02958011514099;de;01.07.2008
Affoltern im Emmental;3416;00;2009;Affoltern im Emmental;951;BE;92.09%;7.7308375874944275;47.06574214905796;de;01.07.2008
Affoltern im Emmental;3416;00;2009;Heimiswil;407;BE;3.45%;7.716954793102159;47.07952992773069;de;01.07.2008
Affoltern im Emmental;3416;00;2009;Sumiswald;957;BE;3.45%;7.729615170158412;47.05149708946352;de;01.07.2008
Affoltern im Emmental;3416;00;2009;Rüegsau;956;BE;1.01%;7.711104060594375;47.065700591586584;de;01.07.2008
Rüegsau;3417;00;2010;Rüegsau;956;BE;100%;7.672672288;47.02517244544498;de;01.07.2008
Rüegsbach;3418;00;2011;Rüegsau;956;BE;86.81%;7.696849;47.04141983384452;de;01.07.2008
Rüegsbach;3418;00;2011;Heimiswil;407;BE;11.46%;7.695262041169894;47.05630119914178;de;01.07.2008
Rüegsbach;3418;00;2011;Lützelflüh;955;BE;1.39%;7.714905685;47.044652114844816;de;01.07.2008
Rüegsbach;3418;00;2011;Affoltern im Emmental;951;BE;0.35%;7.716737920264931;47.05543277728636;de;01.07.2008
Biembach im Emmental;3419;00;2012;Hasle bei Burgdorf;406;BE;87.27%;7.625041796785281;46.99893073771754;de;01.07.2008
Biembach im Emmental;3419;00;2012;Lützelflüh;955;BE;12.73%;7.601718373035854;46.990528687146586;de;01.07.2008
Lyssach;3421;00;2014;Lyssach;415;BE;89.23%;7.581058607867352;47.06736482913325;de;01.07.2008
Lyssach;3421;00;2014;Oberburg;418;BE;9.60%;7.593582015912828;47.050375134318486;de;01.07.2008
Lyssach;3421;00;2014;Hindelbank;409;BE;1.17%;7.578092643098892;47.05057478321857;de;01.07.2008
Rüti b. Lyssach;3421;02;5903;Rüti bei Lyssach;422;BE;100%;7.580632975805386;47.05570784;de;01.07.2008
Kirchberg BE;3422;00;2015;Kirchberg (BE);412;BE;99.70%;7.586480012086967;47.08568076712005;de;01.07.2008
Kirchberg BE;3422;00;2015;Ersigen;405;BE;0.30%;7.588501577683323;47.09282014784465;de;01.07.2008
Rüdtligen;3422;01;2016;Rüdtligen-Alchenflüh;420;BE;100%;7.565277839325549;47.09136375963186;de;01.07.2008
Alchenflüh;3422;02;2017;Rüdtligen-Alchenflüh;420;BE;99.76%;7.578126813113387;47.08415301646489;de;01.07.2008
Alchenflüh;3422;02;2017;Lyssach;415;BE;0.24%;7.575461894296111;47.07806670726321;de;01.07.2008
Ersigen;3423;00;2018;Ersigen;405;BE;100%;7.600568740322639;47.09368536462065;de;01.07.2008
Niederösch;3424;00;2020;Ersigen;405;BE;100%;7.614054621594665;47.11752018391217;de;01.07.2008
Oberösch;3424;02;5901;Ersigen;405;BE;100%;7.609715739080553;47.10808204547844;de;01.07.2008
Koppigen;3425;00;2022;Koppigen;413;BE;99.92%;7.603635967989344;47.13183739146087;de;01.07.2008
Koppigen;3425;00;2022;Ersigen;405;BE;0.08%;7.609163039539009;47.124112829341954;de;01.07.2008
Willadingen;3425;02;5904;Willadingen;423;BE;100%;7.6132075624915405;47.14480289486692;de;01.07.2008
Aefligen;3426;00;2024;Aefligen;401;BE;100%;7.557040453554734;47.09472759222393;de;01.07.2008
Utzenstorf;3427;00;2025;Utzenstorf;552;BE;99.58%;7.555048220726207;47.12981868584686;de;01.07.2008
Utzenstorf;3427;00;2025;Wiler bei Utzenstorf;554;BE;0.42%;7.555905231495796;47.14208678791086;de;01.07.2008
Wiler b. Utzenstorf;3428;00;2026;Wiler bei Utzenstorf;554;BE;100%;7.557232128806226;47.15198873450925;de;01.07.2008
Höchstetten;3429;02;5899;Höchstetten;410;BE;100%;7.632516682;47.14340488;de;01.07.2008
Hellsau;3429;03;5898;Hellsau;408;BE;100%;7.647976901595023;47.14578850475664;de;01.07.2008
Lützelflüh-Goldbach;3432;00;2027;Lützelflüh;955;BE;71.19%;7.688341839370091;47.00591697006898;de;01.07.2008
Lützelflüh-Goldbach;3432;00;2027;Hasle bei Burgdorf;406;BE;28.64%;7.6759227236881635;47.001598605967175;de;01.07.2008
Lützelflüh-Goldbach;3432;00;2027;Rüderswil;905;BE;0.17%;7.6864129145956674;46.99159713648397;de;01.07.2008
Schwanden im Emmental;3433;00;2028;Rüderswil;905;BE;82.41%;7.697779827355071;46.98061972170576;de;01.07.2008
Schwanden im Emmental;3433;00;2028;Lützelflüh;955;BE;12.31%;7.679489097252336;46.975838074509525;de;01.07.2008
Schwanden im Emmental;3433;00;2028;Hasle bei Burgdorf;406;BE;5.28%;7.683015909;46.98556340463548;de;01.07.2008
Obergoldbach;3434;00;2029;Landiswil;613;BE;89.06%;7.668131207426527;46.959705949994536;de;01.07.2008
Obergoldbach;3434;00;2029;Lützelflüh;955;BE;10.94%;7.664464326468569;46.96566802550475;de;01.07.2008
Landiswil;3434;01;9113;Landiswil;613;BE;99.36%;7.686989980818328;46.955160160312424;de;01.07.2010
Landiswil;3434;01;9113;Lauperswil;903;BE;0.64%;7.703200184163499;46.95226350846938;de;01.07.2010
Ramsei;3435;00;2030;Lützelflüh;955;BE;100%;7.709303911762186;46.99838559984853;de;01.07.2008
Zollbrück;3436;00;2031;Lauperswil;903;BE;65.72%;7.752468563332184;46.969158445761416;de;01.07.2008
Zollbrück;3436;00;2031;Rüderswil;905;BE;34.28%;7.741776324446668;46.97691403527533;de;01.07.2008
Rüderswil;3437;00;2032;Rüderswil;905;BE;100%;7.720666311726905;46.98384909385152;de;01.07.2008
Lauperswil;3438;00;2033;Lauperswil;903;BE;88.54%;7.737279554476164;46.96233558;de;01.07.2008
Lauperswil;3438;00;2033;Rüderswil;905;BE;11.46%;7.7173674295749795;46.96359996836203;de;01.07.2008
Ranflüh;3439;00;2034;Lützelflüh;955;BE;51.55%;7.743592191099147;46.99122057114909;de;01.07.2008
Ranflüh;3439;00;2034;Rüderswil;905;BE;48.45%;7.745476403159998;46.98506285344668;de;01.07.2008
Grünenmatt;3452;00;2035;Lützelflüh;955;BE;100%;7.725089506455389;47.00981616770231;de;01.07.2008
Heimisbach;3453;00;2036;Trachselwald;958;BE;98.54%;7.775189296934408;47.01127257050182;de;01.07.2008
Heimisbach;3453;00;2036;Rüderswil;905;BE;0.98%;7.776308997331215;46.99145167558591;de;01.07.2008
Heimisbach;3453;00;2036;Lützelflüh;955;BE;0.49%;7.746153655131819;47.00467051117473;de;01.07.2008
Sumiswald;3454;00;2037;Sumiswald;957;BE;92.93%;7.749667434017746;47.03246500335268;de;01.07.2008
Sumiswald;3454;00;2037;Rüegsau;956;BE;3.31%;7.722962938167271;47.040404805893886;de;01.07.2008
Sumiswald;3454;00;2037;Lützelflüh;955;BE;3.76%;7.7158494027497175;47.038821038068875;de;01.07.2008
Grünen;3455;00;2040;Sumiswald;957;BE;100%;7.739637194040552;47.024477046861044;de;01.07.2008
Trachselwald;3456;00;2041;Trachselwald;958;BE;76.19%;7.7414729363259465;47.01643058847747;de;01.07.2008
Trachselwald;3456;00;2041;Lützelflüh;955;BE;23.81%;7.736169631177451;47.01589573;de;01.07.2008
Wasen im Emmental;3457;00;2042;Sumiswald;957;BE;99.88%;7.803396619299082;47.04205783902043;de;01.07.2008
Wasen im Emmental;3457;00;2042;Wyssachen;960;BE;0.12%;7.817903355028858;47.05622177547156;de;01.07.2008
Weier im Emmental;3462;00;2043;Affoltern im Emmental;951;BE;65.07%;7.750233871198743;47.062102252135816;de;01.07.2008
Weier im Emmental;3462;00;2043;Sumiswald;957;BE;34.93%;7.772957475221987;47.05843145595642;de;01.07.2008
Häusernmoos im Emmental;3463;00;2045;Affoltern im Emmental;951;BE;55.44%;7.745969790383904;47.07836774300241;de;01.07.2008
Häusernmoos im Emmental;3463;00;2045;Dürrenroth;952;BE;38.41%;7.760511531016967;47.079182529102006;de;01.07.2008
Häusernmoos im Emmental;3463;00;2045;Walterswil (BE);959;BE;6.16%;7.7616043572337645;47.09449796752018;de;01.07.2008
Schmidigen-Mühleweg;3464;00;2046;Walterswil (BE);959;BE;41.74%;7.746918154483938;47.09448425183731;de;01.07.2008
Schmidigen-Mühleweg;3464;00;2046;Wynigen;424;BE;31.82%;7.730262431464492;47.095607028321965;de;01.07.2008
Schmidigen-Mühleweg;3464;00;2046;Dürrenroth;952;BE;25.62%;7.748409593331985;47.08816576404917;de;01.07.2008
Schmidigen-Mühleweg;3464;00;2046;Affoltern im Emmental;951;BE;0.83%;7.745252959489307;47.086582097980326;de;01.07.2008
Dürrenroth;3465;00;2047;Dürrenroth;952;BE;100%;7.789408441511175;47.0863121;de;01.07.2008
Wynigen;3472;00;2049;Wynigen;424;BE;98.12%;7.673804563058902;47.10368762333838;de;01.07.2008
Wynigen;3472;00;2049;Heimiswil;407;BE;1.07%;7.71595432;47.08736891028527;de;01.07.2008
Wynigen;3472;00;2049;Burgdorf;404;BE;0.82%;7.645174394728516;47.082091605104814;de;01.07.2008
Rumendingen;3472;02;5902;Rumendingen;421;BE;92.98%;7.642678566045366;47.10454744;de;01.07.2008
Rumendingen;3472;02;5902;Ersigen;405;BE;7.02%;7.6301668121104775;47.105495368473825;de;01.07.2008
Alchenstorf;3473;00;2050;Alchenstorf;402;BE;100%;7.6370852740694914;47.12391423949369;de;01.07.2008
Rüedisbach;3474;00;2051;Wynigen;424;BE;97.85%;7.699004789750425;47.119806343574574;de;01.07.2008
Rüedisbach;3474;00;2051;Seeberg;988;BE;2.15%;7.696179796708089;47.13525693133546;de;01.07.2008
Riedtwil;3475;00;2052;Seeberg;988;BE;100%;7.696053787665312;47.14196739040771;de;01.07.2008
Hermiswil;3475;01;2053;Seeberg;988;BE;100%;7.697820280158432;47.15288319230551;de;01.07.2008
Oschwand;3476;00;2054;Ochlenberg;985;BE;70.30%;7.721091491615146;47.14254741637186;de;01.07.2008
Oschwand;3476;00;2054;Seeberg;988;BE;27.66%;7.7170696004776405;47.12710397374852;de;01.07.2008
Oschwand;3476;00;2054;Thörigen;989;BE;2.04%;7.7216140257391155;47.159141652912574;de;01.07.2008
Gysenstein;3503;00;2056;Konolfingen;612;BE;100%;7.592121837111352;46.893402681740945;de;01.07.2008
Niederhünigen;3504;00;2058;Niederhünigen;617;BE;100%;7.639075459499488;46.87650921186365;de;01.07.2008
Oberhünigen;3504;02;5921;Oberhünigen;629;BE;100%;7.6585385343710595;46.87875840593525;de;01.07.2008
Grosshöchstetten;3506;00;2059;Grosshöchstetten;608;BE;95.12%;7.638409622175941;46.905745063895544;de;01.07.2008
Grosshöchstetten;3506;00;2059;Oberthal;620;BE;4.35%;7.647888188538046;46.9097131;de;01.07.2008
Grosshöchstetten;3506;00;2059;Mirchel;615;BE;0.27%;7.6403795113286135;46.89902215314712;de;01.07.2008
Grosshöchstetten;3506;00;2059;Zäziwil;628;BE;0.27%;7.649245388700388;46.90432245521053;de;01.07.2008
Biglen;3507;00;2060;Biglen;603;BE;96.70%;7.627472324195092;46.927091288725904;de;01.07.2008
Biglen;3507;00;2060;Arni (BE);602;BE;3.30%;7.631980249228244;46.93879253243354;de;01.07.2008
Arni BE;3508;00;2061;Arni (BE);602;BE;94.42%;7.657221583359523;46.93582692721856;de;01.07.2008
Arni BE;3508;00;2061;Oberthal;620;BE;4.68%;7.654621358319278;46.922707787894744;de;01.07.2008
Arni BE;3508;00;2061;Landiswil;613;BE;0.91%;7.679293966388748;46.94392351499865;de;01.07.2008
Konolfingen;3510;00;2065;Konolfingen;612;BE;100%;7.621118594549179;46.88086587354912;de;01.07.2008
Freimettigen;3510;08;5915;Freimettigen;607;BE;100%;7.627946957100485;46.867739666255574;de;01.07.2008
Häutligen;3510;09;5916;Häutligen;609;BE;90.35%;7.604045593870483;46.857728778853776;de;01.07.2008
Häutligen;3510;09;5916;Wichtrach;632;BE;9.65%;7.604402722805374;46.85017218595332;de;01.07.2008
Walkringen;3512;00;2068;Walkringen;626;BE;100%;7.616151407903191;46.946269126497846;de;01.07.2008
Bigenthal;3513;00;2069;Walkringen;626;BE;98.40%;7.629213612129183;46.970292368981916;de;01.07.2008
Bigenthal;3513;00;2069;Vechigen;359;BE;0.89%;7.613286653965831;46.970218683835405;de;01.07.2008
Bigenthal;3513;00;2069;Hasle bei Burgdorf;406;BE;0.71%;7.617963255930551;46.98161735229636;de;01.07.2008
Oberthal;3531;00;2078;Oberthal;620;BE;97.62%;7.678943829221632;46.91841373486149;de;01.07.2008
Oberthal;3531;00;2078;Bowil;605;BE;1.10%;7.691901203743918;46.905758687538295;de;01.07.2008
Oberthal;3531;00;2078;Zäziwil;628;BE;1.28%;7.665651833257079;46.90756548997973;de;01.07.2008
Zäziwil;3532;00;2080;Zäziwil;628;BE;99.68%;7.661249188;46.89984716057343;de;01.07.2008
Zäziwil;3532;00;2080;Oberhünigen;629;BE;0.32%;7.679908337463871;46.881638965279635;de;01.07.2008
Mirchel;3532;02;5918;Mirchel;615;BE;99.46%;7.648010712218736;46.89392616605045;de;01.07.2008
Mirchel;3532;02;5918;Oberhünigen;629;BE;0.54%;7.656966412059061;46.882521445395305;de;01.07.2008
Bowil;3533;00;2081;Bowil;605;BE;97.09%;7.698043935694443;46.896288757087085;de;01.07.2008
Bowil;3533;00;2081;Röthenbach im Emmental;904;BE;2.01%;7.7203014648847486;46.883966678778904;de;01.07.2008
Bowil;3533;00;2081;Oberhünigen;629;BE;0.67%;7.685945115990604;46.87633686855127;de;01.07.2008
Bowil;3533;00;2081;Zäziwil;628;BE;0.22%;7.684215573562235;46.88254735386156;de;01.07.2008
Signau;3534;00;2082;Signau;907;BE;90.95%;7.7279938176435445;46.91652855;de;01.07.2008
Signau;3534;00;2082;Bowil;605;BE;9.05%;7.720142780396628;46.90383771869135;de;01.07.2008
Schüpbach;3535;00;2083;Signau;907;BE;98.19%;7.741355666;46.92781914612002;de;01.07.2008
Schüpbach;3535;00;2083;Langnau im Emmental;902;BE;1.81%;7.757168685;46.932912660959715;de;01.07.2008
Aeschau;3536;00;2085;Eggiwil;901;BE;100%;7.774101606578002;46.904367303424046;de;01.07.2008
Eggiwil;3537;00;2086;Eggiwil;901;BE;98.66%;7.797226474266105;46.870681683131366;de;01.07.2008
Eggiwil;3537;00;2086;Röthenbach im Emmental;904;BE;0.79%;7.7942862643438335;46.826622326302704;de;01.07.2008
Eggiwil;3537;00;2086;Trubschachen;909;BE;0.37%;7.830450123123738;46.88501052291649;de;01.07.2008
Eggiwil;3537;00;2086;Trub;908;BE;0.18%;7.865865412224487;46.88716881851708;de;01.07.2008
Röthenbach im Emmental;3538;00;2087;Röthenbach im Emmental;904;BE;97.81%;7.738817065460418;46.861035549115556;de;01.07.2008
Röthenbach im Emmental;3538;00;2087;Bowil;605;BE;1.58%;7.712433991459836;46.86674165977381;de;01.07.2008
Röthenbach im Emmental;3538;00;2087;Linden;614;BE;0.61%;7.712530924499318;46.865167242047825;de;01.07.2008
Emmenmatt;3543;00;2088;Lauperswil;903;BE;90.11%;7.739608800678891;46.94653388;de;01.07.2008
Emmenmatt;3543;00;2088;Signau;907;BE;5.62%;7.751405645903805;46.949057005355584;de;01.07.2008
Emmenmatt;3543;00;2088;Langnau im Emmental;902;BE;4.27%;7.752429744793789;46.94897325437059;de;01.07.2008
Langnau im Emmental;3550;00;2091;Langnau im Emmental;902;BE;96.27%;7.786398102655479;46.94074367296984;de;01.07.2008
Langnau im Emmental;3550;00;2091;Lauperswil;903;BE;3.35%;7.757420771656029;46.95110037630252;de;01.07.2008
Langnau im Emmental;3550;00;2091;Eggiwil;901;BE;0.38%;7.793952018274775;46.911197955881526;de;01.07.2008
Oberfrittenbach;3551;00;2092;Langnau im Emmental;902;BE;94.14%;7.792085372087993;46.96880949271148;de;01.07.2008
Oberfrittenbach;3551;00;2092;Trachselwald;958;BE;3.91%;7.806308184794744;46.99841269495252;de;01.07.2008
Oberfrittenbach;3551;00;2092;Lauperswil;903;BE;1.95%;7.794691875;46.98143073731717;de;01.07.2008
Bärau;3552;00;2093;Langnau im Emmental;902;BE;99.36%;7.812798717532155;46.933446416566156;de;01.07.2008
Bärau;3552;00;2093;Trub;908;BE;0.65%;7.842574277009736;46.94991480559678;de;01.07.2008
Gohl;3553;00;2094;Langnau im Emmental;902;BE;100%;7.816149657263095;46.96561154986874;de;01.07.2008
Trubschachen;3555;00;2095;Trubschachen;909;BE;75.16%;7.8424781128343035;46.921346025130404;de;01.07.2008
Trubschachen;3555;00;2095;Trub;908;BE;22.36%;7.871513235;46.90913235423295;de;01.07.2008
Trubschachen;3555;00;2095;Langnau im Emmental;902;BE;1.33%;7.824942282522376;46.923808174054294;de;01.07.2008
Trubschachen;3555;00;2095;Escholzmatt-Marbach;1010;LU;1.15%;7.876955227689326;46.89235327145656;de;01.07.2008
Trub;3556;00;2096;Trub;908;BE;99.09%;7.874745618;46.95168605842582;de;01.07.2008
Trub;3556;00;2096;Trubschachen;909;BE;0.91%;7.851792950941671;46.93244007738123;de;01.07.2008
Fankhaus (Trub);3557;00;2097;Trub;908;BE;100%;7.917806291164321;46.972248524683856;de;01.07.2008
Thun;3600;00;2098;Thun;942;BE;99.96%;7.625890362250106;46.75492286804217;de;01.07.2008
Thun;3600;00;2098;Hilterfingen;929;BE;0.04%;7.638926486789826;46.747884372823236;de;01.07.2008
Thun;3603;00;2106;Thun;942;BE;99.89%;7.600099140860658;46.76568464120709;de;01.07.2008
Thun;3603;00;2106;Uetendorf;944;BE;0.12%;7.601983060976117;46.770610157574026;de;01.07.2008
Thun;3604;00;2107;Thun;942;BE;100%;7.619939591194002;46.74060266533138;de;01.07.2008
Thun;3608;00;2111;Thun;942;BE;100%;7.594860206678057;46.742087839404356;de;01.07.2008
Steffisburg;3612;00;2127;Steffisburg;939;BE;99.75%;7.633004002649405;46.77865899711497;de;01.07.2008
Steffisburg;3612;00;2127;Thun;942;BE;0.21%;7.640838372296846;46.765736994886446;de;01.07.2008
Steffisburg;3612;00;2127;Fahrni;925;BE;0.05%;7.65296715;46.78391273162377;de;01.07.2008
Steffisburg;3613;00;2128;Steffisburg;939;BE;85.50%;7.617445634;46.76994974;de;01.07.2008
Steffisburg;3613;00;2128;Heimberg;928;BE;14.50%;7.608040306291051;46.77244675445749;de;01.07.2008
Unterlangenegg;3614;00;2129;Unterlangenegg;945;BE;91.53%;7.693398268;46.796216698735904;de;01.07.2008
Unterlangenegg;3614;00;2129;Buchholterberg;923;BE;8.47%;7.688031184962324;46.80543981797135;de;01.07.2008
Heimenschwand;3615;00;2131;Buchholterberg;923;BE;98.14%;7.691958559;46.821604950449114;de;01.07.2008
Heimenschwand;3615;00;2131;Röthenbach im Emmental;904;BE;1.27%;7.713448510898722;46.83932135265649;de;01.07.2008
Heimenschwand;3615;00;2131;Linden;614;BE;0.59%;7.676279814403175;46.83223508442773;de;01.07.2008
Schwarzenegg;3616;00;2132;Oberlangenegg;935;BE;61.83%;7.729136436097415;46.79727406997868;de;01.07.2008
Schwarzenegg;3616;00;2132;Unterlangenegg;945;BE;37.98%;7.711820060559218;46.79728968961375;de;01.07.2008
Schwarzenegg;3616;00;2132;Eriz;924;BE;0.19%;7.7301714035056746;46.78274378557834;de;01.07.2008
Fahrni b. Thun;3617;00;2115;Fahrni;925;BE;90.26%;7.653814305595039;46.79606396182133;de;01.07.2008
Fahrni b. Thun;3617;00;2115;Steffisburg;939;BE;9.74%;7.660848311655322;46.78973575882377;de;01.07.2008
Süderen;3618;00;2116;Röthenbach im Emmental;904;BE;47.34%;7.765106492560839;46.82344387;de;01.07.2008
Süderen;3618;00;2116;Wachseldorn;946;BE;37.74%;7.735465643227941;46.81918870741083;de;01.07.2008
Süderen;3618;00;2116;Oberlangenegg;935;BE;11.84%;7.7555367696136654;46.80953681757366;de;01.07.2008
Süderen;3618;00;2116;Eggiwil;901;BE;1.72%;7.812403661106209;46.816003966428724;de;01.07.2008
Süderen;3618;00;2116;Buchholterberg;923;BE;1.37%;7.718465340107592;46.81834093815656;de;01.07.2008
Eriz;3619;00;2117;Eriz;924;BE;78.67%;7.777389657951999;46.78854181880317;de;01.07.2008
Eriz;3619;00;2117;Horrenbach-Buchen;932;BE;19.80%;7.795549773113886;46.77789893806334;de;01.07.2008
Eriz;3619;00;2117;Sigriswil;938;BE;1.53%;7.782730783964586;46.7612476;de;01.07.2008
Homberg b. Thun;3622;00;2119;Homberg;931;BE;100%;7.679070977535904;46.77613385801275;de;01.07.2008
Teuffenthal b. Thun;3623;00;2134;Teuffenthal (BE);940;BE;73.59%;7.714015791266384;46.77063990403572;de;01.07.2008
Teuffenthal b. Thun;3623;00;2134;Sigriswil;938;BE;26.41%;7.747647233;46.77021223451584;de;01.07.2008
Horrenbach;3623;02;5935;Horrenbach-Buchen;932;BE;100%;7.745476277638654;46.77754039292084;de;01.07.2008
Buchen BE;3623;03;8093;Horrenbach-Buchen;932;BE;100%;7.706378565348575;46.78031014307053;de;01.07.2008
Goldiwil (Thun);3624;00;2136;Thun;942;BE;100%;7.665384334;46.76270456656256;de;01.07.2008
Schwendibach;3624;02;5936;Steffisburg;939;BE;100%;7.6615984516688025;46.771554525160546;de;01.07.2008
Heiligenschwendi;3625;00;2137;Heiligenschwendi;927;BE;99.31%;7.675383185165408;46.750261599012596;de;01.07.2008
Heiligenschwendi;3625;00;2137;Hilterfingen;929;BE;0.69%;7.655572495976113;46.75110142923193;de;01.07.2008
Hünibach;3626;00;2138;Hilterfingen;929;BE;73.13%;7.648694456590374;46.74588787970294;de;01.07.2008
Hünibach;3626;00;2138;Thun;942;BE;26.87%;7.646328425745898;46.749967139492746;de;01.07.2008
Heimberg;3627;00;2139;Heimberg;928;BE;98.46%;7.603708796;46.790335960005876;de;01.07.2008
Heimberg;3627;00;2139;Steffisburg;939;BE;1.54%;7.609006550014607;46.78826827059486;de;01.07.2008
Uttigen;3628;00;1812;Uttigen;885;BE;100%;7.577498342187351;46.79408573742621;de;01.07.2008
Kiesen;3629;00;1810;Kiesen;611;BE;98.88%;7.581402098794428;46.81917807909374;de;01.07.2008
Kiesen;3629;00;1810;Kirchdorf (BE);872;BE;1.12%;7.565484751283499;46.80966164;de;01.07.2008
Oppligen;3629;02;5920;Oppligen;622;BE;100%;7.5965775169201715;46.81953603284186;de;01.07.2008
Jaberg;3629;03;5928;Jaberg;868;BE;100%;7.5680996340321185;46.81835725323362;de;01.07.2008
Höfen b. Thun;3631;00;2121;Stocken-Höfen;770;BE;97.11%;7.564560722011424;46.722038201042295;de;01.07.2008
Höfen b. Thun;3631;00;2121;Uebeschi;943;BE;2.89%;7.545360524164504;46.729586837334054;de;01.07.2008
Niederstocken;3632;02;5926;Stocken-Höfen;770;BE;100%;7.5804971572725774;46.708778267762455;de;01.07.2008
Oberstocken;3632;03;6788;Stocken-Höfen;770;BE;100%;7.555551374;46.717352085083704;de;01.07.2008
Amsoldingen;3633;00;2140;Amsoldingen;921;BE;96.25%;7.583321093094032;46.728133012412655;de;01.07.2008
Amsoldingen;3633;00;2140;Thierachern;941;BE;3.75%;7.5821991128411055;46.734233347810125;de;01.07.2008
Thierachern;3634;00;2141;Thierachern;941;BE;100%;7.577109719043377;46.75474923109274;de;01.07.2008
Uebeschi;3635;00;2120;Uebeschi;943;BE;98.10%;7.551960358938943;46.738944795248784;de;01.07.2008
Uebeschi;3635;00;2120;Thierachern;941;BE;1.90%;7.545414876581659;46.75060915619274;de;01.07.2008
Längenbühl;3636;00;2123;Forst-Längenbühl;948;BE;98.93%;7.532702361250483;46.75541481043989;de;01.07.2008
Längenbühl;3636;00;2123;Thierachern;941;BE;1.07%;7.549091112580394;46.75641673901852;de;01.07.2008
Forst b. Längenbühl;3636;02;5934;Forst-Längenbühl;948;BE;100%;7.524676830220634;46.76223062;de;01.07.2008
Blumenstein;3638;00;2142;Blumenstein;922;BE;100%;7.520494248012942;46.740239820326984;de;01.07.2008
Pohlern;3638;01;2143;Pohlern;936;BE;100%;7.532181014906439;46.72622500471317;de;01.07.2008
Gwatt (Thun);3645;00;2145;Thun;942;BE;78.84%;7.622303126455618;46.72760044373792;de;01.07.2008
Gwatt (Thun);3645;00;2145;Spiez;768;BE;21.16%;7.629850787050652;46.716343738875906;de;01.07.2008
Zwieselberg;3645;02;5937;Reutigen;767;BE;100%;7.6178436887230925;46.70824921343257;de;01.07.2008
Einigen;3646;00;2146;Spiez;768;BE;100%;7.642397069842743;46.710331104370034;de;01.07.2008
Reutigen;3647;00;2147;Reutigen;767;BE;100%;7.621159668324438;46.694939628819014;de;01.07.2008
Hilterfingen;3652;00;2148;Hilterfingen;929;BE;99.45%;7.659301806619405;46.738113837612275;de;01.07.2008
Hilterfingen;3652;00;2148;Oberhofen am Thunersee;934;BE;0.55%;7.661679085019372;46.73395331915503;de;01.07.2008
Oberhofen am Thunersee;3653;00;2149;Oberhofen am Thunersee;934;BE;100%;7.670985755407139;46.73194680934861;de;01.07.2008
Gunten;3654;00;2150;Sigriswil;938;BE;92.47%;7.700324575366779;46.71450416969082;de;01.07.2008
Gunten;3654;00;2150;Oberhofen am Thunersee;934;BE;7.54%;7.688607601611203;46.717642816797934;de;01.07.2008
Sigriswil;3655;00;2151;Sigriswil;938;BE;100%;7.718879960964057;46.716430234385854;de;01.07.2008
Tschingel ob Gunten;3656;00;2152;Sigriswil;938;BE;100%;7.705068752095584;46.72445125385695;de;01.07.2008
Aeschlen ob Gunten;3656;01;2153;Sigriswil;938;BE;100%;7.698481137935264;46.72008559054969;de;01.07.2008
Ringoldswil;3656;02;6157;Sigriswil;938;BE;100%;7.6930877726807205;46.73305123677176;de;01.07.2008
Schwanden (Sigriswil);3657;00;2154;Sigriswil;938;BE;100%;7.723489626996645;46.73989713841819;de;01.07.2008
Merligen;3658;00;2156;Sigriswil;938;BE;100%;7.736512611470523;46.700184703202055;de;01.07.2008
Uetendorf;3661;00;1830;Uetendorf;944;BE;100%;7.581139374137362;46.77409347716404;de;01.07.2008
Seftigen;3662;00;1828;Seftigen;883;BE;100%;7.539818844559958;46.78864684463084;de;01.07.2008
Gurzelen;3663;00;1829;Gurzelen;867;BE;99.81%;7.537271999460028;46.778052466613744;de;01.07.2008
Gurzelen;3663;00;1829;Forst-Längenbühl;948;BE;0.19%;7.52274632;46.77183378699897;de;01.07.2008
Burgistein;3664;00;1824;Burgistein;863;BE;98.27%;7.505574614779167;46.79119948488587;de;01.07.2008
Burgistein;3664;00;1824;Gurzelen;867;BE;0.81%;7.517953340274277;46.78353657435818;de;01.07.2008
Burgistein;3664;00;1824;Wattenwil;886;BE;0.58%;7.516775051654784;46.78373527618507;de;01.07.2008
Burgistein;3664;00;1824;Riggisberg;879;BE;0.35%;7.490898585418554;46.78358792681934;de;01.07.2008
Wattenwil;3665;00;1827;Wattenwil;886;BE;99.32%;7.506054287628759;46.765994080102416;de;01.07.2008
Wattenwil;3665;00;1827;Forst-Längenbühl;948;BE;0.06%;7.520958649113662;46.772569742548676;de;01.07.2008
Wattenwil;3665;00;1827;Burgistein;863;BE;0.62%;7.4960012051520275;46.77925873034853;de;01.07.2008
Brenzikofen;3671;00;2077;Brenzikofen;606;BE;97.34%;7.614606018690888;46.81468830421219;de;01.07.2008
Brenzikofen;3671;00;2077;Heimberg;928;BE;2.66%;7.611861374246379;46.808674564189445;de;01.07.2008
Herbligen;3671;02;5917;Herbligen;610;BE;100%;7.608867941634226;46.827497371532274;de;01.07.2008
Oberdiessbach;3672;00;2071;Oberdiessbach;619;BE;99.87%;7.6198797589005505;46.84006503195744;de;01.07.2008
Oberdiessbach;3672;00;2071;Linden;614;BE;0.13%;7.6490971870531945;46.842749780504526;de;01.07.2008
Aeschlen b. Oberdiessbach;3672;02;2072;Oberdiessbach;619;BE;100%;7.646358739539694;46.83631409009008;de;01.07.2008
Linden;3673;00;2073;Linden;614;BE;95.37%;7.685159387102939;46.84791327;de;01.07.2008
Linden;3673;00;2073;Oberhünigen;629;BE;3.28%;7.679351555977125;46.85975449275471;de;01.07.2008
Linden;3673;00;2073;Bowil;605;BE;1.35%;7.691889584244666;46.86559246974213;de;01.07.2008
Bleiken b. Oberdiessbach;3674;00;2074;Oberdiessbach;619;BE;97.08%;7.637814573986628;46.81560388825522;de;01.07.2008
Bleiken b. Oberdiessbach;3674;00;2074;Buchholterberg;923;BE;2.92%;7.655859328816479;46.82256955449373;de;01.07.2008
Spiez;3700;00;2158;Spiez;768;BE;100%;7.677480786219344;46.68586741448844;de;01.07.2008
Hondrich;3702;00;2159;Spiez;768;BE;99.52%;7.684233434863569;46.673151407372714;de;01.07.2008
Hondrich;3702;00;2159;Aeschi bei Spiez;562;BE;0.48%;7.677900899381001;46.66695417609339;de;01.07.2008
Aeschi b. Spiez;3703;00;2160;Aeschi bei Spiez;562;BE;100%;7.700038774584627;46.65533212812506;de;01.07.2008
Aeschiried;3703;41;2161;Aeschi bei Spiez;562;BE;100%;7.723842183598237;46.645479001383606;de;01.07.2008
Krattigen;3704;00;2162;Krattigen;566;BE;96.87%;7.728384627307812;46.65955465;de;01.07.2008
Krattigen;3704;00;2162;Spiez;768;BE;2.63%;7.713858074064803;46.66252312127572;de;01.07.2008
Krattigen;3704;00;2162;Aeschi bei Spiez;562;BE;0.50%;7.713098599308187;46.65961937921711;de;01.07.2008
Faulensee;3705;00;2163;Spiez;768;BE;99.88%;7.701590045554156;46.67617129151691;de;01.07.2008
Faulensee;3705;00;2163;Krattigen;566;BE;0.12%;7.726878719;46.66497411037352;de;01.07.2008
Leissigen;3706;00;2164;Leissigen;585;BE;100%;7.774787068046799;46.65447093104717;de;01.07.2008
Därligen;3707;00;2165;Därligen;575;BE;100%;7.806447201221261;46.66110204122995;de;01.07.2008
Emdthal;3711;00;2166;Aeschi bei Spiez;562;BE;95.14%;7.684447111064175;46.653999400960934;de;01.07.2008
Emdthal;3711;00;2166;Wimmis;769;BE;4.86%;7.680794441127601;46.652244067566315;de;01.07.2008
Mülenen;3711;02;2168;Aeschi bei Spiez;562;BE;91.45%;7.692367279621344;46.640785589110116;de;01.07.2008
Mülenen;3711;02;2168;Reichenbach im Kandertal;567;BE;8.55%;7.6693293799620825;46.64159600404841;de;01.07.2008
Reichenbach im Kandertal;3713;00;2170;Reichenbach im Kandertal;567;BE;99.95%;7.6898480853200715;46.621387684955806;de;01.07.2008
Reichenbach im Kandertal;3713;00;2170;Frutigen;563;BE;0.05%;7.664376547393542;46.59636055652866;de;01.07.2008
Frutigen;3714;00;2171;Frutigen;563;BE;100%;7.647314432958329;46.58477129213598;de;01.07.2008
Wengi b. Frutigen;3714;03;2174;Reichenbach im Kandertal;567;BE;100%;7.661554809028796;46.60845677335378;de;01.07.2008
Adelboden;3715;00;2175;Adelboden;561;BE;99.97%;7.563024664966854;46.491042945807195;de;01.07.2008
Adelboden;3715;00;2175;Frutigen;563;BE;0.03%;7.552732428151341;46.527072096945155;de;01.07.2008
Kandergrund;3716;00;2176;Kandergrund;564;BE;99.14%;7.660868940512475;46.55572588512882;de;01.07.2008
Kandergrund;3716;00;2176;Frutigen;563;BE;0.86%;7.666684457879559;46.57055115952665;de;01.07.2008
Blausee-Mitholz;3717;00;2177;Kandergrund;564;BE;100%;7.672970683842393;46.52562029572885;de;01.07.2008
Kandersteg;3718;00;2178;Kandersteg;565;BE;100%;7.6739956929114035;46.494475274216875;de;01.07.2008
Scharnachtal;3722;00;2179;Reichenbach im Kandertal;567;BE;100%;7.701289656;46.61692711693851;de;01.07.2008
Kiental;3723;00;2180;Reichenbach im Kandertal;567;BE;100%;7.733467495538116;46.57805043703883;de;01.07.2008
Ried (Frutigen);3724;00;2183;Frutigen;563;BE;100%;7.607318064;46.561529745111905;de;01.07.2008
Achseten;3725;00;2184;Frutigen;563;BE;97.57%;7.594257789565813;46.52761685045665;de;01.07.2008
Achseten;3725;00;2184;Adelboden;561;BE;2.43%;7.5842222703873725;46.517923808150755;de;01.07.2008
Wimmis;3752;00;2185;Wimmis;769;BE;100%;7.641071206357237;46.67748183139019;de;01.07.2008
Oey;3753;00;2186;Diemtigen;762;BE;100%;7.582394399;46.65485680251133;de;01.07.2008
Diemtigen;3754;00;2188;Diemtigen;762;BE;98.29%;7.565110017607413;46.64896710553603;de;01.07.2008
Diemtigen;3754;00;2188;Erlenbach im Simmental;763;BE;1.71%;7.565537581214086;46.65866381569303;de;01.07.2008
Horboden;3755;00;2189;Diemtigen;762;BE;100%;7.564850649282415;46.62162993161852;de;01.07.2008
Zwischenflüh;3756;00;2190;Diemtigen;762;BE;100%;7.513548416443553;46.608334443655274;de;01.07.2008
Schwenden im Diemtigtal;3757;00;2191;Diemtigen;762;BE;100%;7.487176514;46.57273509806848;de;01.07.2008
Latterbach;3758;00;2192;Erlenbach im Simmental;763;BE;100%;7.582409228300516;46.66539954443349;de;01.07.2008
Erlenbach im Simmental;3762;00;2193;Erlenbach im Simmental;763;BE;100%;7.544653871;46.66235517459424;de;01.07.2008
Därstetten;3763;00;2194;Därstetten;761;BE;100%;7.499155457896204;46.65956347478106;de;01.07.2008
Weissenburg;3764;00;2195;Därstetten;761;BE;89.59%;7.481699146003292;46.657988058829666;de;01.07.2008
Weissenburg;3764;00;2195;Oberwil im Simmental;766;BE;10.41%;7.471533477690182;46.655868423237905;de;01.07.2008
Oberwil im Simmental;3765;00;2196;Oberwil im Simmental;766;BE;100%;7.436482106054844;46.65404677481004;de;01.07.2008
Boltigen;3766;00;2197;Boltigen;791;BE;99.86%;7.375352641357563;46.61326092986909;de;01.07.2008
Boltigen;3766;00;2197;Oberwil im Simmental;766;BE;0.14%;7.420367562324254;46.63651291641564;de;01.07.2008
Zweisimmen;3770;00;2200;Zweisimmen;794;BE;99.44%;7.376030963740783;46.55818145156215;de;01.07.2008
Zweisimmen;3770;00;2200;Boltigen;791;BE;0.56%;7.387551519975192;46.59300017396183;de;01.07.2008
Blankenburg;3771;00;2201;Zweisimmen;794;BE;100%;7.389320866672102;46.542598755691834;de;01.07.2008
St. Stephan;3772;00;2202;St. Stephan;793;BE;100%;7.3936244034387455;46.510315384731726;de;01.07.2008
Matten (St. Stephan);3773;00;2204;St. Stephan;793;BE;99.76%;7.431605927719104;46.49988950368434;de;01.07.2008
Matten (St. Stephan);3773;00;2204;Lenk;792;BE;0.24%;7.421177041642434;46.48383113356159;de;01.07.2008
Lenk im Simmental;3775;00;2205;Lenk;792;BE;100%;7.4452791535955924;46.45477664973573;de;01.07.2008
Oeschseite;3776;00;2206;Zweisimmen;794;BE;100%;7.344237898105278;46.52850975320709;de;01.07.2008
Saanenmöser;3777;00;2207;Saanen;843;BE;99.00%;7.308257418920252;46.51564611840334;de;01.07.2008
Saanenmöser;3777;00;2207;Zweisimmen;794;BE;1.00%;7.333314541970235;46.50755432741876;de;01.07.2008
Schönried;3778;00;2208;Saanen;843;BE;100%;7.288769790880197;46.5041615;de;01.07.2008
Gstaad;3780;00;2209;Saanen;843;BE;100%;7.288233137;46.47244220866986;de;01.07.2008
Turbach;3781;00;2210;Saanen;843;BE;100%;7.334056419197241;46.47620926298754;de;01.07.2008
Lauenen b. Gstaad;3782;00;2212;Lauenen;842;BE;100%;7.327334680387615;46.42106861440309;de;01.07.2008
Grund b. Gstaad;3783;00;2213;Saanen;843;BE;100%;7.273715293003567;46.44708121057506;de;01.07.2008
Feutersoey;3784;00;2214;Gsteig;841;BE;100%;7.270635185112996;46.412335493116636;de;01.07.2008
Gsteig b. Gstaad;3785;00;2215;Gsteig;841;BE;100%;7.267208744359255;46.38556828498087;de;01.07.2008
Saanen;3792;00;2216;Saanen;843;BE;100%;7.261851864210119;46.48910884829116;de;01.07.2008
Interlaken;3800;00;2217;Interlaken;581;BE;100%;7.860096174;46.68472801567057;de;01.07.2008
Unterseen;3800;02;2218;Unterseen;593;BE;100%;7.842650689045634;46.68538478494201;de;01.07.2008
Matten b. Interlaken;3800;03;2219;Matten bei Interlaken;587;BE;100%;7.866460650027712;46.67960382285706;de;01.07.2008
Sundlauenen;3800;05;5611;Beatenberg;571;BE;100%;7.794633897286641;46.68663301552642;de;01.07.2008
Jungfraujoch;3801;33;2226;Fieschertal;6058;VS;66.67%;7.982980074922463;46.54700477781106;de;01.07.2008
Jungfraujoch;3801;33;2226;Lauterbrunnen;584;BE;33.33%;7.9713732915508455;46.54540446426662;de;01.07.2008
Beatenberg;3803;00;2228;Beatenberg;571;BE;100%;7.796687821608722;46.69675562153112;de;01.07.2008
Habkern;3804;00;2229;Habkern;579;BE;100%;7.863013490890943;46.72833691;de;01.07.2008
Goldswil b. Interlaken;3805;00;2230;Ringgenberg (BE);590;BE;100%;7.878015751853053;46.695815044276976;de;01.07.2008
Bönigen b. Interlaken;3806;00;2231;Bönigen;572;BE;100%;7.895674676153372;46.68603043645375;de;01.07.2008
Iseltwald;3807;00;2232;Iseltwald;582;BE;100%;7.965847574329812;46.70780331187936;de;01.07.2008
Wilderswil;3812;00;2233;Wilderswil;594;BE;98.82%;7.863812498627032;46.663628458718875;de;01.07.2008
Wilderswil;3812;00;2233;Matten bei Interlaken;587;BE;0.50%;7.8891187554383135;46.667939246795655;de;01.07.2008
Wilderswil;3812;00;2233;Gündlischwand;578;BE;0.37%;7.911171204399738;46.65236850406023;de;01.07.2008
Wilderswil;3812;00;2233;Gsteigwiler;577;BE;0.31%;7.909516235975524;46.65134084333716;de;01.07.2008
Saxeten;3813;00;2237;Saxeten;591;BE;100%;7.831730361033987;46.63606388364952;de;01.07.2008
Gsteigwiler;3814;00;2238;Gsteigwiler;577;BE;100%;7.873843807397646;46.65505377167652;de;01.07.2008
Zweilütschinen;3815;00;2239;Gündlischwand;578;BE;100%;7.903610341620057;46.631439619684876;de;01.07.2008
Gündlischwand;3815;02;7862;Gündlischwand;578;BE;100%;7.913357003406185;46.63497975168119;de;01.07.2008
Lütschental;3816;00;2240;Lütschental;586;BE;98.83%;7.953592787957202;46.63904214;de;01.07.2008
Lütschental;3816;00;2240;Grindelwald;576;BE;1.17%;7.974307480660495;46.64175338553086;de;01.07.2008
Burglauenen;3816;01;2241;Grindelwald;576;BE;100%;7.974267510253823;46.63507873305333;de;01.07.2008
Grindelwald;3818;00;2242;Grindelwald;576;BE;100%;8.031125092956099;46.62637736515017;de;01.07.2008
Lauterbrunnen;3822;00;2245;Lauterbrunnen;584;BE;100%;7.908855465;46.59485954600091;de;01.07.2008
Isenfluh;3822;02;2246;Lauterbrunnen;584;BE;100%;7.889434365311051;46.61957724725354;de;01.07.2008
Wengen;3823;00;2248;Lauterbrunnen;584;BE;100%;7.920921802382794;46.60458747455706;de;01.07.2008
Kleine Scheidegg;3823;01;8918;Lauterbrunnen;584;BE;52%;7.960046421526585;46.58502033435045;de;01.07.2008
Kleine Scheidegg;3823;01;8918;Grindelwald;576;BE;48%;7.9614642557654305;46.58592240835962;de;01.07.2008
Eigergletscher;3823;02;8919;Lauterbrunnen;584;BE;100%;7.974155084132524;46.574906597261645;de;01.07.2008
Stechelberg;3824;00;2250;Lauterbrunnen;584;BE;100%;7.904603960850155;46.551193736334646;de;01.07.2008
Mürren;3825;00;2251;Lauterbrunnen;584;BE;100%;7.891668242729771;46.560457563713136;de;01.07.2008
Gimmelwald;3826;00;2252;Lauterbrunnen;584;BE;100%;7.887336370192637;46.54760182183427;de;01.07.2008
Ringgenberg BE;3852;00;2253;Ringgenberg (BE);590;BE;100%;7.8962261413872366;46.70330885023346;de;01.07.2008
Niederried b. Interlaken;3853;00;2254;Niederried bei Interlaken;588;BE;100%;7.929899781480709;46.718011766772825;de;01.07.2008
Oberried am Brienzersee;3854;00;2255;Oberried am Brienzersee;589;BE;100%;7.961095962;46.73707904068429;de;01.07.2008
Brienz BE;3855;00;2257;Brienz (BE);573;BE;97.86%;8.030880691;46.70509734045091;de;01.07.2008
Brienz BE;3855;00;2257;Oberried am Brienzersee;589;BE;2.14%;7.990094746364653;46.75284706333788;de;01.07.2008
Axalp;3855;01;2258;Brienz (BE);573;BE;100%;8.037887499393394;46.721733122302474;de;01.07.2008
Schwanden b. Brienz;3855;41;5682;Schwanden bei Brienz;592;BE;100%;8.055166019181353;46.75830769416753;de;01.07.2008
Brienzwiler;3856;00;2262;Brienzwiler;574;BE;99.00%;8.100831844663453;46.751611181982554;de;01.07.2008
Brienzwiler;3856;00;2262;Meiringen;785;BE;1.00%;8.103358024135694;46.74737749922751;de;01.07.2008
Unterbach BE;3857;00;2263;Meiringen;785;BE;100%;8.117870681417196;46.73899800905701;de;01.07.2008
Hofstetten b. Brienz;3858;00;2264;Hofstetten bei Brienz;580;BE;100%;8.076411354;46.75396308422796;de;01.07.2008
Meiringen;3860;00;2265;Meiringen;785;BE;98.44%;8.181372632;46.72858124427395;de;01.07.2008
Meiringen;3860;00;2265;Brienzwiler;574;BE;1.56%;8.093154388520873;46.714269034190785;de;01.07.2008
Rosenlaui;3860;02;2266;Schattenhalb;786;BE;100%;8.154475760514414;46.680292403330505;de;01.07.2008
Schattenhalb;3860;03;7866;Schattenhalb;786;BE;100%;8.190673659288828;46.714450802007114;de;01.07.2008
Brünig;3860;04;3280;Meiringen;785;BE;100%;8.135931952567805;46.75652990080676;de;01.07.2008
Innertkirchen;3862;00;2268;Innertkirchen;784;BE;100%;8.234657419861824;46.703717203888104;de;01.07.2008
Gadmen;3863;00;2269;Innertkirchen;784;BE;100%;8.331010740814484;46.72931769493291;de;01.07.2008
Guttannen;3864;00;2271;Guttannen;782;BE;100%;8.286814705700452;46.655932316445195;de;01.07.2008
Brig;3900;00;2273;Brig-Glis;6002;VS;96.67%;7.992787303488632;46.31649297776906;de;01.07.2008
Brig;3900;00;2273;Termen;6010;VS;2.36%;8.004245810171422;46.32096129;de;01.07.2008
Brig;3900;00;2273;Ried-Brig;6008;VS;0.83%;8.002350942170303;46.31853285140042;de;01.07.2008
Brig;3900;00;2273;Naters;6007;VS;0.14%;7.999877739819291;46.322953094511846;de;01.07.2008
Gamsen;3900;02;2274;Brig-Glis;6002;VS;100%;7.953530150881648;46.30449777698753;de;01.07.2008
Brigerbad;3900;03;6185;Brig-Glis;6002;VS;100%;7.920456565;46.30005535795696;de;01.07.2008
Rothwald;3901;23;2285;Ried-Brig;6008;VS;100%;8.046291078516765;46.28052302639906;de;01.07.2008
Glis;3902;00;2294;Brig-Glis;6002;VS;100%;7.981422509709883;46.31081763;de;01.07.2008
Mund;3903;00;2279;Naters;6007;VS;100%;7.935524927768172;46.31566997562002;de;01.07.2008
Birgisch;3903;01;2278;Naters;6007;VS;100%;7.963390247469334;46.32015925742661;de;01.07.2008
Naters;3904;00;2301;Naters;6007;VS;100%;7.992880240624822;46.326891725213414;de;01.07.2008
Saas-Almagell;3905;00;2302;Saas-Almagell;6288;VS;100%;7.957750184417667;46.09506577890405;de;01.07.2008
Saas-Fee;3906;00;2303;Saas-Fee;6290;VS;98.79%;7.928142627175249;46.10979807016078;de;01.07.2008
Saas-Fee;3906;00;2303;Saas-Balen;6289;VS;1.22%;7.930334218014258;46.12481139376784;de;01.07.2008
Simplon Dorf;3907;00;2287;Simplon;6009;VS;93.03%;8.053758082887414;46.19844028041911;de;01.07.2008
Simplon Dorf;3907;00;2287;Zwischbergen;6011;VS;6.97%;8.110711978027576;46.21136706153725;de;01.07.2008
Simplon Hospiz;3907;02;2286;Simplon;6009;VS;100%;8.023466888803586;46.24529845291065;de;01.07.2008
Gabi (Simplon);3907;03;2288;Simplon;6009;VS;78.95%;8.073513039448727;46.183865706313895;de;01.07.2008
Gabi (Simplon);3907;03;2288;Zwischbergen;6011;VS;21.05%;8.075769963686113;46.181936885322365;de;01.07.2008
Gondo;3907;04;2289;Zwischbergen;6011;VS;100%;8.122018140163052;46.17986752509682;de;01.07.2008
Saas-Balen;3908;00;2291;Saas-Balen;6289;VS;98.99%;7.9287199850640775;46.149646617058245;de;01.07.2008
Saas-Balen;3908;00;2291;Eisten;6282;VS;1.01%;7.9145247086282655;46.169335968647964;de;01.07.2008
Saas-Grund;3910;00;2292;Saas-Grund;6291;VS;98.64%;7.938074080206741;46.12659457375836;de;01.07.2008
Saas-Grund;3910;00;2292;Saas-Fee;6290;VS;1.26%;7.937283869101625;46.11648159171407;de;01.07.2008
Saas-Grund;3910;00;2292;Saas-Balen;6289;VS;0.11%;7.934387670723417;46.125261454092744;de;01.07.2008
Ried-Brig;3911;00;2283;Ried-Brig;6008;VS;100%;8.015946622;46.31382254472542;de;01.07.2008
Termen;3912;00;2284;Termen;6010;VS;100%;8.022426160154083;46.327256173362535;de;01.07.2008
Rosswald;3913;00;2282;Termen;6010;VS;100%;8.043056828;46.30473927133405;de;01.07.2008
Blatten b. Naters;3914;00;2280;Naters;6007;VS;99.68%;7.981451814487065;46.36060946762548;de;01.07.2008
Blatten b. Naters;3914;00;2280;Bitsch;6173;VS;0.32%;7.998348752328612;46.36238949200459;de;01.07.2008
Belalp;3914;01;2281;Naters;6007;VS;100%;7.974682185533135;46.37247118737324;de;01.07.2008
Ferden;3916;00;2297;Ferden;6195;VS;100%;7.754356029942426;46.394770546364995;de;01.07.2008
Kippel;3917;00;2298;Kippel;6197;VS;100%;7.771274020931661;46.399516996086966;de;01.07.2008
Goppenstein;3917;02;2296;Ferden;6195;VS;88.24%;7.753810125467528;46.36786592520697;de;01.07.2008
Goppenstein;3917;02;2296;Gampel-Bratsch;6118;VS;11.77%;7.755675989;46.36247230835745;de;01.07.2008
Wiler (Lötschen);3918;00;2299;Wiler (Lötschen);6202;VS;100%;7.780782689011649;46.40837652697388;de;01.07.2008
Blatten (Lötschen);3919;00;2300;Blatten;6192;VS;99.85%;7.816378462880258;46.41984127890122;de;01.07.2008
Blatten (Lötschen);3919;00;2300;Wiler (Lötschen);6202;VS;0.16%;7.790627571724044;46.42247873;de;01.07.2008
Zermatt;3920;00;2305;Zermatt;6300;VS;100%;7.748767741;46.01884901342332;de;01.07.2008
Stalden VS;3922;00;2313;Stalden (VS);6293;VS;98.97%;7.870069658410665;46.234202576947204;de;01.07.2008
Stalden VS;3922;00;2313;Visperterminen;6298;VS;1.03%;7.878412516;46.25280966271058;de;01.07.2008
Kalpetran;3922;01;2314;Embd;6283;VS;97.70%;7.837905819842139;46.21444003654169;de;01.07.2008
Kalpetran;3922;01;2314;Törbel;6296;VS;2.30%;7.8426253851633065;46.218300443184376;de;01.07.2008
Eisten;3922;02;2290;Eisten;6282;VS;99.26%;7.898652534876125;46.197207473088966;de;01.07.2008
Eisten;3922;02;2290;Staldenried;6294;VS;0.74%;7.895511216726078;46.20727744120112;de;01.07.2008
Törbel;3923;00;2308;Törbel;6296;VS;98.10%;7.851329403414668;46.23823055;de;01.07.2008
Törbel;3923;00;2308;Stalden (VS);6293;VS;1.90%;7.867655724891125;46.248676896998404;de;01.07.2008
St. Niklaus VS;3924;00;2315;St. Niklaus;6292;VS;100%;7.809986158876463;46.17912804742949;de;01.07.2008
Grächen;3925;00;2317;Grächen;6285;VS;100%;7.838413966083149;46.19536734765627;de;01.07.2008
Embd;3926;00;2309;Embd;6283;VS;100%;7.828917979102864;46.21699917415423;de;01.07.2008
Herbriggen;3927;00;2310;St. Niklaus;6292;VS;100%;7.792542569025566;46.135195201345724;de;01.07.2008
Randa;3928;00;2311;Randa;6287;VS;100%;7.783025183464998;46.099215108040205;de;01.07.2008
Täsch;3929;00;2312;Täsch;6295;VS;100%;7.779082094178016;46.06820124274476;de;01.07.2008
Visp;3930;00;2318;Visp;6297;VS;89.38%;7.881450404234616;46.293134799683784;de;01.07.2008
Visp;3930;00;2318;Visperterminen;6298;VS;9.85%;7.881663814185323;46.26991591038118;de;01.07.2008
Visp;3930;00;2318;Baltschieder;6281;VS;0.54%;7.845040951776344;46.30247384;de;01.07.2008
Visp;3930;00;2318;Raron;6199;VS;0.23%;7.829956514602038;46.29131822065054;de;01.07.2008
Eyholz;3930;02;2326;Visp;6297;VS;100%;7.9100501786945125;46.29437780397906;de;01.07.2008
Lalden;3931;01;2327;Lalden;6286;VS;99.00%;7.901191935438593;46.299604869282035;de;01.07.2008
Lalden;3931;01;2327;Baltschieder;6281;VS;1.00%;7.877098925953185;46.303910647135375;de;01.07.2008
Visperterminen;3932;00;2328;Visperterminen;6298;VS;100%;7.898276936359371;46.26178951425307;de;01.07.2008
Staldenried;3933;00;2322;Staldenried;6294;VS;100%;7.8885908833931335;46.227527601681324;de;01.07.2008
Zeneggen;3934;00;2329;Zeneggen;6299;VS;100%;7.865285488077904;46.27220971940979;de;01.07.2008
Bürchen;3935;00;2330;Bürchen;6193;VS;100%;7.823082166532272;46.27708351823908;de;01.07.2008
Baltschieder;3937;00;2323;Baltschieder;6281;VS;94.44%;7.881148387645389;46.37593195578016;de;01.07.2008
Baltschieder;3937;00;2323;Eggerberg;6004;VS;5.56%;7.873738138274664;46.304886877745794;de;01.07.2008
Ausserberg;3938;00;2324;Ausserberg;6191;VS;100%;7.851373637983581;46.314289361446846;de;01.07.2008
Eggerberg;3939;00;2325;Eggerberg;6004;VS;100%;7.882611170748028;46.30817117663381;de;01.07.2008
Steg VS;3940;00;6046;Steg-Hohtenn;6204;VS;97.61%;7.749462124669818;46.314182598683225;de;01.07.2008
Steg VS;3940;00;6046;Gampel-Bratsch;6118;VS;1.56%;7.754985914269234;46.34657883163642;de;01.07.2008
Steg VS;3940;00;6046;Turtmann-Unterems;6119;VS;0.48%;7.744130935960356;46.305723135626415;de;01.07.2008
Steg VS;3940;00;6046;Niedergesteln;6198;VS;0.36%;7.755258988692431;46.307359529677065;de;01.07.2008
Raron;3942;00;2350;Raron;6199;VS;90.88%;7.801219979430859;46.307983873751056;de;01.07.2008
Raron;3942;00;2350;Niedergesteln;6198;VS;4.84%;7.791746067;46.30229249;de;01.07.2008
Raron;3942;00;2350;Bürchen;6193;VS;2.24%;7.801094868326567;46.30088665326046;de;01.07.2008
Raron;3942;00;2350;Unterbäch;6201;VS;2.05%;7.793920579496616;46.30136813702085;de;01.07.2008
Niedergesteln;3942;02;2351;Niedergesteln;6198;VS;96.63%;7.783570824719578;46.31282463496734;de;01.07.2008
Niedergesteln;3942;02;2351;Raron;6199;VS;3.37%;7.826219209703618;46.35768055209798;de;01.07.2008
St. German;3942;03;2321;Raron;6199;VS;95.52%;7.820932171955332;46.31273185;de;01.07.2008
St. German;3942;03;2321;Ausserberg;6191;VS;4.48%;7.825984183892627;46.31778537487177;de;01.07.2008
Eischoll;3943;00;2334;Eischoll;6194;VS;98.08%;7.777234246964536;46.29171281594788;de;01.07.2008
Eischoll;3943;00;2334;Turtmann-Unterems;6119;VS;1.10%;7.740766147;46.293489015927534;de;01.07.2008
Eischoll;3943;00;2334;Niedergesteln;6198;VS;0.82%;7.752872096472091;46.30217295284165;de;01.07.2008
Unterbäch VS;3944;00;2335;Unterbäch;6201;VS;100%;7.7970846290103015;46.28317785;de;01.07.2008
Gampel;3945;00;2353;Gampel-Bratsch;6118;VS;100%;7.7365264230817195;46.3179415;de;01.07.2008
Niedergampel;3945;01;6244;Gampel-Bratsch;6118;VS;85.97%;7.711119239190353;46.31289578757382;de;01.07.2008
Niedergampel;3945;01;6244;Leuk;6110;VS;14.04%;7.693936646833172;46.31128052021851;de;01.07.2008
Turtmann;3946;00;2355;Turtmann-Unterems;6119;VS;99.88%;7.702991864442934;46.30203923541452;de;01.07.2008
Turtmann;3946;00;2355;Gampel-Bratsch;6118;VS;0.12%;7.710492364685853;46.30954190353356;de;01.07.2008
Gruben;3946;02;2338;Turtmann-Unterems;6119;VS;43.45%;7.704718672025229;46.20640236257662;de;01.07.2008
Gruben;3946;02;2338;Oberems;6112;VS;37.06%;7.700354875661771;46.21234065200924;de;01.07.2008
Gruben;3946;02;2338;Ergisch;6104;VS;19.49%;7.708832973916908;46.21569412211617;de;01.07.2008
Ergisch;3947;00;2336;Ergisch;6104;VS;100%;7.718530342591853;46.28983982913184;de;01.07.2008
Unterems;3948;00;2337;Turtmann-Unterems;6119;VS;99.38%;7.695062131341792;46.29112768921635;de;01.07.2008
Unterems;3948;00;2337;Agarn;6101;VS;0.62%;7.677096257;46.289718548306354;de;01.07.2008
Oberems;3948;01;2339;Oberems;6112;VS;98.42%;7.689114558162317;46.28172251105261;de;01.07.2008
Oberems;3948;01;2339;Ergisch;6104;VS;1.58%;7.715584113943992;46.25629038255198;de;01.07.2008
Hohtenn;3949;00;2277;Steg-Hohtenn;6204;VS;85.06%;7.758842478;46.31982380661406;de;01.07.2008
Hohtenn;3949;00;2277;Niedergesteln;6198;VS;14.94%;7.786486994412064;46.326309297823244;de;01.07.2008
Agarn;3951;00;2340;Agarn;6101;VS;97.94%;7.666102957717949;46.29538137926711;de;01.07.2008
Agarn;3951;00;2340;Turtmann-Unterems;6119;VS;1.89%;7.680246549450702;46.29491137934732;de;01.07.2008
Agarn;3951;00;2340;Leuk;6110;VS;0.17%;7.669920103616304;46.29884599;de;01.07.2008
Susten;3952;00;2356;Leuk;6110;VS;100%;7.645267493053878;46.30400304159571;de;01.07.2008
Leuk Stadt;3953;00;2358;Leuk;6110;VS;99.58%;7.635884172736208;46.31865563652493;de;01.07.2008
Leuk Stadt;3953;00;2358;Varen;6116;VS;0.42%;7.6214823050137825;46.31761822035755;de;01.07.2008
Inden;3953;01;2359;Inden;6109;VS;93.21%;7.617633496745229;46.343558793172555;de;01.07.2008
Inden;3953;01;2359;Leukerbad;6111;VS;5.66%;7.6128750286456155;46.35437894632197;de;01.07.2008
Inden;3953;01;2359;Leuk;6110;VS;1.13%;7.621800815410593;46.33129109198699;de;01.07.2008
Varen;3953;02;2344;Varen;6116;VS;100%;7.607374165;46.31902535;de;01.07.2008
Leukerbad;3954;00;2360;Leukerbad;6111;VS;100%;7.6282283006539835;46.37968616312683;de;01.07.2008
Albinen;3955;00;2341;Albinen;6102;VS;100%;7.632821426742536;46.34091614984756;de;01.07.2008
Guttet-Feschel;3956;00;2342;Guttet-Feschel;6117;VS;99.68%;7.669642003359103;46.32512288266102;de;01.07.2008
Guttet-Feschel;3956;00;2342;Leuk;6110;VS;0.32%;7.660668885498349;46.318993048325275;de;01.07.2008
Erschmatt;3957;00;2343;Leuk;6110;VS;99.78%;7.6920522161408185;46.32199858313788;de;01.07.2008
Erschmatt;3957;00;2343;Gampel-Bratsch;6118;VS;0.22%;7.701756664766939;46.33655850246312;de;01.07.2008
Bratsch;3957;02;6040;Gampel-Bratsch;6118;VS;100%;7.708361963083888;46.322356826734364;de;01.07.2008
Sierre;3960;00;2364;Sierre;6248;VS;97.50%;7.531908714699441;46.29225116046883;fr;01.07.2008
Sierre;3960;00;2364;Crans-Montana;6253;VS;1.64%;7.513305573276172;46.28689443349231;fr;01.07.2008
Sierre;3960;00;2364;Noble-Contrée;6254;VS;0.86%;7.550875956070803;46.302498095011835;fr;01.07.2008
Corin-de-la-Crête;3960;02;2365;Crans-Montana;6253;VS;100%;7.504272579793009;46.28523577295258;fr;01.07.2008
Loc;3960;03;2366;Crans-Montana;6253;VS;100%;7.511172315286282;46.29275195309434;fr;01.07.2008
Niouc;3960;04;7498;Anniviers;6252;VS;100%;7.551850338238592;46.27154318609557;fr;01.07.2008
Muraz (Sierre);3960;05;2389;Sierre;6248;VS;100%;7.529140486370494;46.297605782725476;fr;01.07.2008
Vissoie;3961;21;2378;Anniviers;6252;VS;100%;7.5826646313716575;46.21464708392886;fr;01.07.2008
St-Luc;3961;22;2379;Anniviers;6252;VS;100%;7.597338514;46.22083450955156;fr;01.07.2008
Chandolin;3961;23;2380;Anniviers;6252;VS;100%;7.592941226756842;46.25164156120914;fr;01.07.2008
Ayer;3961;24;2381;Anniviers;6252;VS;100%;7.601856089856394;46.17990710415554;fr;01.07.2008
Zinal;3961;25;2382;Anniviers;6252;VS;100%;7.628276574041053;46.13569767991875;fr;01.07.2008
Grimentz;3961;26;2383;Anniviers;6252;VS;100%;7.575220944695586;46.18121963458929;fr;01.07.2008
Mission;3961;27;9305;Anniviers;6252;VS;100%;7.592783819408619;46.19116427890219;fr;01.03.2013
St-Jean VS;3961;41;5685;Anniviers;6252;VS;100%;7.583499741066832;46.19723054;fr;01.07.2008
Crans-Montana;3963;00;2387;Crans-Montana;6253;VS;99.95%;7.484350790462124;46.31084695;fr;01.07.2008
Crans-Montana;3963;00;2387;Icogne;6239;VS;0.05%;7.486577115119415;46.37065244761244;fr;01.07.2008
Montana;3963;03;2386;Crans-Montana;6253;VS;100%;7.489193798322376;46.29770232686515;fr;01.07.2008
Aminona;3963;04;6125;Crans-Montana;6253;VS;100%;7.531745236132304;46.33358620067555;fr;01.07.2008
Crans VS;3963;05;9924;Lens;6240;VS;84.61%;7.4576843901010905;46.30253341304835;fr;01.03.2023
Crans VS;3963;05;9924;Icogne;6239;VS;15.39%;7.4518184195801584;46.30558371516988;fr;01.03.2023
Chippis;3965;00;2390;Chippis;6235;VS;98.75%;7.53978817;46.27952464190063;fr;01.07.2008
Chippis;3965;00;2390;Sierre;6248;VS;1.25%;7.535392309728857;46.28081482642545;fr;01.07.2008
Chalais;3966;00;2391;Chalais;6232;VS;99.66%;7.512550700364148;46.265863170522366;fr;01.07.2008
Chalais;3966;00;2391;Sierre;6248;VS;0.34%;7.5122716623759676;46.270586048093165;fr;01.07.2008
Réchy;3966;01;2392;Chalais;6232;VS;97.71%;7.494919486;46.26174419238602;fr;01.07.2008
Réchy;3966;01;2392;Sierre;6248;VS;2.29%;7.495055313516778;46.26775319469177;fr;01.07.2008
Vercorin;3967;00;2384;Chalais;6232;VS;99.65%;7.530381647;46.25593708500388;fr;01.07.2008
Vercorin;3967;00;2384;Mont-Noble;6090;VS;0.21%;7.518176735374987;46.20084817353215;fr;01.07.2008
Vercorin;3967;00;2384;Grône;6238;VS;0.14%;7.506969188414806;46.24157848994189;fr;01.07.2008
Veyras;3968;00;2394;Noble-Contrée;6254;VS;100%;7.537105405165169;46.30278967101925;fr;01.07.2008
Salgesch;3970;00;2361;Salgesch;6113;VS;98.26%;7.570754990599354;46.31104962591177;de;01.07.2008
Salgesch;3970;00;2361;Varen;6116;VS;0.71%;7.588564900089596;46.310847660298066;de;01.07.2008
Salgesch;3970;00;2361;Leuk;6110;VS;0.63%;7.586897562;46.30873586919942;de;01.07.2008
Salgesch;3970;00;2361;Crans-Montana;6253;VS;0.32%;7.551194351031242;46.32480694463048;de;01.07.2008
Salgesch;3970;00;2361;Noble-Contrée;6254;VS;0.08%;7.558469099899836;46.30853543227394;de;01.07.2008
Chermignon;3971;00;2370;Crans-Montana;6253;VS;100%;7.474782158940771;46.28865814;fr;01.07.2008
Chermignon-d'en-Bas;3971;01;2371;Crans-Montana;6253;VS;99.59%;7.4832767692046245;46.282835011495266;fr;01.07.2008
Chermignon-d'en-Bas;3971;01;2371;Lens;6240;VS;0.41%;7.473776161;46.277782748766924;fr;01.07.2008
Ollon VS;3971;02;2372;Crans-Montana;6253;VS;95.85%;7.478547813;46.27420095017225;fr;01.07.2008
Ollon VS;3971;02;2372;Lens;6240;VS;3.83%;7.472645383033054;46.27434676070531;fr;01.07.2008
Ollon VS;3971;02;2372;Sierre;6248;VS;0.32%;7.478377570789398;46.27196110101427;fr;01.07.2008
Miège;3972;00;2373;Noble-Contrée;6254;VS;85.88%;7.547117030419999;46.31162329864774;fr;01.07.2008
Miège;3972;00;2373;Crans-Montana;6253;VS;14.02%;7.5529336623566925;46.33072434202461;fr;01.07.2008
Miège;3972;00;2373;Salgesch;6113;VS;0.10%;7.582263381511135;46.33838244;fr;01.07.2008
Venthône;3973;00;2374;Noble-Contrée;6254;VS;94.67%;7.528039054552204;46.30662926134949;fr;01.07.2008
Venthône;3973;00;2374;Crans-Montana;6253;VS;5.33%;7.514244735940048;46.29991947702271;fr;01.07.2008
Mollens VS;3974;00;2375;Crans-Montana;6253;VS;100%;7.5199749970540966;46.31318409541642;fr;01.07.2008
Randogne;3975;00;2376;Crans-Montana;6253;VS;100%;7.502705563095293;46.31014553342487;fr;01.07.2008
Noës;3976;00;2345;Sierre;6248;VS;97.15%;7.505304601207093;46.28027859225696;fr;01.07.2008
Noës;3976;00;2345;Crans-Montana;6253;VS;2.85%;7.508293423354348;46.28407296608765;fr;01.07.2008
Champzabé;3976;02;8152;Crans-Montana;6253;VS;76.36%;7.498206729;46.27927498669134;fr;01.07.2008
Champzabé;3976;02;8152;Sierre;6248;VS;23.64%;7.497375288002278;46.27822292769983;fr;01.07.2008
Granges VS;3977;00;2362;Sierre;6248;VS;100%;7.466969892;46.26152053680986;fr;01.07.2008
Flanthey;3978;00;2346;Lens;6240;VS;99.34%;7.452043665475953;46.26900751678975;fr;01.07.2008
Flanthey;3978;00;2346;Saint-Léonard;6246;VS;0.66%;7.430720287509419;46.25988630979735;fr;01.07.2008
Grône;3979;00;2349;Grône;6238;VS;99.91%;7.465913907193489;46.25026728277389;fr;01.07.2008
Grône;3979;00;2349;Chalais;6232;VS;0.09%;7.482789234350972;46.25711674;fr;01.07.2008
Bitsch;3982;00;2403;Bitsch;6173;VS;92.82%;8.013395896605077;46.33781849180992;de;01.07.2008
Bitsch;3982;00;2403;Riederalp;6181;VS;3.59%;8.023903969454516;46.34512336047917;de;01.07.2008
Bitsch;3982;00;2403;Termen;6010;VS;3.59%;8.015566469542797;46.33184320532446;de;01.07.2008
Mörel;3983;00;2425;Mörel-Filet;6203;VS;99.77%;8.045043522382942;46.357219702449825;de;01.07.2008
Mörel;3983;00;2425;Riederalp;6181;VS;0.23%;8.045225815264171;46.36275517544801;de;01.07.2008
Bister;3983;02;6042;Bister;6172;VS;100%;8.066882354867126;46.36266029540454;de;01.07.2008
Filet;3983;03;6043;Mörel-Filet;6203;VS;99.09%;8.053617129998324;46.36052000930061;de;01.07.2008
Filet;3983;03;6043;Riederalp;6181;VS;0.91%;8.049297507212883;46.366948432440374;de;01.07.2008
Goppisberg;3983;04;6044;Riederalp;6181;VS;96.47%;8.049804399017482;46.371578591767694;de;01.07.2008
Goppisberg;3983;04;6044;Bettmeralp;6205;VS;3.53%;8.055273510352432;46.37252055085832;de;01.07.2008
Greich;3983;05;8173;Riederalp;6181;VS;100%;8.038831682180096;46.366518517041065;de;01.07.2008
Fiesch;3984;00;2426;Fiesch;6057;VS;98.31%;8.132655061563245;46.40306462;de;01.07.2008
Fiesch;3984;00;2426;Fieschertal;6058;VS;1.00%;8.131422804054507;46.421657840825766;de;01.07.2008
Fiesch;3984;00;2426;Lax;6061;VS;0.70%;8.098402814585084;46.40948512;de;01.07.2008
Fieschertal;3984;02;6059;Fieschertal;6058;VS;100%;8.143304544178557;46.42505716;de;01.07.2008
Münster VS;3985;00;2427;Goms;6077;VS;100%;8.264345502949398;46.48679122547184;de;01.07.2008
Geschinen;3985;02;2412;Goms;6077;VS;100%;8.283522439015982;46.49632109878974;de;01.07.2008
Ried-Mörel;3986;00;2415;Riederalp;6181;VS;100%;8.030906611643964;46.35715047934894;de;01.07.2008
Riederalp;3987;00;2416;Riederalp;6181;VS;100%;8.03455828;46.37855056;de;01.07.2008
Ulrichen;3988;00;2428;Obergoms;6076;VS;100%;8.307761723438944;46.50587215751503;de;01.07.2008
Obergesteln;3988;02;2413;Obergoms;6076;VS;100%;8.325089471080142;46.51459058221492;de;01.07.2008
Biel VS;3989;00;2409;Goms;6077;VS;100%;8.217219324274264;46.45562867849604;de;01.07.2008
Ritzingen;3989;02;6037;Goms;6077;VS;100%;8.222676761966689;46.457669227019956;de;01.07.2008
Selkingen;3989;03;6038;Goms;6077;VS;100%;8.212692824029512;46.45312273000887;de;01.07.2008
Niederwald;3989;04;2407;Goms;6077;VS;100%;8.190723703418879;46.4354222;de;01.07.2008
Blitzingen;3989;05;2408;Goms;6077;VS;100%;8.201541155716578;46.44408519195735;de;01.07.2008
Betten;3991;00;2417;Bettmeralp;6205;VS;99.14%;8.068834933515593;46.37752871274581;de;01.07.2008
Betten;3991;00;2417;Riederalp;6181;VS;0.86%;8.054846512;46.369661484766766;de;01.07.2008
Bettmeralp;3992;00;2418;Bettmeralp;6205;VS;100%;8.062486119436876;46.389465397507465;de;01.07.2008
Grengiols;3993;00;2404;Grengiols;6177;VS;99.67%;8.099294039;46.372632535615566;de;01.07.2008
Grengiols;3993;00;2404;Lax;6061;VS;0.33%;8.105426773046476;46.38097188172415;de;01.07.2008
Lax;3994;00;2405;Lax;6061;VS;100%;8.116002437627195;46.388897641502325;de;01.07.2008
Martisberg;3994;02;6045;Bettmeralp;6205;VS;97.30%;8.099660652811675;46.38674504309476;de;01.07.2008
Martisberg;3994;02;6045;Grengiols;6177;VS;2.70%;8.09765395;46.382069829014526;de;01.07.2008
Ernen;3995;00;2419;Ernen;6056;VS;100%;8.142489982143282;46.39634701174788;de;01.07.2008
Ausserbinn;3995;02;6035;Ernen;6056;VS;100%;8.148996802;46.38186788343312;de;01.07.2008
Mühlebach (Goms);3995;03;6036;Ernen;6056;VS;100%;8.157346126;46.40870435243632;de;01.07.2008
Steinhaus;3995;04;6039;Ernen;6056;VS;100%;8.178553802811074;46.422727807214336;de;01.07.2008
Binn;3996;00;2420;Binn;6054;VS;95.59%;8.191754790677399;46.36532719;de;01.07.2008
Binn;3996;00;2420;Grengiols;6177;VS;4.42%;8.174176845517492;46.34067652368755;de;01.07.2008
Bellwald;3997;00;2406;Bellwald;6052;VS;99.92%;8.160106803123856;46.42756945520588;de;01.07.2008
Bellwald;3997;00;2406;Fieschertal;6058;VS;0.08%;8.144936411153989;46.43249569662738;de;01.07.2008
Reckingen VS;3998;00;2411;Goms;6077;VS;100%;8.243986532402445;46.46998870609333;de;01.07.2008
Gluringen;3998;01;2410;Goms;6077;VS;100%;8.232725657;46.46386968119713;de;01.07.2008
Oberwald;3999;00;2414;Obergoms;6076;VS;100%;8.353688896949413;46.53288717222359;de;01.07.2008
Basel;4001;00;2444;Basel;2701;BS;100%;7.5889646883512105;47.556219273959435;de;01.07.2008
Basel;4031;00;2491;Basel;2701;BS;100%;7.582588897812256;47.561686512998556;de;01.07.2008
Basel;4051;00;2494;Basel;2701;BS;100%;7.5849759486486095;47.55513610769308;de;01.07.2008
Basel;4052;00;2495;Basel;2701;BS;97.72%;7.606962665079346;47.55060055059701;de;01.07.2008
Basel;4052;00;2495;Münchenstein;2769;BL;2.29%;7.616146619929348;47.53593603924906;de;01.07.2008
Basel;4053;00;2496;Basel;2701;BS;99.71%;7.593771595026366;47.541607108056375;de;01.07.2008
Basel;4053;00;2496;Binningen;2765;BL;0.29%;7.585858142647838;47.540898574336005;de;01.07.2008
Basel;4054;00;2497;Basel;2701;BS;100%;7.566842448948606;47.55017491852814;de;01.07.2008
Basel;4055;00;2498;Basel;2701;BS;100%;7.569603809418566;47.56028980283805;de;01.07.2008
Basel;4056;00;2499;Basel;2701;BS;100%;7.575294695813292;47.56708251865497;de;01.07.2008
Basel;4057;00;2500;Basel;2701;BS;100%;7.592325314118358;47.569822380474406;de;01.07.2008
Basel;4058;00;2501;Basel;2701;BS;99.95%;7.6082574738618165;47.56509657232719;de;01.07.2008
Basel;4058;00;2501;Riehen;2703;BS;0.05%;7.626579621657864;47.56824322430364;de;01.07.2008
Basel;4059;00;2502;Basel;2701;BS;100%;7.592551915245573;47.533181538433766;de;01.07.2008
Bruderholz;4101;00;2504;Binningen;2765;BL;70.59%;7.5815563845426235;47.52837485993648;de;01.07.2008
Bruderholz;4101;00;2504;Bottmingen;2767;BL;29.41%;7.579431287359952;47.52819757029994;de;01.07.2008
Binningen;4102;00;2505;Binningen;2765;BL;99.96%;7.568406166459914;47.53764486684306;de;01.07.2008
Binningen;4102;00;2505;Bottmingen;2767;BL;0.04%;7.565983595542704;47.528938239817045;de;01.07.2008
Bottmingen;4103;00;2508;Bottmingen;2767;BL;100%;7.572102586076597;47.523376505902725;de;01.07.2008
Oberwil BL;4104;00;2509;Oberwil (BL);2771;BL;100%;7.5569357523416425;47.51568515061113;de;01.07.2008
Biel-Benken BL;4105;00;2510;Biel-Benken;2764;BL;99.95%;7.523387999069029;47.50732303;de;01.07.2008
Biel-Benken BL;4105;00;2510;Bättwil;2471;SO;0.06%;7.511023917852802;47.50263651422138;de;01.07.2008
Therwil;4106;00;2511;Therwil;2775;BL;100%;7.556700247204324;47.49919060713908;de;01.07.2008
Ettingen;4107;00;2512;Ettingen;2768;BL;100%;7.546659196787293;47.482201802232396;de;01.07.2008
Witterswil;4108;00;2513;Witterswil;2481;SO;100%;7.523951877090017;47.48626787237508;de;01.07.2008
Bättwil;4112;01;2515;Bättwil;2471;SO;99.82%;7.511258635992925;47.489694130050786;de;01.07.2008
Bättwil;4112;01;2515;Witterswil;2481;SO;0.18%;7.522601501356168;47.49668381733089;de;01.07.2008
Flüh;4112;02;2516;Hofstetten-Flüh;2476;SO;100%;7.498235081664855;47.483882387604396;de;01.07.2008
Hofstetten SO;4114;00;2518;Hofstetten-Flüh;2476;SO;100%;7.5146237019055935;47.47652485060121;de;01.07.2008
Mariastein;4115;00;2519;Metzerlen-Mariastein;2477;SO;99.35%;7.487031166976756;47.47728596150962;de;01.07.2008
Mariastein;4115;00;2519;Hofstetten-Flüh;2476;SO;0.65%;7.487964217622592;47.48214231321787;de;01.07.2008
Metzerlen;4116;00;2520;Metzerlen-Mariastein;2477;SO;100%;7.467005884531364;47.464386073988926;de;01.07.2008
Burg im Leimental;4117;00;2521;Burg im Leimental;2783;BL;100%;7.439578135348669;47.45797659281394;de;01.07.2008
Rodersdorf;4118;00;2522;Rodersdorf;2479;SO;100%;7.458271677879022;47.48165625356056;de;01.07.2008
Allschwil;4123;00;2523;Allschwil;2762;BL;100%;7.546467283728189;47.55170646483113;de;01.07.2008
Schönenbuch;4124;00;2527;Schönenbuch;2774;BL;100%;7.503407820041061;47.53770793458332;de;01.07.2008
Riehen;4125;00;2528;Riehen;2703;BS;100%;7.647573751899576;47.577803707415924;de;01.07.2008
Bettingen;4126;00;2531;Bettingen;2702;BS;100%;7.665830542;47.57027774544192;de;01.07.2008
Birsfelden;4127;00;2532;Birsfelden;2766;BL;87.71%;7.626908259968157;47.55217089439488;de;01.07.2008
Birsfelden;4127;00;2532;Muttenz;2770;BL;12.29%;7.657969539187622;47.543012534164205;de;01.07.2008
Muttenz;4132;00;2533;Muttenz;2770;BL;100%;7.640741251880773;47.52852997545262;de;01.07.2008
Pratteln;4133;00;2536;Pratteln;2831;BL;94.67%;7.694931573334963;47.519968884710856;de;01.07.2008
Pratteln;4133;00;2536;Muttenz;2770;BL;5.03%;7.666161135712349;47.53254822590416;de;01.07.2008
Pratteln;4133;00;2536;Augst;2822;BL;0.17%;7.696178765893531;47.531786958981655;de;01.07.2008
Pratteln;4133;00;2536;Frenkendorf;2824;BL;0.13%;7.7089292657414905;47.50868314336774;de;01.07.2008
Münchenstein;4142;00;2541;Münchenstein;2769;BL;99.90%;7.610873422591424;47.519251409213844;de;01.07.2008
Münchenstein;4142;00;2541;Muttenz;2770;BL;0.10%;7.623969482880185;47.52459162277554;de;01.07.2008
Dornach;4143;00;2545;Dornach;2473;SO;100%;7.616823997922434;47.48025380717448;de;01.07.2008
Arlesheim;4144;00;2549;Arlesheim;2763;BL;99.97%;7.618349284001517;47.49590993693479;de;01.07.2008
Arlesheim;4144;00;2549;Reinach (BL);2773;BL;0.03%;7.6068840386677605;47.50226241218256;de;01.07.2008
Gempen;4145;00;2551;Gempen;2474;SO;100%;7.660503595534641;47.475034049584856;de;01.07.2008
Hochwald;4146;00;2552;Hochwald;2475;SO;100%;7.6435263384582735;47.45500854506194;de;01.07.2008
Aesch BL;4147;00;2553;Aesch (BL);2761;BL;99.27%;7.596259710907453;47.471064656528036;de;01.07.2008
Aesch BL;4147;00;2553;Pfeffingen;2772;BL;0.73%;7.567036045323423;47.46482274463239;de;01.07.2008
Pfeffingen;4148;00;2555;Pfeffingen;2772;BL;100%;7.590018446144032;47.459254804871264;de;01.07.2008
Reinach BL;4153;00;2556;Reinach (BL);2773;BL;99.46%;7.593619591937918;47.49837386658393;de;01.07.2008
Reinach BL;4153;00;2556;Therwil;2775;BL;0.44%;7.569402550974668;47.48831888480151;de;01.07.2008
Reinach BL;4153;00;2556;Aesch (BL);2761;BL;0.08%;7.594398707;47.48337093191418;de;01.07.2008
Reinach BL;4153;00;2556;Münchenstein;2769;BL;0.03%;7.607695762325526;47.50523461102292;de;01.07.2008
Duggingen;4202;00;2559;Duggingen;2785;BL;99.90%;7.606508022;47.45249562829943;de;01.07.2008
Duggingen;4202;00;2559;Aesch (BL);2761;BL;0.10%;7.603810431487935;47.46778935;de;01.07.2008
Grellingen;4203;00;2560;Grellingen;2786;BL;100%;7.586983468440394;47.44082089;de;01.07.2008
Himmelried;4204;00;2579;Himmelried;2618;SO;97.48%;7.592126009234111;47.42190858;de;01.07.2008
Himmelried;4204;00;2579;Seewen;2480;SO;2.01%;7.615769060689009;47.41815135864354;de;01.07.2008
Himmelried;4204;00;2579;Nunningen;2621;SO;0.50%;7.598229622639364;47.415541489463756;de;01.07.2008
Seewen SO;4206;00;2562;Seewen;2480;SO;99.08%;7.6586676642387985;47.43513087005933;de;01.07.2008
Seewen SO;4206;00;2562;Himmelried;2618;SO;0.92%;7.614457528096392;47.430358404243584;de;01.07.2008
Bretzwil;4207;00;2563;Bretzwil;2883;BL;100%;7.6510593170242736;47.398556741935856;de;01.07.2008
Nunningen;4208;00;2564;Nunningen;2621;SO;100%;7.618831322813566;47.394896653522224;de;01.07.2008
Zwingen;4222;00;2565;Zwingen;2793;BL;100%;7.532066429501925;47.43723527831594;de;01.07.2008
Blauen;4223;00;2580;Blauen;2781;BL;100%;7.519041162893096;47.44982767211646;de;01.07.2008
Nenzlingen;4224;00;2581;Nenzlingen;2789;BL;100%;7.5610010025624765;47.44724589273359;de;01.07.2008
Brislach;4225;00;2567;Brislach;2782;BL;100%;7.542107184575204;47.41962531993815;de;01.07.2008
Breitenbach;4226;00;2568;Breitenbach;2613;SO;100%;7.547182890325624;47.406651123254065;de;01.07.2008
Büsserach;4227;00;2570;Büsserach;2614;SO;100%;7.542096970694399;47.39368611750268;de;01.07.2008
Erschwil;4228;00;2571;Erschwil;2615;SO;100%;7.541621452885966;47.37363837157929;de;01.07.2008
Beinwil SO;4229;00;2582;Beinwil (SO);2612;SO;94.07%;7.597535073320636;47.36011093033992;de;01.07.2008
Beinwil SO;4229;00;2582;Lauwil;2889;BL;3.11%;7.650010310602316;47.371108163891535;de;01.07.2008
Beinwil SO;4229;00;2582;Mümliswil-Ramiswil;2428;SO;1.98%;7.645268996050896;47.36386729717837;de;01.07.2008
Beinwil SO;4229;00;2582;Meltingen;2620;SO;0.85%;7.590948849125134;47.37147056561846;de;01.07.2008
Fehren;4232;00;2584;Fehren;2616;SO;96.23%;7.57961424;47.39614711;de;01.07.2008
Fehren;4232;00;2584;Breitenbach;2613;SO;3.77%;7.573757875412936;47.40600270800138;de;01.07.2008
Meltingen;4233;00;2585;Meltingen;2620;SO;97.82%;7.590344576100039;47.387184335246886;de;01.07.2008
Meltingen;4233;00;2585;Erschwil;2615;SO;1.91%;7.567209802067761;47.382499244722744;de;01.07.2008
Meltingen;4233;00;2585;Zullwil;2622;SO;0.27%;7.599358105452445;47.385710223009895;de;01.07.2008
Zullwil;4234;00;2586;Zullwil;2622;SO;100%;7.600911803908468;47.39113651143491;de;01.07.2008
Laufen;4242;00;2572;Laufen;2787;BL;99.41%;7.5009084;47.42050897924971;de;01.07.2008
Laufen;4242;00;2572;Brislach;2782;BL;0.55%;7.527431527;47.41419139283199;de;01.07.2008
Laufen;4242;00;2572;Zwingen;2793;BL;0.04%;7.512207370522819;47.425818444200104;de;01.07.2008
Dittingen;4243;00;2574;Dittingen;2784;BL;100%;7.5007956090789545;47.43766081;de;01.07.2008
Röschenz;4244;00;2575;Röschenz;2791;BL;100%;7.475891881115371;47.425286436398885;de;01.07.2008
Kleinlützel;4245;00;2577;Kleinlützel;2619;SO;99.69%;7.417697515836571;47.424345682742604;de;01.07.2008
Kleinlützel;4245;00;2577;Roggenburg;2790;BL;0.31%;7.381562614688856;47.431078768542605;de;01.07.2008
Wahlen b. Laufen;4246;00;2587;Wahlen;2792;BL;99.11%;7.515352388934441;47.40140580069518;de;01.07.2008
Wahlen b. Laufen;4246;00;2587;Laufen;2787;BL;0.90%;7.515020349227745;47.410148358846094;de;01.07.2008
Grindel;4247;00;2588;Grindel;2617;SO;100%;7.503511928576339;47.381490772422566;de;01.07.2008
Bärschwil;4252;00;2589;Bärschwil;2611;SO;98.33%;7.472011423;47.386261868818806;de;01.07.2008
Bärschwil;4252;00;2589;Laufen;2787;BL;1.67%;7.480599629341327;47.39461476557654;de;01.07.2008
Liesberg;4253;00;2592;Liesberg;2788;BL;95.90%;7.426729438799949;47.39678893496674;de;01.07.2008
Liesberg;4253;00;2592;Bärschwil;2611;SO;4.10%;7.444135190070643;47.40128665799125;de;01.07.2008
Liesberg Dorf;4254;00;2594;Liesberg;2788;BL;100%;7.430967071314432;47.40368787;de;01.07.2008
Augst BL;4302;00;2595;Augst;2822;BL;99.61%;7.718147120435403;47.534062692180754;de;01.07.2008
Augst BL;4302;00;2595;Pratteln;2831;BL;0.39%;7.713541330044726;47.53455035682352;de;01.07.2008
Kaiseraugst;4303;00;2596;Kaiseraugst;4252;AG;99.36%;7.728314213;47.53789614084366;de;01.07.2008
Kaiseraugst;4303;00;2596;Giebenach;2826;BL;0.28%;7.734250772;47.53067710775494;de;01.07.2008
Kaiseraugst;4303;00;2596;Rheinfelden;4258;AG;0.28%;7.763090239062517;47.54312854784063;de;01.07.2008
Kaiseraugst;4303;00;2596;Augst;2822;BL;0.07%;7.724160351;47.53601771911792;de;01.07.2008
Giebenach;4304;00;2599;Giebenach;2826;BL;100%;7.743434763369427;47.52275673859838;de;01.07.2008
Olsberg;4305;00;2600;Olsberg;4257;AG;96.53%;7.783727139757757;47.52195141703063;de;01.07.2008
Olsberg;4305;00;2600;Arisdorf;2821;BL;2.84%;7.788873051538633;47.51818937692125;de;01.07.2008
Olsberg;4305;00;2600;Magden;4253;AG;0.63%;7.795309350191194;47.52432380252314;de;01.07.2008
Rheinfelden;4310;00;2601;Rheinfelden;4258;AG;100%;7.792222927936793;47.55167757157516;de;01.07.2008
Magden;4312;00;2604;Magden;4253;AG;100%;7.8128193479769585;47.527806239146685;de;01.07.2008
Möhlin;4313;00;2605;Möhlin;4254;AG;96.44%;7.842818153745689;47.56125277720631;de;01.07.2008
Möhlin;4313;00;2605;Rheinfelden;4258;AG;3.56%;7.826345302;47.56719090021622;de;01.07.2008
Zeiningen;4314;00;2607;Zeiningen;4263;AG;100%;7.872270326335794;47.542610134183846;de;01.07.2008
Zuzgen;4315;00;2608;Zuzgen;4264;AG;98.07%;7.899021405527695;47.52569739543516;de;01.07.2008
Zuzgen;4315;00;2608;Zeiningen;4263;AG;1.93%;7.888312940313243;47.53127068689479;de;01.07.2008
Hellikon;4316;00;2609;Hellikon;4251;AG;99.06%;7.922681495371591;47.50940284786445;de;01.07.2008
Hellikon;4316;00;2609;Hemmiken;2848;BL;0.94%;7.895892886183781;47.50180769890497;de;01.07.2008
Wegenstetten;4317;00;2610;Wegenstetten;4262;AG;100%;7.931293479892923;47.49759334583929;de;01.07.2008
Mumpf;4322;00;2611;Mumpf;4255;AG;100%;7.9153579440414665;47.54689309000158;de;01.07.2008
Wallbach;4323;00;2613;Wallbach;4261;AG;99.47%;7.902501976950361;47.55939273530919;de;01.07.2008
Wallbach;4323;00;2613;Zeiningen;4263;AG;0.53%;7.895432344566164;47.55463603786766;de;01.07.2008
Obermumpf;4324;00;2614;Obermumpf;4256;AG;100%;7.935141308619468;47.53164631096849;de;01.07.2008
Schupfart;4325;00;2615;Schupfart;4259;AG;100%;7.964783909856087;47.514355018076984;de;01.07.2008
Stein AG;4332;00;2616;Stein (AG);4260;AG;100%;7.9530264448360874;47.54369223708543;de;01.07.2008
Münchwilen AG;4333;00;2618;Münchwilen (AG);4172;AG;100%;7.964536373;47.53900873251318;de;01.07.2008
Sisseln AG;4334;00;2619;Sisseln;4177;AG;100%;7.990960071095126;47.55237686820353;de;01.07.2008
Frenkendorf;4402;00;2639;Frenkendorf;2824;BL;99.90%;7.713342850368969;47.503782723933256;de;01.07.2008
Frenkendorf;4402;00;2639;Pratteln;2831;BL;0.10%;7.694230204452352;47.50383536;de;01.07.2008
Liestal;4410;00;2640;Liestal;2829;BL;99.78%;7.734719494549831;47.483601644965724;de;01.07.2008
Liestal;4410;00;2640;Bubendorf;2823;BL;0.22%;7.738056762;47.46595577259305;de;01.07.2008
Seltisberg;4411;00;2644;Seltisberg;2833;BL;100%;7.718892813167423;47.46122780948773;de;01.07.2008
Nuglar;4412;00;2645;Nuglar-St. Pantaleon;2478;SO;98.35%;7.692983719;47.47068628;de;01.07.2008
Nuglar;4412;00;2645;Seltisberg;2833;BL;1.66%;7.701765443484435;47.462733952594064;de;01.07.2008
Büren SO;4413;00;2646;Büren (SO);2472;SO;100%;7.671973524240309;47.44964834898744;de;01.07.2008
Füllinsdorf;4414;00;2647;Füllinsdorf;2825;BL;100%;7.729509641062487;47.50629762196193;de;01.07.2008
Lausen;4415;00;2648;Lausen;2828;BL;99.96%;7.75999775;47.47310129368716;de;01.07.2008
Lausen;4415;00;2648;Liestal;2829;BL;0.04%;7.751524160876083;47.476018495197536;de;01.07.2008
Bubendorf;4416;00;2650;Bubendorf;2823;BL;100%;7.738327691;47.45044027;de;01.07.2008
Ziefen;4417;00;2651;Ziefen;2834;BL;100%;7.706250905737125;47.43154112583852;de;01.07.2008
Reigoldswil;4418;00;2652;Reigoldswil;2893;BL;98.38%;7.690372075292905;47.397893425624964;de;01.07.2008
Reigoldswil;4418;00;2652;Waldenburg;2895;BL;1.01%;7.701425184986325;47.37478957321189;de;01.07.2008
Reigoldswil;4418;00;2652;Lauwil;2889;BL;0.40%;7.685462679;47.376038913293996;de;01.07.2008
Reigoldswil;4418;00;2652;Mümliswil-Ramiswil;2428;SO;0.20%;7.702346315690488;47.37094690723398;de;01.07.2008
Lupsingen;4419;00;2653;Lupsingen;2830;BL;100%;7.6929228086991674;47.44677118885738;de;01.07.2008
St. Pantaleon;4421;00;2654;Nuglar-St. Pantaleon;2478;SO;100%;7.690616615685476;47.460986868908044;de;01.07.2008
Arisdorf;4422;00;2655;Arisdorf;2821;BL;98.75%;7.765601469949087;47.51081545255224;de;01.07.2008
Arisdorf;4422;00;2655;Liestal;2829;BL;1.25%;7.748684630624084;47.49855815183959;de;01.07.2008
Hersberg;4423;00;2656;Hersberg;2827;BL;100%;7.783485101489005;47.49277573156525;de;01.07.2008
Arboldswil;4424;00;2658;Arboldswil;2881;BL;100%;7.7171140992800895;47.41519110686046;de;01.07.2008
Titterten;4425;00;2659;Titterten;2894;BL;99.73%;7.716304766900536;47.40225036436957;de;01.07.2008
Titterten;4425;00;2659;Arboldswil;2881;BL;0.27%;7.702689975809189;47.41103356469396;de;01.07.2008
Lauwil;4426;00;2660;Lauwil;2889;BL;100%;7.675549846049338;47.38904734348065;de;01.07.2008
Bennwil;4431;00;2661;Bennwil;2882;BL;99.80%;7.780962632294602;47.403777238065935;de;01.07.2008
Bennwil;4431;00;2661;Niederdorf;2891;BL;0.20%;7.767874599419677;47.40178248376915;de;01.07.2008
Lampenberg;4432;00;2662;Lampenberg;2887;BL;100%;7.758905753237461;47.42602009;de;01.07.2008
Ramlinsburg;4433;00;2664;Ramlinsburg;2832;BL;100%;7.764350508855293;47.44950664671548;de;01.07.2008
Hölstein;4434;00;2665;Hölstein;2886;BL;99.92%;7.770962549181587;47.42326988432968;de;01.07.2008
Hölstein;4434;00;2665;Bennwil;2882;BL;0.08%;7.773115804874823;47.40947554;de;01.07.2008
Niederdorf;4435;00;2667;Niederdorf;2891;BL;96.96%;7.752486861943839;47.40727572;de;01.07.2008
Niederdorf;4435;00;2667;Oberdorf (BL);2892;BL;3.04%;7.745014618;47.40267268138421;de;01.07.2008
Oberdorf BL;4436;00;2669;Oberdorf (BL);2892;BL;99.60%;7.751848314718207;47.393282378790644;de;01.07.2008
Oberdorf BL;4436;00;2669;Niederdorf;2891;BL;0.40%;7.766447394317854;47.406670413338425;de;01.07.2008
Liedertswil;4436;02;5969;Liedertswil;2890;BL;92.54%;7.7186980408202945;47.391280606815705;de;01.07.2008
Liedertswil;4436;02;5969;Oberdorf (BL);2892;BL;7.46%;7.734428789259226;47.39771737880852;de;01.07.2008
Waldenburg;4437;00;2670;Waldenburg;2895;BL;100%;7.747143054365756;47.381269637282635;de;01.07.2008
Langenbruck;4438;00;2672;Langenbruck;2888;BL;96.13%;7.769079022;47.35024151320317;de;01.07.2008
Langenbruck;4438;00;2672;Hägendorf;2579;SO;2.25%;7.795983801823492;47.34411728;de;01.07.2008
Langenbruck;4438;00;2672;Waldenburg;2895;BL;1%;7.730001887;47.369822808423535;de;01.07.2008
Langenbruck;4438;00;2672;Holderbank (SO);2425;SO;0.63%;7.760731877477547;47.342107120430306;de;01.07.2008
Thürnen;4441;00;2673;Thürnen;2864;BL;100%;7.828664230698779;47.45573885687584;de;01.07.2008
Diepflingen;4442;00;2674;Diepflingen;2845;BL;99.73%;7.838237264034629;47.44671207980235;de;01.07.2008
Diepflingen;4442;00;2674;Wittinsburg;2867;BL;0.27%;7.8429213585816235;47.438570817019695;de;01.07.2008
Wittinsburg;4443;00;2675;Wittinsburg;2867;BL;97.06%;7.841212616421996;47.42460301500145;de;01.07.2008
Wittinsburg;4443;00;2675;Tenniken;2863;BL;2.94%;7.828581492;47.42630117485805;de;01.07.2008
Rümlingen;4444;00;2676;Rümlingen;2859;BL;85.85%;7.8488613713932365;47.42481901519193;de;01.07.2008
Rümlingen;4444;00;2676;Gelterkinden;2846;BL;7.69%;7.852269189659107;47.43871196165589;de;01.07.2008
Rümlingen;4444;00;2676;Wittinsburg;2867;BL;5.54%;7.848112749;47.432610668033504;de;01.07.2008
Rümlingen;4444;00;2676;Buckten;2843;BL;0.92%;7.846676348246726;47.41985291666871;de;01.07.2008
Häfelfingen;4445;00;2678;Häfelfingen;2847;BL;98.73%;7.8650865985165845;47.415280438761094;de;01.07.2008
Häfelfingen;4445;00;2678;Rünenberg;2860;BL;0.85%;7.879276561445793;47.41827635556233;de;01.07.2008
Häfelfingen;4445;00;2678;Buckten;2843;BL;0.42%;7.849838986068638;47.41925710106295;de;01.07.2008
Buckten;4446;00;2679;Buckten;2843;BL;98.97%;7.843935056820042;47.40963606282562;de;01.07.2008
Buckten;4446;00;2679;Läufelfingen;2852;BL;1.03%;7.839515020365583;47.40297760165878;de;01.07.2008
Känerkinden;4447;00;2681;Känerkinden;2850;BL;94.28%;7.836043621878676;47.41211885857549;de;01.07.2008
Känerkinden;4447;00;2681;Buckten;2843;BL;3.82%;7.839317774950885;47.41583119980965;de;01.07.2008
Känerkinden;4447;00;2681;Diegten;2884;BL;1.91%;7.826200926407532;47.408761385643665;de;01.07.2008
Läufelfingen;4448;00;2682;Läufelfingen;2852;BL;93.19%;7.855969508053914;47.39489659973171;de;01.07.2008
Läufelfingen;4448;00;2682;Diegten;2884;BL;4.23%;7.829082109120732;47.39873206571363;de;01.07.2008
Läufelfingen;4448;00;2682;Häfelfingen;2847;BL;2.58%;7.867301637021808;47.40730331552252;de;01.07.2008
Sissach;4450;00;2683;Sissach;2861;BL;99.41%;7.8104868626159805;47.46572811388647;de;01.07.2008
Sissach;4450;00;2683;Itingen;2849;BL;0.41%;7.790203882407965;47.47328347049039;de;01.07.2008
Sissach;4450;00;2683;Thürnen;2864;BL;0.15%;7.815654569661117;47.45376723;de;01.07.2008
Sissach;4450;00;2683;Böckten;2842;BL;0.04%;7.825601517137572;47.46495011443947;de;01.07.2008
Wintersingen;4451;00;2686;Wintersingen;2866;BL;99.80%;7.825819421768481;47.49494459625961;de;01.07.2008
Wintersingen;4451;00;2686;Maisprach;2853;BL;0.20%;7.836051147163467;47.50739366383165;de;01.07.2008
Itingen;4452;00;2687;Itingen;2849;BL;100%;7.785856600748477;47.467747227448726;de;01.07.2008
Nusshof;4453;00;2688;Nusshof;2854;BL;100%;7.805017287138339;47.492008179712535;de;01.07.2008
Zunzgen;4455;00;2689;Zunzgen;2869;BL;100%;7.805659777;47.45236025197987;de;01.07.2008
Tenniken;4456;00;2690;Tenniken;2863;BL;98.21%;7.8121710490532426;47.43730120660521;de;01.07.2008
Tenniken;4456;00;2690;Diegten;2884;BL;1.79%;7.7932912650311135;47.42492157;de;01.07.2008
Diegten;4457;00;2691;Diegten;2884;BL;99.62%;7.810297424680019;47.410027754613026;de;01.07.2008
Diegten;4457;00;2691;Bennwil;2882;BL;0.29%;7.797129928408846;47.400544339134015;de;01.07.2008
Diegten;4457;00;2691;Hölstein;2886;BL;0.10%;7.789405757;47.41449110874554;de;01.07.2008
Eptingen;4458;00;2692;Eptingen;2885;BL;99.54%;7.8174518054091084;47.38384913730718;de;01.07.2008
Eptingen;4458;00;2692;Läufelfingen;2852;BL;0.46%;7.845130438940658;47.377297465746345;de;01.07.2008
Gelterkinden;4460;00;2693;Gelterkinden;2846;BL;99.93%;7.854843238165566;47.464471029668395;de;01.07.2008
Gelterkinden;4460;00;2693;Ormalingen;2856;BL;0.07%;7.866120641341454;47.46852828419223;de;01.07.2008
Böckten;4461;00;2697;Böckten;2842;BL;100%;7.836422839623066;47.464751583295396;de;01.07.2008
Rickenbach BL;4462;00;2700;Rickenbach (BL);2857;BL;97.20%;7.851257600813841;47.484432760491124;de;01.07.2008
Rickenbach BL;4462;00;2700;Buus;2844;BL;2.80%;7.857875253914006;47.49077681164527;de;01.07.2008
Buus;4463;00;2701;Buus;2844;BL;100%;7.864061182138016;47.50600815543239;de;01.07.2008
Maisprach;4464;00;2702;Maisprach;2853;BL;100%;7.845713877869549;47.52467353737617;de;01.07.2008
Hemmiken;4465;00;2698;Hemmiken;2848;BL;96%;7.891240100196627;47.48821395;de;01.07.2008
Hemmiken;4465;00;2698;Hellikon;4251;AG;3.64%;7.904558954440245;47.49389939873158;de;01.07.2008
Hemmiken;4465;00;2698;Ormalingen;2856;BL;0.36%;7.890120048636363;47.479745882910805;de;01.07.2008
Ormalingen;4466;00;2703;Ormalingen;2856;BL;99.83%;7.874473206233334;47.47101853718924;de;01.07.2008
Ormalingen;4466;00;2703;Hemmiken;2848;BL;0.18%;7.872948546271101;47.492268299396564;de;01.07.2008
Rothenfluh;4467;00;2704;Rothenfluh;2858;BL;100%;7.914441462884035;47.46226288497088;de;01.07.2008
Kienberg;4468;00;2705;Kienberg;2492;SO;100%;7.966521267250008;47.44057696893889;de;01.07.2008
Anwil;4469;00;2699;Anwil;2841;BL;100%;7.939656522323199;47.45127357208013;de;01.07.2008
Tecknau;4492;00;2706;Tecknau;2862;BL;100%;7.883994576639182;47.45006191990259;de;01.07.2008
Wenslingen;4493;00;2708;Wenslingen;2865;BL;99.79%;7.907715299437109;47.44094707743344;de;01.07.2008
Wenslingen;4493;00;2708;Kilchberg (BL);2851;BL;0.21%;7.906788669;47.426011372348356;de;01.07.2008
Oltingen;4494;00;2709;Oltingen;2855;BL;100%;7.934394448150542;47.432974936137796;de;01.07.2008
Zeglingen;4495;00;2710;Zeglingen;2868;BL;99.77%;7.906948220814669;47.41701643892951;de;01.07.2008
Zeglingen;4495;00;2710;Wenslingen;2865;BL;0.23%;7.911894316466976;47.424857332617876;de;01.07.2008
Kilchberg BL;4496;00;2711;Kilchberg (BL);2851;BL;100%;7.898478484189428;47.425990714793144;de;01.07.2008
Rünenberg;4497;00;2712;Rünenberg;2860;BL;100%;7.8826375394087576;47.43359872525439;de;01.07.2008
Solothurn;4500;00;2713;Solothurn;2601;SO;93.43%;7.532253836535292;47.209982708147834;de;01.07.2008
Solothurn;4500;00;2713;Biberist;2513;SO;3.65%;7.543491998777838;47.19905355124116;de;01.07.2008
Solothurn;4500;00;2713;Rüttenen;2555;SO;2.48%;7.534726676566404;47.21991080287016;de;01.07.2008
Solothurn;4500;00;2713;Bellach;2542;SO;0.27%;7.510366265280268;47.19826018521135;de;01.07.2008
Solothurn;4500;00;2713;Langendorf;2550;SO;0.15%;7.516432215788256;47.21340334404451;de;01.07.2008
Solothurn;4500;00;2713;Zuchwil;2534;SO;0.02%;7.546794612135833;47.20123819343758;de;01.07.2008
Bellach;4512;00;2736;Bellach;2542;SO;99.57%;7.499192530344188;47.21370139537659;de;01.07.2008
Bellach;4512;00;2736;Lommiswil;2551;SO;0.37%;7.488504261;47.21839265357092;de;01.07.2008
Bellach;4512;00;2736;Selzach;2556;SO;0.05%;7.476998334627179;47.208241991939744;de;01.07.2008
Langendorf;4513;00;2737;Langendorf;2550;SO;100%;7.513989190391291;47.22222870949865;de;01.07.2008
Lommiswil;4514;00;2738;Lommiswil;2551;SO;100%;7.470857194810273;47.22491093;de;01.07.2008
Oberdorf SO;4515;00;2739;Oberdorf (SO);2553;SO;100%;7.503674466326289;47.23045601450363;de;01.07.2008
Weissenstein b. Solothurn;4515;01;2728;Oberdorf (SO);2553;SO;100%;7.500170662906459;47.24975134840182;de;01.07.2008
Rüttenen;4522;00;2740;Rüttenen;2555;SO;97.06%;7.5296647992025285;47.23235446486332;de;01.07.2008
Rüttenen;4522;00;2740;Oberdorf (SO);2553;SO;2.35%;7.522388219495863;47.232063106624544;de;01.07.2008
Rüttenen;4522;00;2740;Langendorf;2550;SO;0.59%;7.525789548922402;47.22857968751502;de;01.07.2008
Niederwil SO;4523;00;2730;Riedholz;2554;SO;100%;7.573102889440545;47.25051737921474;de;01.07.2008
Günsberg;4524;00;2741;Günsberg;2547;SO;100%;7.5774252784835925;47.25670955466043;de;01.07.2008
Balmberg;4524;02;6549;Balm bei Günsberg;2541;SO;100%;7.560741225931847;47.26725475997635;de;01.07.2008
Oberbalmberg;4524;03;6550;Balm bei Günsberg;2541;SO;100%;7.538717211611622;47.26445771911703;de;01.07.2008
Balm b. Günsberg;4525;00;2729;Balm bei Günsberg;2541;SO;100%;7.5558280364467665;47.25216413437168;de;01.07.2008
Zuchwil;4528;00;2742;Zuchwil;2534;SO;98.91%;7.557759445398945;47.20565088348278;de;01.07.2008
Zuchwil;4528;00;2742;Biberist;2513;SO;1.09%;7.562409866256549;47.19659912;de;01.07.2008
Feldbrunnen;4532;00;2743;Feldbrunnen-St. Niklaus;2544;SO;95.04%;7.555599476558099;47.219936626815965;de;01.07.2008
Feldbrunnen;4532;00;2743;Rüttenen;2555;SO;4.96%;7.542057410489339;47.221730423740574;de;01.07.2008
Riedholz;4533;00;2744;Riedholz;2554;SO;100%;7.566944059253111;47.23262507191212;de;01.07.2008
Flumenthal;4534;00;2745;Flumenthal;2545;SO;100%;7.599889909160197;47.23648757574586;de;01.07.2008
Hubersdorf;4535;00;2731;Hubersdorf;2548;SO;100%;7.588424116114285;47.24500289320457;de;01.07.2008
Kammersrohr;4535;02;5967;Kammersrohr;2549;SO;100%;7.594002110487142;47.25552821892633;de;01.07.2008
Attiswil;4536;00;2746;Attiswil;971;BE;97.75%;7.611417737341948;47.24838882349626;de;01.07.2008
Attiswil;4536;00;2746;Wangen an der Aare;992;BE;2.25%;7.621141703941067;47.233415831812266;de;01.07.2008
Wiedlisbach;4537;00;2747;Wiedlisbach;995;BE;100%;7.6465647063979185;47.25102039572202;de;01.07.2008
Oberbipp;4538;00;2748;Oberbipp;983;BE;100%;7.6615307881480375;47.260355901246754;de;01.07.2008
Rumisberg;4539;00;2732;Rumisberg;987;BE;99.01%;7.641733828202774;47.26602295698617;de;01.07.2008
Rumisberg;4539;00;2732;Wiedlisbach;995;BE;0.99%;7.635054610947061;47.25708487955365;de;01.07.2008
Farnern;4539;02;2733;Farnern;975;BE;99.56%;7.620583732684964;47.26749726509916;de;01.07.2008
Farnern;4539;02;2733;Rumisberg;987;BE;0.44%;7.623668546246315;47.27305101119703;de;01.07.2008
Luterbach;4542;00;2840;Luterbach;2527;SO;98.15%;7.583626838339976;47.214661065749844;de;01.07.2008
Luterbach;4542;00;2840;Deitingen;2516;SO;1.85%;7.590365395072317;47.22616560427826;de;01.07.2008
Deitingen;4543;00;2839;Deitingen;2516;SO;98.29%;7.619601133847881;47.21515908541532;de;01.07.2008
Deitingen;4543;00;2839;Flumenthal;2545;SO;1.71%;7.614225735406663;47.22649165839119;de;01.07.2008
Derendingen;4552;00;2749;Derendingen;2517;SO;99.21%;7.587602698234961;47.19645974534562;de;01.07.2008
Derendingen;4552;00;2749;Luterbach;2527;SO;0.79%;7.584670998545182;47.20510083204659;de;01.07.2008
Subingen;4553;00;2750;Subingen;2532;SO;98.98%;7.613635775095745;47.19537091715196;de;01.07.2008
Subingen;4553;00;2750;Derendingen;2517;SO;1.02%;7.604363738281845;47.19267716024122;de;01.07.2008
Etziken;4554;00;2752;Etziken;2518;SO;100%;7.646253482499031;47.187689392918465;de;01.07.2008
Hüniken;4554;02;5963;Hüniken;2524;SO;100%;7.637256869210309;47.184637996554194;de;01.07.2008
Aeschi SO;4556;00;1982;Aeschi (SO);2511;SO;100%;7.661787583789018;47.179223336868525;de;01.07.2008
Bolken;4556;02;5959;Bolken;2514;SO;100%;7.663663069133259;47.192334062533654;de;01.07.2008
Burgäschi;4556;03;5960;Aeschi (SO);2511;SO;97.47%;7.670547112087079;47.17308962148161;de;01.07.2008
Burgäschi;4556;03;5960;Niederönz;982;BE;2.53%;7.6745377118864315;47.174682609201426;de;01.07.2008
Steinhof SO;4556;04;5965;Aeschi (SO);2511;SO;100%;7.6868111042237635;47.16164138424682;de;01.07.2008
Horriwil;4557;00;2734;Horriwil;2523;SO;100%;7.621470547637833;47.18263123272054;de;01.07.2008
Hersiwil;4558;00;2735;Drei Höfe;2535;SO;100%;7.634904849107311;47.165609064986434;de;01.07.2008
Heinrichswil;4558;02;5962;Drei Höfe;2535;SO;100%;7.636499410100723;47.15809568064028;de;01.07.2008
Winistorf;4558;03;5966;Drei Höfe;2535;SO;100%;7.648921279466021;47.15801976018039;de;01.07.2008
Biberist;4562;00;2754;Biberist;2513;SO;100%;7.559647607761723;47.18248752784245;de;01.07.2008
Gerlafingen;4563;00;2755;Gerlafingen;2519;SO;99.03%;7.573270566;47.16977189544222;de;01.07.2008
Gerlafingen;4563;00;2755;Obergerlafingen;2528;SO;0.80%;7.585505978956597;47.172851219463844;de;01.07.2008
Gerlafingen;4563;00;2755;Kriegstetten;2525;SO;0.17%;7.587051708792865;47.17373073479645;de;01.07.2008
Obergerlafingen;4564;00;2756;Obergerlafingen;2528;SO;100%;7.584366085068809;47.16107848927554;de;01.07.2008
Zielebach;4564;01;2757;Zielebach;556;BE;100%;7.575734285827407;47.15831863946851;de;01.07.2008
Recherswil;4565;00;2758;Recherswil;2530;SO;100%;7.595375543105176;47.160290542861006;de;01.07.2008
Kriegstetten;4566;00;2761;Kriegstetten;2525;SO;100%;7.597558441765893;47.17603742961346;de;01.07.2008
Halten;4566;02;5961;Kriegstetten;2525;SO;100%;7.607218086047533;47.168746978323796;de;01.07.2008
Oekingen;4566;03;5964;Kriegstetten;2525;SO;100%;7.604994809756782;47.17913916107524;de;01.07.2008
Lüterkofen;4571;01;6274;Lüterkofen-Ichertswil;2455;SO;100%;7.511875822825672;47.16301784855666;de;01.07.2008
Ichertswil;4571;02;2772;Lüterkofen-Ichertswil;2455;SO;100%;7.498656100548688;47.158348114064815;de;01.07.2008
Lohn-Ammannsegg;4573;00;6362;Lohn-Ammannsegg;2526;SO;97.44%;7.528229017830341;47.17087682852811;de;01.07.2008
Lohn-Ammannsegg;4573;00;6362;Bätterkinden;533;BE;2.56%;7.527933714023275;47.15979549047719;de;01.07.2008
Nennigkofen;4574;00;2783;Lüsslingen-Nennigkofen;2464;SO;98.30%;7.494161102670951;47.18593726100677;de;01.07.2008
Nennigkofen;4574;00;2783;Selzach;2556;SO;1.71%;7.482688848349091;47.193857485435956;de;01.07.2008
Lüsslingen;4574;01;2784;Lüsslingen-Nennigkofen;2464;SO;98.71%;7.502095414515204;47.19005280599582;de;01.07.2008
Lüsslingen;4574;01;2784;Biberist;2513;SO;1.30%;7.512735928118802;47.194040184939546;de;01.07.2008
Tscheppach;4576;00;2773;Buchegg;2465;SO;100%;7.4792352232433625;47.14544891402328;de;01.07.2008
Hessigkofen;4577;00;2774;Buchegg;2465;SO;100%;7.466497519511185;47.141270012245485;de;01.07.2008
Bibern SO;4578;00;2770;Buchegg;2465;SO;100%;7.455860417;47.14598529560488;de;01.07.2008
Gossliwil;4579;00;2769;Buchegg;2465;SO;100%;7.434437334780899;47.136730660463215;de;01.07.2008
Küttigkofen;4581;00;2765;Buchegg;2465;SO;100%;7.514429451457617;47.150108684538885;de;01.07.2008
Brügglen;4582;00;2767;Buchegg;2465;SO;100%;7.49726771;47.14264388877732;de;01.07.2008
Mühledorf SO;4583;00;2768;Buchegg;2465;SO;100%;7.476130271;47.13557362545597;de;01.07.2008
Aetigkofen;4583;02;5956;Buchegg;2465;SO;100%;7.466028131279977;47.125106394093116;de;01.07.2008
Lüterswil;4584;02;6061;Buchegg;2465;SO;100%;7.439775865826752;47.12023422265027;de;01.07.2008
Gächliwil;4584;03;5958;Buchegg;2465;SO;100%;7.448052772377901;47.12876104;de;01.07.2008
Biezwil;4585;00;2776;Biezwil;2445;SO;100%;7.417336878306597;47.11414253931557;de;01.07.2008
Kyburg-Buchegg;4586;00;2766;Buchegg;2465;SO;100%;7.510054540830468;47.14200712102923;de;01.07.2008
Aetingen;4587;00;2777;Buchegg;2465;SO;100%;7.5050464952086475;47.132457569317715;de;01.07.2008
Unterramsern;4588;00;2778;Unterramsern;2463;SO;100%;7.483169586117947;47.119929123342565;de;01.07.2008
Brittern;4588;01;8094;Buchegg;2465;SO;100%;7.491486153942951;47.121499768263476;de;01.07.2008
Oberramsern;4588;02;2779;Messen;2457;SO;100%;7.4628211702732346;47.11473601;de;01.07.2008
Olten;4600;00;2786;Olten;2581;SO;99.67%;7.906403485651402;47.348877101642586;de;01.07.2008
Olten;4600;00;2786;Trimbach;2500;SO;0.15%;7.904568514724686;47.35698853561167;de;01.07.2008
Olten;4600;00;2786;Aarburg;4271;AG;0.13%;7.908932057809129;47.34145537;de;01.07.2008
Olten;4600;00;2786;Starrkirch-Wil;2584;SO;0.04%;7.919202113556058;47.33578242;de;01.07.2008
Wangen b. Olten;4612;00;2798;Wangen bei Olten;2586;SO;99.76%;7.871225805401428;47.34389624;de;01.07.2008
Wangen b. Olten;4612;00;2798;Olten;2581;SO;0.24%;7.881803251290288;47.33801874297661;de;01.07.2008
Rickenbach SO;4613;00;2799;Rickenbach (SO);2582;SO;100%;7.853863741242038;47.34216999917922;de;01.07.2008
Hägendorf;4614;00;2800;Hägendorf;2579;SO;99.04%;7.840794563551798;47.33576716166601;de;01.07.2008
Hägendorf;4614;00;2800;Gunzgen;2578;SO;0.96%;7.8224530112578075;47.32426260034629;de;01.07.2008
Allerheiligenberg;4615;00;2828;Hägendorf;2579;SO;100%;7.815532451769436;47.35208725018124;de;01.07.2008
Kappel SO;4616;00;2801;Kappel (SO);2580;SO;99.40%;7.8485939269339795;47.32278768126946;de;01.07.2008
Kappel SO;4616;00;2801;Gunzgen;2578;SO;0.60%;7.847414109909767;47.310352418109915;de;01.07.2008
Gunzgen;4617;00;2802;Gunzgen;2578;SO;100%;7.830973340923909;47.315437356198615;de;01.07.2008
Boningen;4618;00;2803;Boningen;2571;SO;98.38%;7.854531228;47.30723289041705;de;01.07.2008
Boningen;4618;00;2803;Kappel (SO);2580;SO;1.62%;7.863555992953944;47.31131056512496;de;01.07.2008
Egerkingen;4622;00;2804;Egerkingen;2401;SO;99.83%;7.795608196186709;47.32156931511312;de;01.07.2008
Egerkingen;4622;00;2804;Neuendorf;2404;SO;0.17%;7.802575898447228;47.31332660951495;de;01.07.2008
Neuendorf;4623;00;2805;Neuendorf;2404;SO;99.90%;7.795760514003115;47.29883069107154;de;01.07.2008
Neuendorf;4623;00;2805;Oberbuchsiten;2406;SO;0.11%;7.7796553405087945;47.30853727805811;de;01.07.2008
Härkingen;4624;00;2806;Härkingen;2402;SO;100%;7.817960055975264;47.30627939360715;de;01.07.2008
Oberbuchsiten;4625;00;2807;Oberbuchsiten;2406;SO;100%;7.7674673137093295;47.30985199756253;de;01.07.2008
Niederbuchsiten;4626;00;2808;Niederbuchsiten;2405;SO;99.65%;7.774388362060184;47.295836613874144;de;01.07.2008
Niederbuchsiten;4626;00;2808;Oberbuchsiten;2406;SO;0.35%;7.773394452008402;47.301802877420265;de;01.07.2008
Wolfwil;4628;00;2868;Wolfwil;2408;SO;100%;7.7966429109699185;47.26868709015067;de;01.07.2008
Fulenbach;4629;00;2867;Fulenbach;2575;SO;100%;7.832557823097288;47.27380503946582;de;01.07.2008
Trimbach;4632;00;2809;Trimbach;2500;SO;99.90%;7.900365031265687;47.36376922856807;de;01.07.2008
Trimbach;4632;00;2809;Wangen bei Olten;2586;SO;0.10%;7.872393916763139;47.35900254973092;de;01.07.2008
Hauenstein;4633;00;2829;Hauenstein-Ifenthal;2491;SO;100%;7.865661279211378;47.37617095641128;de;01.07.2008
Wisen SO;4634;00;2830;Wisen (SO);2502;SO;93.93%;7.885139884732208;47.393681412259234;de;01.07.2008
Wisen SO;4634;00;2830;Läufelfingen;2852;BL;2.60%;7.873828801588177;47.398626422327766;de;01.07.2008
Wisen SO;4634;00;2830;Trimbach;2500;SO;2.31%;7.892330074909066;47.38252740248485;de;01.07.2008
Wisen SO;4634;00;2830;Lostorf;2493;SO;1.16%;7.909515904;47.39265835064719;de;01.07.2008
Winznau;4652;00;2810;Winznau;2501;SO;99.64%;7.931828923280951;47.36486254477287;de;01.07.2008
Winznau;4652;00;2810;Obergösgen;2497;SO;0.36%;7.941629080583711;47.35963950440102;de;01.07.2008
Obergösgen;4653;00;2811;Obergösgen;2497;SO;100%;7.952425404623641;47.36460195153276;de;01.07.2008
Lostorf;4654;00;2812;Lostorf;2493;SO;100%;7.9462431427830476;47.38409324658168;de;01.07.2008
Stüsslingen;4655;00;2813;Stüsslingen;2499;SO;100%;7.970382108376348;47.39171998338361;de;01.07.2008
Rohr b. Olten;4655;02;2814;Stüsslingen;2499;SO;100%;7.954140024;47.410537801070404;de;01.07.2008
Starrkirch-Wil;4656;00;2815;Starrkirch-Wil;2584;SO;99.23%;7.926755209431329;47.34856809;de;01.07.2008
Starrkirch-Wil;4656;00;2815;Oftringen;4280;AG;0.77%;7.9268792239544545;47.331738806031936;de;01.07.2008
Dulliken;4657;00;2816;Dulliken;2573;SO;99.59%;7.942272562605909;47.350678183888135;de;01.07.2008
Dulliken;4657;00;2816;Starrkirch-Wil;2584;SO;0.41%;7.929557969296179;47.35400688262772;de;01.07.2008
Däniken SO;4658;00;2818;Däniken;2572;SO;99.60%;7.982596984626065;47.35304087792476;de;01.07.2008
Däniken SO;4658;00;2818;Gretzenbach;2576;SO;0.40%;7.989819923067119;47.352547008381414;de;01.07.2008
Aarburg;4663;00;2822;Aarburg;4271;AG;99.38%;7.904271716719409;47.321443418782955;de;01.07.2008
Aarburg;4663;00;2822;Olten;2581;SO;0.47%;7.889249714098425;47.313536073562474;de;01.07.2008
Aarburg;4663;00;2822;Boningen;2571;SO;0.16%;7.880309179095798;47.31255194439023;de;01.07.2008
Oftringen;4665;00;2824;Oftringen;4280;AG;99.69%;7.930637821366146;47.30889462;de;01.07.2008
Oftringen;4665;00;2824;Aarburg;4271;AG;0.31%;7.911885046514633;47.31332636105264;de;01.07.2008
Oensingen;4702;00;2831;Oensingen;2407;SO;100%;7.716686375439955;47.289783576510246;de;01.07.2008
Kestenholz;4703;00;2833;Kestenholz;2403;SO;100%;7.755119254765015;47.281427734861346;de;01.07.2008
Niederbipp;4704;00;2835;Niederbipp;981;BE;100%;7.692638515985878;47.269978922915215;de;01.07.2008
Wolfisberg;4704;02;5941;Niederbipp;981;BE;100%;7.6614969770457595;47.274468451475364;de;01.07.2008
Balsthal;4710;00;2842;Balsthal;2422;SO;99.78%;7.693738675212036;47.31507503370318;de;01.07.2008
Balsthal;4710;00;2842;Oensingen;2407;SO;0.22%;7.701646287193911;47.298633393048426;de;01.07.2008
Laupersdorf;4712;00;2849;Laupersdorf;2426;SO;100%;7.654702719735376;47.31347251831566;de;01.07.2008
Matzendorf;4713;00;2850;Matzendorf;2427;SO;100%;7.628872300930073;47.30570163987588;de;01.07.2008
Aedermannsdorf;4714;00;2846;Aedermannsdorf;2421;SO;100%;7.608720153;47.30584989948174;de;01.07.2008
Herbetswil;4715;00;2847;Herbetswil;2424;SO;99.75%;7.5919392795784155;47.29651905216037;de;01.07.2008
Herbetswil;4715;00;2847;Günsberg;2547;SO;0.25%;7.573404717694405;47.27079977625385;de;01.07.2008
Welschenrohr;4716;00;2851;Welschenrohr-Gänsbrunnen;2430;SO;99.20%;7.525873806480938;47.28073016693033;de;01.07.2008
Welschenrohr;4716;00;2851;Herbetswil;2424;SO;0.80%;7.551703043008624;47.30715169975626;de;01.07.2008
Gänsbrunnen;4716;01;2852;Welschenrohr-Gänsbrunnen;2430;SO;95.42%;7.475333297456279;47.264557793546885;de;01.07.2008
Gänsbrunnen;4716;01;2852;Crémines;691;BE;4.58%;7.463984004371877;47.266548550449734;de;01.07.2008
Mümliswil;4717;00;2853;Mümliswil-Ramiswil;2428;SO;95.19%;7.703268516090263;47.343278158456336;de;01.07.2008
Mümliswil;4717;00;2853;Matzendorf;2427;SO;1.85%;7.615554067022545;47.32909028162249;de;01.07.2008
Mümliswil;4717;00;2853;Aedermannsdorf;2421;SO;1.78%;7.585628272718654;47.32385234861378;de;01.07.2008
Mümliswil;4717;00;2853;Laupersdorf;2426;SO;1.04%;7.6297358571994724;47.332791451810785;de;01.07.2008
Mümliswil;4717;00;2853;Balsthal;2422;SO;0.15%;7.722478368005647;47.33499376255509;de;01.07.2008
Holderbank SO;4718;00;2854;Holderbank (SO);2425;SO;99.05%;7.752978047114859;47.33318798406159;de;01.07.2008
Holderbank SO;4718;00;2854;Oberbuchsiten;2406;SO;0.95%;7.7540737056277695;47.326043406297906;de;01.07.2008
Ramiswil;4719;00;2848;Mümliswil-Ramiswil;2428;SO;96.63%;7.6580773872440275;47.349506772577584;de;01.07.2008
Ramiswil;4719;00;2848;Beinwil (SO);2612;SO;2.69%;7.590264053469064;47.34000930393188;de;01.07.2008
Ramiswil;4719;00;2848;Lauwil;2889;BL;0.34%;7.684132339305968;47.371796427390834;de;01.07.2008
Ramiswil;4719;00;2848;Aedermannsdorf;2421;SO;0.34%;7.575952320366904;47.32596687601512;de;01.07.2008
Zofingen;4800;00;2855;Zofingen;4289;AG;99.90%;7.946266242;47.28631337452624;de;01.07.2008
Zofingen;4800;00;2855;Oftringen;4280;AG;0.10%;7.957495784296359;47.29883327835219;de;01.07.2008
Strengelbach;4802;00;2857;Strengelbach;4285;AG;95.61%;7.928821825682493;47.28104592967927;de;01.07.2008
Strengelbach;4802;00;2857;Rothrist;4282;AG;4.39%;7.921474116659543;47.29728526136909;de;01.07.2008
Vordemwald;4803;00;2858;Vordemwald;4287;AG;97.98%;7.901342807;47.27498000504466;de;01.07.2008
Vordemwald;4803;00;2858;Brittnau;4274;AG;2.02%;7.9034671671643055;47.26242387624091;de;01.07.2008
Brittnau;4805;00;2859;Brittnau;4274;AG;100%;7.944835840780161;47.262294794902125;de;01.07.2008
Wikon;4806;00;2861;Wikon;1147;LU;100%;7.964395101939447;47.265391467492044;de;01.07.2008
Mühlethal;4812;00;2862;Zofingen;4289;AG;97.29%;7.976340999;47.30224169752463;de;01.07.2008
Mühlethal;4812;00;2862;Uerkheim;4286;AG;2.71%;7.984923666254881;47.30363155986613;de;01.07.2008
Uerkheim;4813;00;2863;Uerkheim;4286;AG;98.64%;8.021630557857057;47.30354198651529;de;01.07.2008
Uerkheim;4813;00;2863;Kölliken;4276;AG;1.26%;8.014056753;47.31365402041107;de;01.07.2008
Uerkheim;4813;00;2863;Bottenwil;4273;AG;0.10%;8.001799486620099;47.29638171279897;de;01.07.2008
Bottenwil;4814;00;2864;Bottenwil;4273;AG;94.09%;8.005957014605523;47.28573859972837;de;01.07.2008
Bottenwil;4814;00;2864;Zofingen;4289;AG;5.92%;7.988565788534816;47.28006199;de;01.07.2008
Rothrist;4852;00;2865;Rothrist;4282;AG;99.75%;7.885482314805951;47.303303610729515;de;01.07.2008
Rothrist;4852;00;2865;Vordemwald;4287;AG;0.26%;7.905002521019403;47.294546635585085;de;01.07.2008
Murgenthal;4853;00;2866;Murgenthal;4279;AG;100%;7.838258964160978;47.269189187070495;de;01.07.2008
Riken AG;4853;02;2870;Murgenthal;4279;AG;100%;7.851125989087655;47.27381215731648;de;01.07.2008
Glashütten;4856;00;2869;Murgenthal;4279;AG;100%;7.839955849812669;47.259343141413034;de;01.07.2008
Langenthal;4900;00;2871;Langenthal;329;BE;100%;7.784611177087664;47.212479966567884;de;01.07.2008
Schwarzhäusern;4911;00;2877;Schwarzhäusern;341;BE;100%;7.766757455326728;47.25235165669158;de;01.07.2008
Aarwangen;4912;00;2878;Aarwangen;321;BE;99.56%;7.774510822003233;47.237434178699566;de;01.07.2008
Aarwangen;4912;00;2878;Bannwil;323;BE;0.44%;7.755322147985324;47.24647409280823;de;01.07.2008
Bannwil;4913;00;2880;Bannwil;323;BE;100%;7.734943771122451;47.239845132716326;de;01.07.2008
Roggwil BE;4914;00;2881;Roggwil (BE);337;BE;99.68%;7.820652114457494;47.240726664494964;de;01.07.2008
Roggwil BE;4914;00;2881;Murgenthal;4279;AG;0.32%;7.8310170526938006;47.24212204815351;de;01.07.2008
St. Urban;4915;00;2882;Pfaffnau;1139;LU;96.83%;7.8433709611254905;47.22874918809112;de;01.07.2008
St. Urban;4915;00;2882;Murgenthal;4279;AG;3.18%;7.857690218736532;47.23450867065365;de;01.07.2008
Untersteckholz;4916;00;2883;Langenthal;329;BE;100%;7.843962177;47.205875753749226;de;01.07.2008
Melchnau;4917;00;2884;Melchnau;333;BE;100%;7.851180453303507;47.18149878920551;de;01.07.2008
Busswil b. Melchnau;4917;02;2885;Busswil bei Melchnau;325;BE;100%;7.829663554644121;47.18521670257279;de;01.07.2008
Reisiswil;4919;00;2888;Reisiswil;336;BE;98.77%;7.842773500916294;47.16360178767335;de;01.07.2008
Reisiswil;4919;00;2888;Madiswil;332;BE;1.23%;7.832591049720811;47.159886180181765;de;01.07.2008
Bützberg;4922;00;2889;Thunstetten;342;BE;96.56%;7.7456213144650565;47.215558537394884;de;01.07.2008
Bützberg;4922;00;2889;Aarwangen;321;BE;3.44%;7.7386682129899445;47.22333925964336;de;01.07.2008
Thunstetten;4922;02;6165;Thunstetten;342;BE;100%;7.756688034390591;47.20289994660941;de;01.07.2008
Wynau;4923;00;2890;Wynau;345;BE;100%;7.816875596808752;47.25766710872481;de;01.07.2008
Obersteckholz;4924;00;2891;Langenthal;329;BE;100%;7.8227803631236945;47.20049505562671;de;01.07.2008
Lotzwil;4932;00;2893;Lotzwil;331;BE;100%;7.7914111642329145;47.190692003041406;de;01.07.2008
Gutenburg;4932;02;5896;Madiswil;332;BE;100%;7.795633764499673;47.18081169170717;de;01.07.2008
Rütschelen;4933;00;2894;Rütschelen;340;BE;100%;7.775147124823588;47.174765811698975;de;01.07.2008
Madiswil;4934;00;2895;Madiswil;332;BE;100%;7.801512839;47.16450366242203;de;01.07.2008
Leimiswil;4935;00;2896;Madiswil;332;BE;100%;7.767068142912202;47.15225699733417;de;01.07.2008
Kleindietwil;4936;00;2898;Madiswil;332;BE;96.73%;7.790948229935572;47.14436091109647;de;01.07.2008
Kleindietwil;4936;00;2898;Ursenbach;344;BE;3.28%;7.780713411277684;47.148000990426056;de;01.07.2008
Ursenbach;4937;00;2899;Ursenbach;344;BE;100%;7.7716338098773186;47.13581921447431;de;01.07.2008
Rohrbach;4938;00;2900;Rohrbach;338;BE;95.74%;7.816492969647045;47.136121564884945;de;01.07.2008
Rohrbach;4938;00;2900;Auswil;322;BE;4.26%;7.811827386789387;47.14191151955173;de;01.07.2008
Rohrbachgraben;4938;02;2904;Rohrbachgraben;339;BE;98.44%;7.802113430109763;47.116918644821574;de;01.07.2008
Rohrbachgraben;4938;02;2904;Huttwil;954;BE;1.25%;7.810811794446701;47.10102945543354;de;01.07.2008
Rohrbachgraben;4938;02;2904;Walterswil (BE);959;BE;0.31%;7.790816899892386;47.11231234268679;de;01.07.2008
Walterswil BE;4942;00;2901;Walterswil (BE);959;BE;95.98%;7.776415085380478;47.11011573848795;de;01.07.2008
Walterswil BE;4942;00;2901;Dürrenroth;952;BE;2.68%;7.773714306895629;47.09114420540914;de;01.07.2008
Walterswil BE;4942;00;2901;Ursenbach;344;BE;1.34%;7.7744126742256805;47.12361328783268;de;01.07.2008
Oeschenbach;4943;00;2902;Oeschenbach;335;BE;87.71%;7.7483134888878995;47.110329648162974;de;01.07.2008
Oeschenbach;4943;00;2902;Ursenbach;344;BE;8.48%;7.754434083828546;47.12052229720491;de;01.07.2008
Oeschenbach;4943;00;2902;Seeberg;988;BE;2.54%;7.728159655814026;47.11358426008365;de;01.07.2008
Oeschenbach;4943;00;2902;Walterswil (BE);959;BE;1.27%;7.748549903;47.09878846903319;de;01.07.2008
Auswil;4944;00;2903;Auswil;322;BE;100%;7.8333226215379375;47.13566035089801;de;01.07.2008
Huttwil;4950;00;2905;Huttwil;954;BE;99.96%;7.848300225858333;47.11366029771563;de;01.07.2008
Huttwil;4950;00;2905;Eriswil;953;BE;0.04%;7.852755567573693;47.09091550829918;de;01.07.2008
Eriswil;4952;00;2906;Eriswil;953;BE;97.61%;7.853110900059976;47.07802271849745;de;01.07.2008
Eriswil;4952;00;2906;Huttwil;954;BE;1.25%;7.8734804864392185;47.08934427896446;de;01.07.2008
Eriswil;4952;00;2906;Sumiswald;957;BE;0.62%;7.867882836196615;47.044848528237175;de;01.07.2008
Eriswil;4952;00;2906;Luthern;1135;LU;0.31%;7.876653813219632;47.05214648388449;de;01.07.2008
Eriswil;4952;00;2906;Ufhusen;1145;LU;0.21%;7.880721481092551;47.085826592634604;de;01.07.2008
Schwarzenbach (Huttwil);4953;00;2907;Huttwil;954;BE;89.10%;7.829468154214655;47.104164088001255;de;01.07.2008
Schwarzenbach (Huttwil);4953;00;2907;Wyssachen;960;BE;10.90%;7.8168889897395895;47.09134323869644;de;01.07.2008
Wyssachen;4954;00;2908;Wyssachen;960;BE;99.67%;7.824227642501846;47.077034751312006;de;01.07.2008
Wyssachen;4954;00;2908;Sumiswald;957;BE;0.33%;7.799449932855465;47.05982660875582;de;01.07.2008
Gondiswil;4955;00;2886;Gondiswil;326;BE;99.52%;7.871420236;47.14253055225449;de;01.07.2008
Gondiswil;4955;00;2886;Ufhusen;1145;LU;0.48%;7.885192452832597;47.12776218173777;de;01.07.2008
Aarau;5000;00;2913;Aarau;4001;AG;99.71%;8.048148269;47.389726244627504;de;01.07.2008
Aarau;5000;00;2913;Suhr;4012;AG;0.29%;8.059410934099922;47.383298214804334;de;01.07.2008
Aarau;5004;00;2932;Aarau;4001;AG;100%;8.060698546432551;47.400587704180744;de;01.07.2008
Schönenwerd;5012;00;2934;Schönenwerd;2583;SO;100%;8.005963052713891;47.373463032172616;de;01.07.2008
Wöschnau;5012;03;6058;Eppenberg-Wöschnau;2574;SO;100%;8.026914518989612;47.38470037586734;de;01.07.2008
Eppenberg;5012;04;5980;Eppenberg-Wöschnau;2574;SO;100%;8.024066047408663;47.37615207615584;de;01.07.2008
Niedergösgen;5013;00;2936;Niedergösgen;2495;SO;100%;7.990938505546424;47.37252840369392;de;01.07.2008
Gretzenbach;5014;00;2937;Gretzenbach;2576;SO;100%;7.998160031328685;47.35790458;de;01.07.2008
Erlinsbach SO;5015;00;2938;Erlinsbach (SO);2503;SO;100%;8.005256946;47.397985400071455;de;01.07.2008
Barmelweid;5017;00;2941;Erlinsbach (AG);4005;AG;76%;7.971568399626947;47.42162982155115;de;01.07.2008
Barmelweid;5017;00;2941;Erlinsbach (SO);2503;SO;24%;7.966251038275016;47.418641084473215;de;01.07.2008
Erlinsbach;5018;00;7378;Erlinsbach (AG);4005;AG;100%;8.012338019720644;47.403589997970286;de;01.07.2008
Rombach;5022;00;2942;Küttigen;4008;AG;100%;8.047805394216267;47.404928700190226;de;01.07.2008
Biberstein;5023;00;2943;Biberstein;4002;AG;100%;8.083113651928974;47.414865104976286;de;01.07.2008
Küttigen;5024;00;2944;Küttigen;4008;AG;100%;8.049250552912843;47.414275290504584;de;01.07.2008
Asp;5025;00;2945;Densbüren;4004;AG;100%;8.050402809509167;47.44308719584548;de;01.07.2008
Densbüren;5026;00;2946;Densbüren;4004;AG;98.63%;8.055973348219196;47.454714265158835;de;01.07.2008
Densbüren;5026;00;2946;Wölflinswil;4182;AG;1.37%;8.027028752518023;47.462276269150394;de;01.07.2008
Herznach;5027;00;2947;Herznach-Ueken;4186;AG;100%;8.051437957890608;47.47314065316782;de;01.07.2008
Ueken;5028;00;2948;Herznach-Ueken;4186;AG;100%;8.049559759311167;47.48402460277701;de;01.07.2008
Aarau Rohr;5032;00;2949;Aarau;4001;AG;100%;8.080760281878819;47.401008725153666;de;01.01.2010
Buchs AG;5033;00;2950;Buchs (AG);4003;AG;100%;8.074730816;47.38975395415438;de;01.07.2008
Suhr;5034;00;2952;Suhr;4012;AG;100%;8.074124131903323;47.37663427143388;de;01.07.2008
Unterentfelden;5035;00;2954;Unterentfelden;4013;AG;100%;8.043427938757596;47.369414438981266;de;01.07.2008
Oberentfelden;5036;00;2956;Oberentfelden;4010;AG;100%;8.043731564053216;47.35649666517967;de;01.07.2008
Muhen;5037;00;2959;Muhen;4009;AG;100%;8.055965222652466;47.33617608787678;de;01.07.2008
Schöftland;5040;00;2960;Schöftland;4144;AG;100%;8.051278012745481;47.30591597251689;de;01.07.2008
Hirschthal;5042;00;2961;Hirschthal;4007;AG;100%;8.056278889442316;47.319831111077676;de;01.07.2008
Holziken;5043;00;2962;Holziken;4136;AG;100%;8.038598089102942;47.321381462970926;de;01.07.2008
Schlossrued;5044;00;2963;Schlossrued;4142;AG;100%;8.088693400216995;47.29110383824288;de;01.07.2008
Schmiedrued;5046;01;2964;Schmiedrued;4143;AG;92.24%;8.104243213;47.27116361559061;de;01.07.2008
Schmiedrued;5046;01;2964;Gontenschwil;4135;AG;7.77%;8.121357134314708;47.26599048477111;de;01.07.2008
Walde AG;5046;02;2965;Schmiedrued;4143;AG;98.50%;8.111831408442685;47.25877861485049;de;01.07.2008
Walde AG;5046;02;2965;Gontenschwil;4135;AG;1.50%;8.131173492001427;47.247501385401264;de;01.07.2008
Staffelbach;5053;00;2966;Staffelbach;4284;AG;100%;8.043771684710686;47.283000996327665;de;01.07.2008
Wittwil;5053;02;6126;Staffelbach;4284;AG;100%;8.037715212015877;47.29102892988384;de;01.07.2008
Kirchleerau;5054;01;2969;Kirchleerau;4275;AG;100%;8.064732982550153;47.275990161810284;de;01.07.2008
Moosleerau;5054;02;2970;Moosleerau;4277;AG;100%;8.063713935428131;47.26796332;de;01.07.2008
Attelwil;5056;00;2971;Reitnau;4281;AG;100%;8.042692318472351;47.260015962229645;de;01.07.2008
Reitnau;5057;00;2972;Reitnau;4281;AG;100%;8.041994229516316;47.25201421772514;de;01.07.2008
Wiliberg;5058;00;5985;Wiliberg;4288;AG;100%;8.015974661153669;47.26840100129587;de;01.07.2008
Oberhof;5062;00;3024;Oberhof;4173;AG;100%;8.007205269220734;47.44901881795005;de;01.07.2008
Wölflinswil;5063;00;3023;Wölflinswil;4182;AG;99.10%;7.997999439;47.46128685924785;de;01.07.2008
Wölflinswil;5063;00;3023;Gipf-Oberfrick;4165;AG;0.90%;7.999945453268235;47.47982351208217;de;01.07.2008
Wittnau;5064;00;3022;Wittnau;4181;AG;100%;7.976101136943374;47.480809025179774;de;01.07.2008
Frick;5070;00;3018;Frick;4163;AG;100%;8.020859110887667;47.50693661912897;de;01.07.2008
Oeschgen;5072;00;3020;Oeschgen;4175;AG;100%;8.017120031246243;47.51952909163283;de;01.07.2008
Gipf-Oberfrick;5073;00;3021;Gipf-Oberfrick;4165;AG;100%;8.002762424619474;47.49776217388176;de;01.07.2008
Eiken;5074;00;3025;Eiken;4161;AG;100%;7.9877206174936495;47.53457517537393;de;01.07.2008
Hornussen;5075;00;3017;Böztal;4185;AG;100%;8.061943039805183;47.50022914059713;de;01.07.2008
Bözen;5076;00;3014;Böztal;4185;AG;100%;8.084159909845727;47.49577228442541;de;01.07.2008
Elfingen;5077;00;3015;Böztal;4185;AG;100%;8.099096167;47.50695783775323;de;01.07.2008
Effingen;5078;00;3012;Böztal;4185;AG;99.80%;8.103715405;47.488897998518375;de;01.07.2008
Effingen;5078;00;3012;Mönthal;4106;AG;0.20%;8.120626130486041;47.514163388570616;de;01.07.2008
Zeihen;5079;00;3016;Zeihen;4183;AG;100%;8.085793266;47.475121381154835;de;01.07.2008
Laufenburg;5080;00;2621;Laufenburg;4170;AG;99.67%;8.060442280018115;47.55920241545513;de;01.07.2008
Laufenburg;5080;00;2621;Kaisten;4169;AG;0.33%;8.053492189;47.55240575288759;de;01.07.2008
Kaisten;5082;00;2622;Kaisten;4169;AG;100%;8.046184086828799;47.54049848276344;de;01.07.2008
Ittenthal;5083;00;2623;Kaisten;4169;AG;100%;8.058289075646211;47.51925336656086;de;01.07.2008
Rheinsulz;5084;00;2624;Laufenburg;4170;AG;100%;8.089452332;47.555220812998996;de;01.07.2008
Sulz AG;5085;00;2625;Laufenburg;4170;AG;100%;8.096429912567716;47.53501674739641;de;01.07.2008
Rupperswil;5102;00;2973;Rupperswil;4206;AG;100%;8.128190552523233;47.401302275484696;de;01.07.2008
Wildegg;5103;00;2974;Möriken-Wildegg;4203;AG;91.69%;8.164617995381136;47.41463408602837;de;01.07.2008
Wildegg;5103;00;2974;Niederlenz;4204;AG;5.39%;8.167100938125996;47.41209100825636;de;01.07.2008
Wildegg;5103;00;2974;Rupperswil;4206;AG;2.92%;8.153156712004987;47.41173727009218;de;01.07.2008
Möriken AG;5103;02;2983;Möriken-Wildegg;4203;AG;100%;8.183300227966887;47.41545073493249;de;01.07.2008
Auenstein;5105;00;2976;Auenstein;4091;AG;100%;8.137205877798005;47.41698856899545;de;01.07.2008
Veltheim AG;5106;00;2977;Veltheim (AG);4120;AG;100%;8.148380836747249;47.43617771738214;de;01.07.2008
Schinznach Dorf;5107;00;2978;Schinznach;4125;AG;99.05%;8.142147785400956;47.447027088691556;de;01.07.2008
Schinznach Dorf;5107;00;2978;Brugg;4095;AG;0.95%;8.157664187934937;47.463958132782466;de;01.07.2008
Oberflachs;5108;00;2980;Schinznach;4125;AG;100%;8.129191649823273;47.441762443498895;de;01.07.2008
Thalheim AG;5112;00;2981;Thalheim (AG);4117;AG;100%;8.102509157065336;47.437943066384214;de;01.07.2008
Holderbank AG;5113;00;2982;Holderbank (AG);4199;AG;100%;8.169004502243684;47.42819718181965;de;01.07.2008
Schinznach Bad;5116;00;2984;Brugg;4095;AG;100%;8.169224586574481;47.45004334869957;de;01.07.2008
Brugg AG;5200;00;2987;Brugg;4095;AG;99.82%;8.208210292489916;47.485003831453476;de;01.07.2008
Brugg AG;5200;00;2987;Rüfenach;4112;AG;0.18%;8.231755470866975;47.50501932484004;de;01.07.2008
Windisch;5210;00;2989;Windisch;4123;AG;99.79%;8.217608618236289;47.47712486172716;de;01.07.2008
Windisch;5210;00;2989;Brugg;4095;AG;0.17%;8.207710877;47.477991531809636;de;01.07.2008
Windisch;5210;00;2989;Hausen (AG);4100;AG;0.04%;8.208501322898869;47.472103939842945;de;01.07.2008
Hausen AG;5212;00;2993;Hausen (AG);4100;AG;99.74%;8.212407452718656;47.46157240299708;de;01.07.2008
Hausen AG;5212;00;2993;Lupfig;4104;AG;0.26%;8.213714910399549;47.452991934025356;de;01.07.2008
Villnachern;5213;00;2994;Brugg;4095;AG;100%;8.161197502849486;47.47118559729783;de;01.07.2008
Umiken;5222;00;2995;Brugg;4095;AG;99.30%;8.190280081949178;47.48282804151434;de;01.07.2008
Umiken;5222;00;2995;Brugg;4095;AG;0.71%;8.189074746304538;47.47921113104882;de;01.07.2008
Riniken;5223;00;2996;Riniken;4111;AG;100%;8.187263338203856;47.49096947529229;de;01.07.2008
Bözberg;5225;01;9303;Bözberg;4124;AG;99.54%;8.15820192;47.489022025847085;de;01.07.2008
Bözberg;5225;01;9303;Brugg;4095;AG;0.47%;8.167745223487643;47.47854690476306;de;01.07.2008
Stilli;5233;00;3001;Villigen;4121;AG;100%;8.231326424;47.51809100275444;de;01.07.2008
Villigen;5234;00;3002;Villigen;4121;AG;100%;8.216699879387429;47.524764954127086;de;01.07.2008
Rüfenach AG;5235;00;3003;Rüfenach;4112;AG;100%;8.213641377773358;47.50806508107157;de;01.07.2008
Remigen;5236;00;3004;Remigen;4110;AG;99.24%;8.190002038592903;47.515758005912076;de;01.07.2008
Remigen;5236;00;3004;Bözberg;4124;AG;0.76%;8.177479859732681;47.50219423057936;de;01.07.2008
Mönthal;5237;00;3005;Mönthal;4106;AG;92.37%;8.143564975687244;47.51802853658149;de;01.07.2008
Mönthal;5237;00;3005;Bözberg;4124;AG;7.63%;8.151111043810843;47.50748612739805;de;01.07.2008
Birr;5242;01;3007;Birr;4092;AG;100%;8.202605026;47.43469006956349;de;01.07.2008
Lupfig;5242;02;3008;Lupfig;4104;AG;100%;8.200358212302575;47.44072220760475;de;01.07.2008
Mülligen;5243;00;3010;Mülligen;4107;AG;100%;8.239115556101915;47.45693850214394;de;01.07.2008
Birrhard;5244;00;3011;Birrhard;4093;AG;100%;8.244586338;47.434621081739195;de;01.07.2008
Habsburg;5245;00;2985;Habsburg;4099;AG;100%;8.186851422465995;47.46262187447429;de;01.07.2008
Scherz;5246;00;2986;Lupfig;4104;AG;100%;8.184862279200294;47.44750607448029;de;01.07.2008
Gansingen;5272;00;2632;Gansingen;4164;AG;100%;8.135208267249043;47.54193157;de;01.07.2008
Oberhofen AG;5273;00;2630;Mettauertal;4184;AG;100%;8.131621429695532;47.554122068759156;de;01.07.2008
Mettau;5274;00;2629;Mettauertal;4184;AG;100%;8.127546646038562;47.56467838233916;de;01.07.2008
Etzgen;5275;00;2627;Mettauertal;4184;AG;100%;8.111044632088102;47.57116096342575;de;01.07.2008
Wil AG;5276;00;2633;Mettauertal;4184;AG;100%;8.152332569334076;47.560930891939236;de;01.07.2008
Hottwil;5277;00;2634;Mettauertal;4184;AG;100%;8.161962813886817;47.54800066677722;de;01.07.2008
Turgi;5300;00;3026;Baden;4021;AG;100%;8.254446289;47.49069558311657;de;01.07.2008
Siggenthal Station;5301;00;3027;Untersiggenthal;4044;AG;100%;8.241958450887042;47.51790085062777;de;01.07.2008
Würenlingen;5303;00;3028;Würenlingen;4047;AG;100%;8.254268018991064;47.531000497767515;de;01.07.2008
Endingen;5304;00;3029;Endingen;4305;AG;100%;8.290743714;47.53729489456494;de;01.07.2008
Unterendingen;5305;00;3031;Endingen;4305;AG;100%;8.291001251369222;47.54672801222182;de;01.07.2008
Tegerfelden;5306;00;3032;Tegerfelden;4320;AG;100%;8.286847774542768;47.56115826884361;de;01.07.2008
Döttingen;5312;00;3033;Döttingen;4304;AG;100%;8.259643031671489;47.56946682848497;de;01.07.2008
Klingnau;5313;00;3035;Klingnau;4309;AG;100%;8.251914761714984;47.582041115417034;de;01.07.2008
Kleindöttingen;5314;00;3036;Böttstein;4303;AG;100%;8.245099092944875;47.57002757538709;de;01.07.2008
Böttstein;5315;00;3037;Böttstein;4303;AG;100%;8.221978845403811;47.555003921343406;de;01.07.2008
Leuggern;5316;00;3038;Leuggern;4313;AG;100%;8.219042672947056;47.58395779522163;de;01.07.2008
Hettenschwil;5317;00;3039;Leuggern;4313;AG;100%;8.198518479194457;47.57473122084074;de;01.07.2008
Mandach;5318;00;3040;Mandach;4105;AG;100%;8.185625173042514;47.547257018840384;de;01.07.2008
Koblenz;5322;00;3041;Koblenz;4310;AG;98.90%;8.241732673594026;47.60843765965113;de;01.07.2008
Koblenz;5322;00;3041;Klingnau;4309;AG;1.10%;8.229278854477496;47.59647117726082;de;01.07.2008
Rietheim;5323;00;4740;Zurzach;4324;AG;100%;8.278633467413554;47.60050451;de;01.07.2008
Full-Reuenthal;5324;00;2637;Full-Reuenthal;4307;AG;100%;8.204253543223464;47.613916424451496;de;01.07.2008
Leibstadt;5325;00;2636;Leibstadt;4311;AG;100%;8.173927384085758;47.59087208206605;de;01.07.2008
Schwaderloch;5326;00;2635;Schwaderloch;4176;AG;100%;8.143864408381724;47.58566229;de;01.07.2008
Bad Zurzach;5330;00;4739;Zurzach;4324;AG;100%;8.293696249620236;47.587074196645176;de;01.07.2008
Rekingen AG;5332;00;4737;Zurzach;4324;AG;100%;8.319888846408322;47.571210270569864;de;01.07.2008
Baldingen;5333;00;4746;Zurzach;4324;AG;100%;8.316450038645506;47.555334509174166;de;01.07.2008
Böbikon;5334;00;4747;Zurzach;4324;AG;100%;8.332560378060183;47.55417706266153;de;01.07.2008
Baden;5400;00;3043;Baden;4021;AG;100%;8.300145437816491;47.474084586886136;de;01.07.2008
Baden;5404;00;3052;Baden;4021;AG;100%;8.278544069;47.456173355563905;de;01.07.2008
Dättwil AG;5405;02;6237;Baden;4021;AG;99.79%;8.284221774;47.454611928832726;de;01.07.2008
Dättwil AG;5405;02;6237;Fislisbach;4027;AG;0.21%;8.295017362;47.44560092199515;de;01.07.2008
Rütihof;5406;02;6238;Baden;4021;AG;92.10%;8.267897474511988;47.437604426297845;de;01.07.2008
Rütihof;5406;02;6238;Birmenstorf (AG);4024;AG;7.90%;8.260491382584982;47.437900131870016;de;01.07.2008
Ennetbaden;5408;00;3045;Ennetbaden;4026;AG;100%;8.319574406317964;47.480936100848545;de;01.07.2008
Gebenstorf;5412;00;3055;Gebenstorf;4029;AG;100%;8.241086878836704;47.48038239719451;de;01.07.2008
Vogelsang AG;5412;01;9164;Gebenstorf;4029;AG;100%;8.240415931778454;47.49396859166243;de;01.01.2011
Birmenstorf AG;5413;00;3056;Birmenstorf (AG);4024;AG;100%;8.25123114;47.46091058619503;de;01.07.2008
Nussbaumen AG;5415;00;3058;Obersiggenthal;4038;AG;100%;8.292816769968086;47.488602023867394;de;01.07.2008
Hertenstein AG;5415;01;8120;Obersiggenthal;4038;AG;100%;8.311602233;47.48670799523766;de;01.07.2008
Rieden AG;5415;02;8121;Obersiggenthal;4038;AG;100%;8.303240416584835;47.484126359456546;de;01.07.2008
Kirchdorf AG;5416;00;3059;Obersiggenthal;4038;AG;98.61%;8.275962080386716;47.49605558918329;de;01.07.2008
Kirchdorf AG;5416;00;3059;Untersiggenthal;4044;AG;1.40%;8.271039194814442;47.50119989819928;de;01.07.2008
Untersiggenthal;5417;00;3060;Untersiggenthal;4044;AG;100%;8.257990168;47.49935915150337;de;01.07.2008
Ehrendingen;5420;00;3061;Ehrendingen;4049;AG;100%;8.343904997;47.49792794038468;de;01.07.2008
Freienwil;5423;00;3062;Freienwil;4028;AG;100%;8.326941739255837;47.502610502196774;de;01.07.2008
Schneisingen;5425;00;3066;Schneisingen;4318;AG;100%;8.363276863758207;47.51898389188263;de;01.07.2008
Lengnau AG;5426;00;3067;Lengnau (AG);4312;AG;100%;8.328232917;47.522667166911155;de;01.07.2008
Wettingen;5430;00;3068;Wettingen;4045;AG;99.90%;8.325875058974987;47.465723177160505;de;01.07.2008
Wettingen;5430;00;3068;Würenlos;4048;AG;0.10%;8.339371471954015;47.44653234774676;de;01.07.2008
Neuenhof;5432;00;3073;Neuenhof;4034;AG;100%;8.326774458761506;47.44887839295468;de;01.07.2008
Würenlos;5436;00;4507;Würenlos;4048;AG;100%;8.362672887853957;47.441455474324144;de;01.07.2008
Fislisbach;5442;00;3074;Fislisbach;4027;AG;100%;8.290090300552702;47.43764109008714;de;01.07.2008
Niederrohrdorf;5443;00;3075;Niederrohrdorf;4035;AG;100%;8.304260631105528;47.42450268017933;de;01.07.2008
Künten;5444;00;3076;Künten;4031;AG;100%;8.330289005162907;47.38874869;de;01.07.2008
Eggenwil;5445;00;3077;Eggenwil;4066;AG;100%;8.340887475;47.36933651720907;de;01.07.2008
Oberrohrdorf;5452;00;3078;Oberrohrdorf;4037;AG;100%;8.315296884936192;47.421028551738694;de;01.07.2008
Remetschwil;5453;00;3079;Remetschwil;4039;AG;100%;8.324807098328428;47.40955076257754;de;01.07.2008
Bellikon;5454;00;3080;Bellikon;4022;AG;100%;8.346073377;47.39009197762171;de;01.07.2008
Siglistorf;5462;00;4745;Siglistorf;4319;AG;96.79%;8.379695016910517;47.54489058568577;de;01.07.2008
Siglistorf;5462;00;4745;Oberweningen;93;ZH;3.21%;8.401292102137903;47.52640949734449;de;01.07.2008
Wislikofen;5463;00;4744;Zurzach;4324;AG;100%;8.366409479;47.55621366;de;01.07.2008
Rümikon AG;5464;00;4742;Zurzach;4324;AG;100%;8.375185219240814;47.56562313124842;de;01.07.2008
Mellikon;5465;00;4743;Mellikon;4314;AG;100%;8.350946797688614;47.56722847685552;de;01.07.2008
Kaiserstuhl AG;5466;00;4735;Zurzach;4324;AG;100%;8.418345617890061;47.56834255088435;de;01.07.2008
Fisibach;5467;00;4736;Fisibach;4306;AG;100%;8.408442425922246;47.563128119979694;de;01.07.2008
Hunzenschwil;5502;00;3081;Hunzenschwil;4200;AG;100%;8.124622985634177;47.38555604932417;de;01.07.2008
Schafisheim;5503;00;3082;Schafisheim;4207;AG;100%;8.143129364259005;47.37789827;de;01.07.2008
Othmarsingen;5504;00;3083;Othmarsingen;4205;AG;100%;8.214915562433292;47.40164299851014;de;01.07.2008
Brunegg;5505;00;3084;Brunegg;4193;AG;100%;8.217176844;47.41859161139515;de;01.07.2008
Mägenwil;5506;00;3085;Mägenwil;4032;AG;99.28%;8.235817301204083;47.412033478084986;de;01.07.2008
Mägenwil;5506;00;3085;Wohlenschwil;4046;AG;0.73%;8.240815369;47.41836709972772;de;01.07.2008
Mellingen;5507;00;3086;Mellingen;4033;AG;100%;8.273589736585901;47.41763140961283;de;01.07.2008
Wohlenschwil;5512;00;3088;Wohlenschwil;4046;AG;100%;8.257923597441136;47.41403767369887;de;01.07.2008
Tägerig;5522;00;3089;Tägerig;4077;AG;98.73%;8.278963407;47.40376767328964;de;01.07.2008
Tägerig;5522;00;3089;Hägglingen;4068;AG;1.27%;8.274707309355518;47.390891130151026;de;01.07.2008
Niederwil AG;5524;00;3091;Niederwil (AG);4072;AG;100%;8.295652877396634;47.37717360585999;de;01.07.2008
Nesselnbach;5524;02;3090;Niederwil (AG);4072;AG;100%;8.291824682024055;47.388679257611855;de;01.07.2008
Fischbach-Göslikon;5525;00;3092;Fischbach-Göslikon;4067;AG;100%;8.307937955698312;47.370461651551324;de;01.07.2008
Lenzburg;5600;00;3093;Lenzburg;4201;AG;100%;8.176346131390668;47.38789993;de;01.07.2008
Ammerswil AG;5600;03;3096;Ammerswil;4191;AG;100%;8.205175348931796;47.370118756941224;de;01.07.2008
Staufen;5603;00;3097;Staufen;4210;AG;100%;8.166975974136044;47.38258956531553;de;01.07.2008
Hendschiken;5604;00;3098;Hendschiken;4198;AG;97.41%;8.218802020122586;47.38658678065075;de;01.07.2008
Hendschiken;5604;00;3098;Othmarsingen;4205;AG;2.33%;8.225365556870939;47.39338723199286;de;01.07.2008
Hendschiken;5604;00;3098;Dottikon;4065;AG;0.26%;8.227381660271995;47.39357137535964;de;01.07.2008
Dottikon;5605;00;3099;Dottikon;4065;AG;80.13%;8.240498831657742;47.37884676;de;01.07.2008
Dottikon;5605;00;3099;Villmergen;4080;AG;19.87%;8.235754713975588;47.37242137084666;de;01.07.2008
Dintikon;5606;00;3101;Dintikon;4194;AG;100%;8.227359320404771;47.364311768999244;de;01.07.2008
Hägglingen;5607;00;3102;Hägglingen;4068;AG;100%;8.252566690781103;47.38865657547567;de;01.07.2008
Stetten AG;5608;00;3103;Stetten (AG);4041;AG;100%;8.307497622665895;47.40112816044104;de;01.07.2008
Wohlen AG;5610;00;3104;Wohlen (AG);4082;AG;99.70%;8.277704043695524;47.34987119364552;de;01.07.2008
Wohlen AG;5610;00;3104;Villmergen;4080;AG;0.30%;8.259565981212415;47.34948884;de;01.07.2008
Anglikon;5611;00;3109;Wohlen (AG);4082;AG;98.13%;8.263775209;47.36492090948737;de;01.07.2008
Anglikon;5611;00;3109;Villmergen;4080;AG;1.87%;8.25379264;47.36229334662072;de;01.07.2008
Villmergen;5612;00;3111;Villmergen;4080;AG;99.37%;8.247251216903381;47.34820850886697;de;01.07.2008
Villmergen;5612;00;3111;Wohlen (AG);4082;AG;0.63%;8.259527046420637;47.35297910575192;de;01.07.2008
Hilfikon;5613;00;3112;Villmergen;4080;AG;100%;8.247023068539681;47.33315276731505;de;01.07.2008
Sarmenstorf;5614;00;3113;Sarmenstorf;4076;AG;100%;8.249769651788837;47.31103308917414;de;01.07.2008
Fahrwangen;5615;00;3114;Fahrwangen;4196;AG;99.71%;8.242157181;47.294697599551306;de;01.07.2008
Fahrwangen;5615;00;3114;Meisterschwanden;4202;AG;0.29%;8.235014309208706;47.296249277338404;de;01.07.2008
Meisterschwanden;5616;00;3115;Meisterschwanden;4202;AG;100%;8.228690056427121;47.29506944609929;de;01.07.2008
Tennwil;5617;00;3116;Meisterschwanden;4202;AG;100%;8.222066970334687;47.305944468426674;de;01.07.2008
Bettwil;5618;00;3117;Bettwil;4227;AG;96.45%;8.266945180528667;47.28944013761489;de;01.07.2008
Bettwil;5618;00;3117;Sarmenstorf;4076;AG;3.56%;8.262232117899853;47.30015090277331;de;01.07.2008
Büttikon AG;5619;00;3110;Büttikon;4064;AG;100%;8.270235281568125;47.32838253058817;de;01.07.2008
Uezwil;5619;02;5977;Uezwil;4078;AG;100%;8.274875635;47.31719533;de;01.07.2008
Bremgarten AG;5620;00;3118;Bremgarten (AG);4063;AG;100%;8.342484278827426;47.350281844897786;de;01.07.2008
Zufikon;5621;00;3119;Zufikon;4083;AG;100%;8.355975769070696;47.34977968284274;de;01.07.2008
Waltenschwil;5622;00;3121;Waltenschwil;4240;AG;100%;8.300889423868846;47.33496678923763;de;01.07.2008
Boswil;5623;00;3122;Boswil;4228;AG;100%;8.314081114176105;47.300281860061304;de;01.07.2008
Bünzen;5624;00;3123;Bünzen;4229;AG;100%;8.325532472608792;47.310646607199544;de;01.07.2008
Waldhäusern AG;5624;02;7485;Bünzen;4229;AG;100%;8.314669712221628;47.32728931426287;de;01.07.2008
Kallern;5625;00;3124;Kallern;4233;AG;100%;8.292618163;47.31089487529104;de;01.07.2008
Hermetschwil-Staffeln;5626;00;3125;Bremgarten (AG);4063;AG;100%;8.340552686334943;47.33075993149066;de;01.07.2008
Besenbüren;5627;00;3126;Besenbüren;4226;AG;100%;8.344081507994668;47.312607388413404;de;01.07.2008
Aristau;5628;00;3127;Aristau;4222;AG;100%;8.361846087537323;47.28901648;de;01.07.2008
Muri AG;5630;00;3128;Muri (AG);4236;AG;98.18%;8.340473142840628;47.27204090769736;de;01.07.2008
Muri AG;5630;00;3128;Aristau;4222;AG;1.17%;8.339308448296878;47.29545522697915;de;01.07.2008
Muri AG;5630;00;3128;Boswil;4228;AG;0.65%;8.318086179;47.28253117;de;01.07.2008
Buttwil;5632;00;3129;Buttwil;4230;AG;88.62%;8.311195039736685;47.26770566190077;de;01.07.2008
Buttwil;5632;00;3129;Boswil;4228;AG;7.72%;8.303849557922138;47.27761960936731;de;01.07.2008
Buttwil;5632;00;3129;Bettwil;4227;AG;3.66%;8.292912746506481;47.280543573052014;de;01.07.2008
Merenschwand;5634;00;3130;Merenschwand;4234;AG;100%;8.376021902519012;47.25985677116608;de;01.07.2008
Benzenschwil;5636;00;3132;Merenschwand;4234;AG;100%;8.366122703553359;47.24828806300403;de;01.07.2008
Beinwil (Freiamt);5637;00;3134;Beinwil (Freiamt);4224;AG;99.22%;8.342312455668882;47.22920948196047;de;01.07.2008
Beinwil (Freiamt);5637;00;3134;Auw;4223;AG;0.79%;8.346984041712085;47.21425862834083;de;01.07.2008
Geltwil;5637;02;5984;Geltwil;4232;AG;100%;8.325415527407472;47.249471982865565;de;01.07.2008
Mühlau;5642;00;3135;Mühlau;4235;AG;97.90%;8.388861300450879;47.22993239466825;de;01.07.2008
Mühlau;5642;00;3135;Auw;4223;AG;1.29%;8.376985737333067;47.22746607552481;de;01.07.2008
Mühlau;5642;00;3135;Hünenberg;1703;ZG;0.81%;8.396816019048543;47.22799549011002;de;01.07.2008
Sins;5643;00;3136;Sins;4239;AG;100%;8.392122464866352;47.193618289380204;de;01.07.2008
Alikon;5643;02;3142;Sins;4239;AG;100%;8.358878402472984;47.19812559693002;de;01.07.2008
Meienberg;5643;03;8917;Sins;4239;AG;95.87%;8.375936608928415;47.19775412467634;de;01.07.2008
Meienberg;5643;03;8917;Auw;4223;AG;4.13%;8.369884862425296;47.204162922919664;de;01.07.2008
Auw;5644;00;3138;Auw;4223;AG;100%;8.365426299000342;47.21117924686905;de;01.07.2008
Aettenschwil;5645;00;3139;Sins;4239;AG;100%;8.371614848793394;47.18378346442805;de;01.07.2008
Fenkrieden;5645;02;8366;Sins;4239;AG;100%;8.370787955214135;47.160555071564026;de;01.07.2008
Abtwil AG;5646;00;3140;Abtwil;4221;AG;100%;8.355485962;47.17498966542388;de;01.07.2008
Oberrüti;5647;00;3141;Oberrüti;4237;AG;100%;8.396506234179865;47.165750106333014;de;01.07.2008
Niederlenz;5702;00;3144;Niederlenz;4204;AG;100%;8.174457480290203;47.40171867568515;de;01.07.2008
Seon;5703;00;3145;Seon;4209;AG;99.92%;8.160234784;47.34830821415178;de;01.07.2008
Seon;5703;00;3145;Egliswil;4195;AG;0.08%;8.171688830280738;47.354532389304794;de;01.07.2008
Egliswil;5704;00;3146;Egliswil;4195;AG;100%;8.186932065338251;47.349469563094445;de;01.07.2008
Hallwil;5705;00;3147;Hallwil;4197;AG;100%;8.175528204556997;47.32776658669387;de;01.07.2008
Boniswil;5706;00;3148;Boniswil;4192;AG;99.64%;8.187261760902725;47.315431179494354;de;01.07.2008
Boniswil;5706;00;3148;Leutwil;4138;AG;0.36%;8.178546928879092;47.31457889376204;de;01.07.2008
Seengen;5707;00;3149;Seengen;4208;AG;100%;8.207499488298813;47.325615225148276;de;01.07.2008
Birrwil;5708;00;3150;Birrwil;4132;AG;98.67%;8.197108496338997;47.289803483421835;de;01.07.2008
Birrwil;5708;00;3150;Boniswil;4192;AG;1.33%;8.196760722383784;47.29976310940048;de;01.07.2008
Beinwil am See;5712;00;3151;Beinwil am See;4131;AG;100%;8.202953732;47.26591933160853;de;01.07.2008
Gränichen;5722;00;3152;Gränichen;4006;AG;99.89%;8.099245885939416;47.36080685453346;de;01.07.2008
Gränichen;5722;00;3152;Unterkulm;4146;AG;0.11%;8.103708675798835;47.33758405200441;de;01.07.2008
Teufenthal AG;5723;00;3153;Teufenthal (AG);4145;AG;96.90%;8.119278069151468;47.32893038622093;de;01.07.2008
Teufenthal AG;5723;00;3153;Unterkulm;4146;AG;1.71%;8.107329122281172;47.33401024541137;de;01.07.2008
Teufenthal AG;5723;00;3153;Gränichen;4006;AG;1.39%;8.112625325;47.334312262129416;de;01.07.2008
Dürrenäsch;5724;00;3154;Dürrenäsch;4134;AG;99.00%;8.157461195678867;47.321224350022305;de;01.07.2008
Dürrenäsch;5724;00;3154;Teufenthal (AG);4145;AG;1.01%;8.144093539271458;47.33266717384406;de;01.07.2008
Leutwil;5725;00;3156;Leutwil;4138;AG;100%;8.173275829712077;47.30926064425283;de;01.07.2008
Unterkulm;5726;00;3157;Unterkulm;4146;AG;99.68%;8.112110272458057;47.312368135278895;de;01.07.2008
Unterkulm;5726;00;3157;Dürrenäsch;4134;AG;0.32%;8.130691234;47.31841065678104;de;01.07.2008
Oberkulm;5727;00;3158;Oberkulm;4140;AG;100%;8.121466260633746;47.30142049746459;de;01.07.2008
Gontenschwil;5728;00;3159;Gontenschwil;4135;AG;100%;8.144818613026235;47.27047259562206;de;01.07.2008
Zetzwil;5732;00;3160;Zetzwil;4147;AG;100%;8.151477340557832;47.28718009885325;de;01.07.2008
Leimbach AG;5733;00;3161;Leimbach (AG);4137;AG;100%;8.169338776330054;47.27282944099615;de;01.07.2008
Reinach AG;5734;00;3162;Reinach (AG);4141;AG;100%;8.182706510065186;47.25621126619139;de;01.07.2008
Pfeffikon LU;5735;00;3167;Rickenbach (LU);1097;LU;100%;8.175957149736588;47.247727392048404;de;01.07.2008
Burg AG;5736;00;3168;Menziken;4139;AG;100%;8.179811664599775;47.23609912;de;01.07.2008
Menziken;5737;00;3169;Menziken;4139;AG;100%;8.189750881776549;47.24040635424348;de;01.07.2008
Kölliken;5742;00;3172;Kölliken;4276;AG;100%;8.022488154355882;47.33482106;de;01.07.2008
Safenwil;5745;00;3173;Safenwil;4283;AG;100%;7.982091804708725;47.32162520632467;de;01.07.2008
Walterswil SO;5746;00;3174;Walterswil (SO);2585;SO;91.89%;7.967718352585636;47.32614426675937;de;01.07.2008
Walterswil SO;5746;00;3174;Dulliken;2573;SO;8.11%;7.948357022024802;47.33505498862319;de;01.07.2008
Luzern;6003;00;3217;Luzern;1061;LU;100%;8.301111086609605;47.048259637038655;de;01.07.2008
Luzern;6004;00;3218;Luzern;1061;LU;99.84%;8.304197469010445;47.05683615455074;de;01.07.2008
Luzern;6004;00;3218;Ebikon;1054;LU;0.16%;8.297031709645152;47.06391543825613;de;01.07.2008
Luzern;6005;00;3219;Luzern;1061;LU;89.50%;8.312844012717699;47.039787038903114;de;01.07.2008
Luzern;6005;00;3219;Kriens;1059;LU;7.20%;8.292570106;47.04083917657768;de;01.07.2008
Luzern;6005;00;3219;Horw;1058;LU;3.30%;8.311009008958498;47.033755965477376;de;01.07.2008
St. Niklausen LU;6005;02;6127;Horw;1058;LU;100%;8.334459910294242;47.02931143135362;de;01.11.2014
Luzern;6006;00;3220;Luzern;1061;LU;99.77%;8.327780475071997;47.058131266489134;de;01.07.2008
Luzern;6006;00;3220;Meggen;1063;LU;0.19%;8.354374629123106;47.037574201307535;de;01.07.2008
Luzern;6006;00;3220;Ebikon;1054;LU;0.03%;8.315302547126713;47.06784342348129;de;01.07.2008
Kriens;6010;00;3221;Kriens;1059;LU;99.90%;8.281896488645383;47.032354305213836;de;01.07.2008
Kriens;6010;00;3221;Hergiswil (NW);1507;NW;0.10%;8.251989548093833;46.99057884211467;de;01.07.2008
Pilatus Kulm;6010;02;3285;Alpnach;1401;OW;100%;8.254757171002154;46.97910462945509;de;01.07.2008
Obernau;6012;00;3222;Kriens;1059;LU;100%;8.252292223153946;47.032253101753625;de;01.07.2008
Eigenthal;6013;00;3223;Schwarzenberg;1066;LU;94.41%;8.217976104969235;47.00573855838806;de;01.07.2008
Eigenthal;6013;00;3223;Hergiswil (NW);1507;NW;2.96%;8.224987066434123;46.98521685506856;de;01.07.2008
Eigenthal;6013;00;3223;Kriens;1059;LU;2.63%;8.223866717;47.01738358316834;de;01.07.2008
Luzern;6014;00;3224;Luzern;1061;LU;92.56%;8.262799746291384;47.05250800655819;de;01.07.2008
Luzern;6014;00;3224;Malters;1062;LU;7.44%;8.235676825284305;47.053616980080804;de;01.07.2008
Luzern;6015;00;3225;Luzern;1061;LU;100%;8.278116430057203;47.064055235950875;de;01.07.2008
Hellbühl;6016;00;3226;Neuenkirch;1093;LU;45.92%;8.199456891705216;47.07229419415232;de;01.07.2008
Hellbühl;6016;00;3226;Malters;1062;LU;24.79%;8.193401778337687;47.060235332867585;de;01.07.2008
Hellbühl;6016;00;3226;Ruswil;1098;LU;18.31%;8.184601167;47.07011577386523;de;01.07.2008
Hellbühl;6016;00;3226;Luzern;1061;LU;10.99%;8.215634444109073;47.07292355416115;de;01.07.2008
Ruswil;6017;00;3227;Ruswil;1098;LU;100%;8.123361884211642;47.08520432801386;de;01.07.2008
Buttisholz;6018;00;3229;Buttisholz;1083;LU;98.69%;8.093264324387068;47.113903517728374;de;01.07.2008
Buttisholz;6018;00;3229;Ruswil;1098;LU;1.10%;8.091815366025834;47.09664095770889;de;01.07.2008
Buttisholz;6018;00;3229;Oberkirch;1095;LU;0.21%;8.096678070503998;47.13974514525272;de;01.07.2008
Sigigen;6019;00;3228;Ruswil;1098;LU;97.73%;8.135760789;47.06138216985647;de;01.07.2008
Sigigen;6019;00;3228;Malters;1062;LU;2.27%;8.151561406;47.04683864860943;de;01.07.2008
Emmenbrücke;6020;00;3230;Emmen;1024;LU;98.18%;8.271291320177276;47.07809286680667;de;01.07.2008
Emmenbrücke;6020;00;3230;Ebikon;1054;LU;0.92%;8.296872982610111;47.066336417014526;de;01.07.2008
Emmenbrücke;6020;00;3230;Luzern;1061;LU;0.90%;8.289051268377833;47.065524473239826;de;01.07.2008
Grosswangen;6022;00;3235;Grosswangen;1086;LU;99.69%;8.049102090185816;47.132892241007525;de;01.07.2008
Grosswangen;6022;00;3235;Buttisholz;1083;LU;0.18%;8.083698136533137;47.13251458977021;de;01.07.2008
Grosswangen;6022;00;3235;Ettiswil;1128;LU;0.12%;8.031770411522984;47.14353870963658;de;01.07.2008
Rothenburg;6023;00;3236;Rothenburg;1040;LU;99.19%;8.269091761448621;47.09846545029552;de;01.07.2008
Rothenburg;6023;00;3236;Neuenkirch;1093;LU;0.53%;8.234120774959184;47.11288946882991;de;01.07.2008
Rothenburg;6023;00;3236;Emmen;1024;LU;0.28%;8.247766718369412;47.08551124383052;de;01.07.2008
Hildisrieden;6024;00;3238;Hildisrieden;1088;LU;99.46%;8.226013805847845;47.15032071906184;de;01.07.2008
Hildisrieden;6024;00;3238;Neuenkirch;1093;LU;0.33%;8.228939386883946;47.13412715591973;de;01.07.2008
Hildisrieden;6024;00;3238;Sempach;1102;LU;0.22%;8.206298061661176;47.15746122326408;de;01.07.2008
Neudorf;6025;00;3239;Beromünster;1081;LU;100%;8.208660363;47.17775659947522;de;01.07.2008
Rain;6026;00;3240;Rain;1037;LU;97.06%;8.252897627;47.12851787795462;de;01.07.2008
Rain;6026;00;3240;Römerswil;1039;LU;1.20%;8.258415075639117;47.14540787789066;de;01.07.2008
Rain;6026;00;3240;Eschenbach (LU);1026;LU;1.01%;8.28322202;47.12744462219397;de;01.07.2008
Rain;6026;00;3240;Rothenburg;1040;LU;0.74%;8.281854388761394;47.11926886377915;de;01.07.2008
Römerswil LU;6027;00;3241;Römerswil;1039;LU;100%;8.247072062921921;47.16957746226019;de;01.07.2008
Herlisberg;6028;00;3242;Römerswil;1039;LU;93.75%;8.234583612593358;47.19372665158232;de;01.07.2008
Herlisberg;6028;00;3242;Beromünster;1081;LU;6.25%;8.221231085551077;47.20690808463635;de;01.07.2008
Ebikon;6030;00;3243;Ebikon;1054;LU;99.53%;8.342063356462178;47.08005892683601;de;01.07.2008
Ebikon;6030;00;3243;Buchrain;1052;LU;0.31%;8.345574282;47.08909876726265;de;01.07.2008
Ebikon;6030;00;3243;Adligenswil;1051;LU;0.16%;8.355642876246831;47.0781503;de;01.07.2008
Emmen;6032;00;3244;Emmen;1024;LU;96.18%;8.299191142067592;47.08445399168744;de;01.07.2008
Emmen;6032;00;3244;Ebikon;1054;LU;3.82%;8.313889542;47.078873707721066;de;01.07.2008
Buchrain;6033;00;3245;Buchrain;1052;LU;100%;8.350580584821738;47.09692123662196;de;01.07.2008
Inwil;6034;00;3246;Inwil;1033;LU;85.17%;8.351959776184726;47.12374384461199;de;01.07.2008
Inwil;6034;00;3246;Eschenbach (LU);1026;LU;6.76%;8.336009576562674;47.11647516591532;de;01.07.2008
Inwil;6034;00;3246;Ballwil;1023;LU;6.68%;8.348666008770808;47.139323086998054;de;01.07.2008
Inwil;6034;00;3246;Dietwil;4231;AG;0.98%;8.379723047332048;47.13991874152554;de;01.07.2008
Inwil;6034;00;3246;Sins;4239;AG;0.41%;8.374667611519518;47.14484452898089;de;01.07.2008
Perlen;6035;00;3247;Buchrain;1052;LU;65.87%;8.357833897308026;47.10738820980095;de;01.07.2008
Perlen;6035;00;3247;Root;1065;LU;34.13%;8.369216936630432;47.111911321675805;de;01.07.2008
Dierikon;6036;00;3248;Dierikon;1053;LU;100%;8.367954250651328;47.09456915825036;de;01.07.2008
Root;6037;00;3249;Root;1065;LU;99.79%;8.388915139;47.112613746797756;de;01.07.2008
Root;6037;00;3249;Dierikon;1053;LU;0.21%;8.369431028757162;47.10223939940872;de;01.07.2008
Gisikon;6038;00;3251;Gisikon;1055;LU;87.95%;8.400383717017595;47.12462637211462;de;01.07.2008
Gisikon;6038;00;3251;Inwil;1033;LU;11.09%;8.395844732863019;47.13361417921913;de;01.07.2008
Gisikon;6038;00;3251;Root;1065;LU;0.96%;8.400999222310613;47.12147278460119;de;01.07.2008
Honau;6038;02;5945;Root;1065;LU;100%;8.406484714602229;47.13112392729769;de;01.07.2008
Root D4;6039;00;7966;Root;1065;LU;100%;8.374170098939125;47.103541258330765;de;01.01.2014
Dietwil;6042;00;3253;Dietwil;4231;AG;100%;8.391539618301948;47.14830418509373;de;01.07.2008
Adligenswil;6043;00;3254;Adligenswil;1051;LU;100%;8.364849060491428;47.07037816052481;de;01.07.2008
Udligenswil;6044;00;3255;Udligenswil;1067;LU;98.05%;8.399640299092653;47.08980175665921;de;01.07.2008
Udligenswil;6044;00;3255;Root;1065;LU;1.95%;8.395029499326377;47.101561470259064;de;01.07.2008
Meggen;6045;00;3256;Meggen;1063;LU;100%;8.371862700105556;47.048210156932434;de;01.07.2008
Kastanienbaum;6047;00;3257;Horw;1058;LU;100%;8.336270770690588;47.01015455053772;de;01.07.2008
Horw;6048;00;3258;Horw;1058;LU;99.14%;8.312292551418835;47.018849486004655;de;01.07.2008
Horw;6048;00;3258;Kriens;1059;LU;0.87%;8.304076359403265;47.02159242825688;de;01.07.2008
Hergiswil NW;6052;00;3259;Hergiswil (NW);1507;NW;99.80%;8.30812072;46.98948343;de;01.07.2008
Hergiswil NW;6052;00;3259;Horw;1058;LU;0.20%;8.31207809;46.99839504737862;de;01.07.2008
Alpnachstad;6053;00;3260;Alpnach;1401;OW;100%;8.287855558609696;46.965805243543244;de;01.07.2008
Alpnach Dorf;6055;00;3261;Alpnach;1401;OW;100%;8.262879929873503;46.936941020850725;de;01.07.2008
Kägiswil;6056;00;3262;Sarnen;1407;OW;100%;8.258360082813132;46.91958475680476;de;01.07.2008
Sarnen;6060;00;3263;Sarnen;1407;OW;100%;8.245882852540044;46.895663796820195;de;01.07.2008
Ramersberg;6060;02;3265;Sarnen;1407;OW;100%;8.230824418;46.89970908362981;de;01.07.2008
Wilen (Sarnen);6062;00;3267;Sarnen;1407;OW;100%;8.210786543954136;46.87429814297217;de;01.07.2008
Stalden (Sarnen);6063;00;3268;Sarnen;1407;OW;100%;8.196205675853296;46.88500149523097;de;01.07.2008
Kerns;6064;00;3269;Kerns;1404;OW;99.87%;8.281052919339427;46.903182795789334;de;01.07.2008
Kerns;6064;00;3269;Alpnach;1401;OW;0.13%;8.280390986;46.92630672860562;de;01.07.2008
St. Niklausen OW;6066;00;3270;Kerns;1404;OW;100%;8.284328078319675;46.877745562569906;de;01.07.2008
Melchtal;6067;00;3271;Kerns;1404;OW;89.36%;8.292768571977955;46.83176809877866;de;01.07.2008
Melchtal;6067;00;3271;Sachseln;1406;OW;10.64%;8.289046837741884;46.840126004783066;de;01.07.2008
Melchsee-Frutt;6068;00;3266;Kerns;1404;OW;100%;8.272945384;46.775636180590176;de;01.07.2008
Sachseln;6072;00;3272;Sachseln;1406;OW;100%;8.235025999621971;46.86525325549305;de;01.07.2008
Flüeli-Ranft;6073;00;3273;Sachseln;1406;OW;100%;8.261214595255769;46.87273242691918;de;01.07.2008
Giswil;6074;00;3274;Giswil;1403;OW;95.60%;8.167948685230924;46.84274332;de;01.07.2008
Giswil;6074;00;3274;Sachseln;1406;OW;4.40%;8.191611457214158;46.849219883311285;de;01.07.2008
Lungern;6078;00;3279;Lungern;1405;OW;100%;8.156731605769929;46.78511559741363;de;01.07.2008
Bürglen OW;6078;02;3278;Lungern;1405;OW;100%;8.167666752923314;46.813194126341095;de;01.07.2008
Hasliberg Hohfluh;6083;00;3281;Hasliberg;783;BE;100%;8.175996796840261;46.749729335806805;de;01.07.2008
Hasliberg Wasserwendi;6084;00;3282;Hasliberg;783;BE;100%;8.202820140212802;46.74928312656765;de;01.07.2008
Hasliberg Goldern;6085;00;3283;Hasliberg;783;BE;100%;8.199315688132165;46.73928513102882;de;01.07.2008
Hasliberg Reuti;6086;00;3284;Hasliberg;783;BE;100%;8.216388739679358;46.7299943;de;01.07.2008
Malters;6102;00;3286;Malters;1062;LU;100%;8.179581592397122;47.038421495137875;de;01.07.2008
Schwarzenberg LU;6103;00;3288;Schwarzenberg;1066;LU;100%;8.177457514773488;47.01507401559944;de;01.07.2008
Schachen LU;6105;00;3289;Werthenstein;1009;LU;97.89%;8.138787771065374;47.03510629697776;de;01.07.2008
Schachen LU;6105;00;3289;Ruswil;1098;LU;1.55%;8.131356722103032;47.04755597828459;de;01.07.2008
Schachen LU;6105;00;3289;Entlebuch;1002;LU;0.56%;8.120020157065916;47.00669479822638;de;01.07.2008
Werthenstein;6106;00;3290;Ruswil;1098;LU;61.69%;8.100621539378036;47.05774001734367;de;01.07.2008
Werthenstein;6106;00;3290;Werthenstein;1009;LU;38.31%;8.10127778;47.04586241248865;de;01.07.2008
Wolhusen;6110;00;3291;Wolhusen;1107;LU;75.42%;8.073689268605696;47.06207484263531;de;01.07.2008
Wolhusen;6110;00;3291;Werthenstein;1009;LU;18.94%;8.073485951853405;47.050454058094815;de;01.07.2008
Wolhusen;6110;00;3291;Ruswil;1098;LU;4.06%;8.092014077194785;47.06214301318794;de;01.07.2008
Wolhusen;6110;00;3291;Menznau;1136;LU;1.13%;8.023105280988235;47.03103975895695;de;01.07.2008
Wolhusen;6110;00;3291;Entlebuch;1002;LU;0.34%;8.067744310523054;47.028824936895326;de;01.07.2008
Wolhusen;6110;00;3291;Doppleschwand;1001;LU;0.11%;8.058734131;47.028945906422244;de;01.07.2008
Fontannen b. Wolhusen;6110;02;3294;Romoos;1007;LU;100%;7.994319591875869;47.02466106182192;de;01.07.2008
Doppleschwand;6112;00;3295;Doppleschwand;1001;LU;100%;8.053986802701948;47.017628335123604;de;01.07.2008
Romoos;6113;00;3296;Romoos;1007;LU;100%;8.016105454;47.00772336497999;de;01.07.2008
Steinhuserberg;6114;00;3293;Wolhusen;1107;LU;100%;8.046352996073956;47.04622908686901;de;01.07.2008
Menznau;6122;00;3297;Menznau;1136;LU;99.13%;8.039423321951016;47.08317299785475;de;01.07.2008
Menznau;6122;00;3297;Wolhusen;1107;LU;0.19%;8.040546051096884;47.055308895829896;de;01.07.2008
Menznau;6122;00;3297;Willisau;1151;LU;0.68%;8.022505514224338;47.09361816964202;de;01.07.2008
Geiss;6123;00;3298;Menznau;1136;LU;100%;8.058701634366637;47.09220076992881;de;01.07.2008
Menzberg;6125;00;3300;Menznau;1136;LU;83.57%;8.001410708999884;47.04106088177436;de;01.07.2008
Menzberg;6125;00;3300;Willisau;1151;LU;8.45%;7.991783999254407;47.05307129;de;01.07.2008
Menzberg;6125;00;3300;Hergiswil bei Willisau;1132;LU;7.98%;7.976469880902836;47.04314130706585;de;01.07.2008
Daiwil;6126;00;3301;Willisau;1151;LU;100%;8.013278569999969;47.09135733166525;de;01.07.2008
Willisau;6130;00;3302;Willisau;1151;LU;99.28%;7.991506910350354;47.11817058048211;de;01.07.2008
Willisau;6130;00;3302;Hergiswil bei Willisau;1132;LU;0.56%;7.977037262363932;47.090534264230605;de;01.07.2008
Willisau;6130;00;3302;Menznau;1136;LU;0.16%;8.030364028;47.10354907978126;de;01.07.2008
Rohrmatt;6132;00;3304;Willisau;1151;LU;56.39%;7.982212312680632;47.09507414745131;de;01.07.2008
Rohrmatt;6132;00;3304;Hergiswil bei Willisau;1132;LU;43.61%;7.978740149315336;47.069990333329876;de;01.07.2008
Hergiswil b. Willisau;6133;00;3306;Hergiswil bei Willisau;1132;LU;98.77%;7.954157377983138;47.07382719543957;de;01.07.2008
Hergiswil b. Willisau;6133;00;3306;Willisau;1151;LU;1.23%;7.9487987153308906;47.09738234410864;de;01.07.2008
Gettnau;6142;00;3308;Willisau;1151;LU;100%;7.969720340630302;47.140356061033934;de;01.07.2008
Ohmstal;6143;00;3309;Schötz;1143;LU;97.78%;7.955976422618359;47.15871447980713;de;01.07.2008
Ohmstal;6143;00;3309;Willisau;1151;LU;2.22%;7.970472348542287;47.14838514382593;de;01.07.2008
Zell LU;6144;00;3310;Zell (LU);1150;LU;99.03%;7.928102703560043;47.13754520037687;de;01.07.2008
Zell LU;6144;00;3310;Altishofen;1123;LU;0.78%;7.931071643869619;47.16225974163588;de;01.07.2008
Zell LU;6144;00;3310;Willisau;1151;LU;0.19%;7.927416603136611;47.11723734801974;de;01.07.2008
Fischbach LU;6145;00;3311;Fischbach;1129;LU;99.56%;7.908328656759246;47.15249626717717;de;01.07.2008
Fischbach LU;6145;00;3311;Grossdietwil;1131;LU;0.44%;7.887096887358019;47.150480933851235;de;01.07.2008
Grossdietwil;6146;00;3312;Grossdietwil;1131;LU;99.14%;7.887114814797431;47.17008495663699;de;01.07.2008
Grossdietwil;6146;00;3312;Melchnau;333;BE;0.86%;7.876412215969167;47.166195346122684;de;01.07.2008
Altbüron;6147;00;3313;Altbüron;1122;LU;83.64%;7.882107832256793;47.183470743894844;de;01.07.2008
Altbüron;6147;00;3313;Grossdietwil;1131;LU;14.53%;7.9071336990145795;47.19378779029994;de;01.07.2008
Altbüron;6147;00;3313;Pfaffnau;1139;LU;1.41%;7.860782313991357;47.20126167208741;de;01.07.2008
Altbüron;6147;00;3313;Melchnau;333;BE;0.42%;7.875466440582339;47.17961032279134;de;01.07.2008
Hüswil;6152;00;3314;Zell (LU);1150;LU;95.17%;7.907198907354767;47.12734189544244;de;01.07.2008
Hüswil;6152;00;3314;Fischbach;1129;LU;4.83%;7.890117787860562;47.13043247471847;de;01.07.2008
Ufhusen;6153;00;3315;Ufhusen;1145;LU;96.59%;7.894869485661622;47.11263959212606;de;01.07.2008
Ufhusen;6153;00;3315;Luthern;1135;LU;1.77%;7.901753045662593;47.09346162062482;de;01.07.2008
Ufhusen;6153;00;3315;Zell (LU);1150;LU;1.50%;7.916482141307328;47.11013221;de;01.07.2008
Ufhusen;6153;00;3315;Fischbach;1129;LU;0.14%;7.888896962613909;47.12788267720002;de;01.07.2008
Hofstatt;6154;00;3316;Luthern;1135;LU;97.38%;7.9067909435421075;47.08363658168665;de;01.07.2008
Hofstatt;6154;00;3316;Willisau;1151;LU;2.62%;7.926128700844442;47.10022415285057;de;01.07.2008
Luthern;6156;00;3317;Luthern;1135;LU;94.28%;7.914701019467532;47.059389229312444;de;01.07.2008
Luthern;6156;00;3317;Willisau;1151;LU;3.24%;7.925829789660345;47.084717876109764;de;01.07.2008
Luthern;6156;00;3317;Hergiswil bei Willisau;1132;LU;2.48%;7.925771646838146;47.0783136;de;01.07.2008
Luthern Bad;6156;02;6551;Luthern;1135;LU;100%;7.925454060122383;47.03169300094435;de;01.07.2008
Entlebuch;6162;00;3320;Entlebuch;1002;LU;98.90%;8.067107417754592;46.99352163533472;de;01.07.2008
Entlebuch;6162;00;3320;Hasle (LU);1005;LU;1.10%;8.059154960517272;46.993645869016056;de;01.07.2008
Rengg;6162;02;3322;Entlebuch;1002;LU;100%;8.099685714172578;47.00101167954165;de;01.07.2008
Finsterwald b. Entlebuch;6162;03;3323;Entlebuch;1002;LU;88.91%;8.113718248393432;46.96879824754948;de;01.07.2008
Finsterwald b. Entlebuch;6162;03;3323;Hasle (LU);1005;LU;11.09%;8.119807209362795;46.94013854838843;de;01.07.2008
Ebnet;6163;00;3321;Entlebuch;1002;LU;100%;8.078168583806507;47.021517106213714;de;01.07.2008
Hasle LU;6166;00;3324;Hasle (LU);1005;LU;97.21%;8.051242404371509;46.975364766889264;de;01.07.2008
Hasle LU;6166;00;3324;Entlebuch;1002;LU;2.21%;8.016039045846115;46.97829992068762;de;01.07.2008
Hasle LU;6166;00;3324;Romoos;1007;LU;0.57%;8.028150206;46.99085884027297;de;01.07.2008
Bramboden;6167;00;3326;Romoos;1007;LU;100%;7.982828787726365;46.981133843518755;de;01.07.2008
Schüpfheim;6170;00;3328;Schüpfheim;1008;LU;98.02%;8.016487516048864;46.95155435;de;01.07.2008
Schüpfheim;6170;00;3328;Romoos;1007;LU;0.91%;7.9809853018387535;46.97428811885555;de;01.07.2008
Schüpfheim;6170;00;3328;Flühli;1004;LU;0.59%;8.040781538661456;46.91206521097819;de;01.07.2008
Schüpfheim;6170;00;3328;Escholzmatt-Marbach;1010;LU;0.32%;7.990774679;46.92679971772469;de;01.07.2008
Schüpfheim;6170;00;3328;Hasle (LU);1005;LU;0.12%;8.069271144140673;46.92473056314726;de;01.07.2008
Schüpfheim;6170;00;3328;Entlebuch;1002;LU;0.04%;8.015839226;46.97315557140349;de;01.07.2008
Flühli LU;6173;00;3331;Flühli;1004;LU;98.81%;8.016686569461186;46.88330474907147;de;01.07.2008
Flühli LU;6173;00;3331;Escholzmatt-Marbach;1010;LU;1.19%;8.011196559336984;46.918531664087745;de;01.07.2008
Sörenberg;6174;00;3333;Flühli;1004;LU;98.67%;8.031907549711637;46.822749699765765;de;01.07.2008
Sörenberg;6174;00;3333;Giswil;1403;OW;1.33%;8.062403420611721;46.79331562232657;de;01.07.2008
Escholzmatt;6182;00;3334;Escholzmatt-Marbach;1010;LU;100%;7.9420576657964475;46.918064565705656;de;01.07.2008
Wiggen;6192;00;3337;Escholzmatt-Marbach;1010;LU;92.43%;7.9144626006548515;46.89140309114077;de;01.07.2008
Wiggen;6192;00;3337;Flühli;1004;LU;7.57%;7.970252331686931;46.87104393;de;01.07.2008
Marbach LU;6196;00;3338;Escholzmatt-Marbach;1010;LU;100%;7.898958216397006;46.859811474174954;de;01.07.2008
Schangnau;6197;00;3340;Schangnau;906;BE;86.17%;7.875073042308202;46.82038788125438;de;01.07.2008
Schangnau;6197;00;3340;Eggiwil;901;BE;7.57%;7.837403849887576;46.83006049135829;de;01.07.2008
Schangnau;6197;00;3340;Flühli;1004;LU;2.90%;7.966432318268985;46.791756887357614;de;01.07.2008
Schangnau;6197;00;3340;Eriz;924;BE;1.68%;7.837219566101266;46.79802823645821;de;01.07.2008
Schangnau;6197;00;3340;Escholzmatt-Marbach;1010;LU;1.59%;7.919006623628434;46.824169944574855;de;01.07.2008
Schangnau;6197;00;3340;Habkern;579;BE;0.09%;7.951840238738667;46.790231083782864;de;01.07.2008
Sempach Station;6203;00;3342;Neuenkirch;1093;LU;100%;8.197065063914604;47.11636916914222;de;01.07.2008
Sempach;6204;00;3343;Sempach;1102;LU;96.50%;8.194376042323013;47.133127076170496;de;01.07.2008
Sempach;6204;00;3343;Neuenkirch;1093;LU;3.50%;8.221448710496903;47.13389052780641;de;01.07.2008
Eich;6205;00;3344;Eich;1084;LU;100%;8.167946297072477;47.15628941349107;de;01.07.2008
Neuenkirch;6206;00;3345;Neuenkirch;1093;LU;94.66%;8.203801451176671;47.09995306499489;de;01.07.2008
Neuenkirch;6206;00;3345;Emmen;1024;LU;3.78%;8.230730870206058;47.08768987177561;de;01.07.2008
Neuenkirch;6206;00;3345;Ruswil;1098;LU;1.14%;8.173644939695023;47.091091550906015;de;01.07.2008
Neuenkirch;6206;00;3345;Rothenburg;1040;LU;0.42%;8.230877850279686;47.09941883068089;de;01.07.2008
Nottwil;6207;00;3346;Nottwil;1094;LU;98.28%;8.135461286548042;47.13358898104514;de;01.07.2008
Nottwil;6207;00;3346;Neuenkirch;1093;LU;0.93%;8.160553881394542;47.11268223621152;de;01.07.2008
Nottwil;6207;00;3346;Ruswil;1098;LU;0.46%;8.133591697;47.11343302581539;de;01.07.2008
Nottwil;6207;00;3346;Oberkirch;1095;LU;0.33%;8.1119104;47.14127615;de;01.07.2008
Oberkirch LU;6208;00;3347;Oberkirch;1095;LU;100%;8.112980177966081;47.15923317425205;de;01.07.2008
Sursee;6210;00;3348;Sursee;1103;LU;89.85%;8.109113843050878;47.171686986280285;de;01.07.2008
Sursee;6210;00;3348;Mauensee;1091;LU;6.02%;8.090710146103193;47.171477858569325;de;01.07.2008
Sursee;6210;00;3348;Oberkirch;1095;LU;3.78%;8.096775897124079;47.16809718;de;01.07.2008
Sursee;6210;00;3348;Schenkon;1099;LU;0.35%;8.123490295378405;47.17466069970049;de;01.07.2008
Buchs LU;6211;01;3349;Dagmersellen;1125;LU;100%;8.036023238109484;47.20118816492935;de;01.07.2008
St. Erhard;6212;00;3350;Knutwil;1089;LU;100%;8.073478331813192;47.18442806591313;de;01.07.2008
Kaltbach;6212;02;6048;Mauensee;1091;LU;100%;8.059495623;47.18353282930276;de;01.07.2008
Knutwil;6213;00;3351;Knutwil;1089;LU;99.57%;8.072658557504303;47.19876162707561;de;01.07.2008
Knutwil;6213;00;3351;Triengen;1104;LU;0.43%;8.071623837937217;47.213932840278005;de;01.07.2008
Schenkon;6214;00;3352;Schenkon;1099;LU;99.56%;8.134704805867264;47.178848129273476;de;01.07.2008
Schenkon;6214;00;3352;Eich;1084;LU;0.45%;8.152785995534092;47.16752947582719;de;01.07.2008
Beromünster;6215;00;3353;Beromünster;1081;LU;100%;8.194320586337911;47.20581747377759;de;01.07.2008
Schwarzenbach LU;6215;02;3354;Beromünster;1081;LU;100%;8.211489757864522;47.233003641694715;de;01.07.2008
Mauensee;6216;00;3355;Mauensee;1091;LU;95.76%;8.070470887704737;47.16660744;de;01.07.2008
Mauensee;6216;00;3355;Oberkirch;1095;LU;4.24%;8.090932265362635;47.166889318820424;de;01.07.2008
Kottwil;6217;00;3356;Ettiswil;1128;LU;100%;8.043122913;47.16255358462658;de;01.07.2008
Ettiswil;6218;00;3357;Ettiswil;1128;LU;100%;8.019220312893344;47.14991263970003;de;01.07.2008
Rickenbach LU;6221;00;3358;Rickenbach (LU);1097;LU;88.88%;8.153700664604909;47.22218689021151;de;01.07.2008
Rickenbach LU;6221;00;3358;Beromünster;1081;LU;11.12%;8.155758891;47.20533538853526;de;01.07.2008
Gunzwil;6222;00;3359;Beromünster;1081;LU;98.78%;8.178098739459303;47.202963368450554;de;01.07.2008
Gunzwil;6222;00;3359;Schenkon;1099;LU;1.22%;8.155113955619022;47.17491800429338;de;01.07.2008
Schlierbach;6231;00;3360;Schlierbach;1100;LU;100%;8.113337424693555;47.22631610538825;de;01.07.2008
Geuensee;6232;00;3361;Geuensee;1085;LU;100%;8.109264358738875;47.198446400665134;de;01.07.2008
Büron;6233;00;3362;Büron;1082;LU;100%;8.095347421265776;47.211866161154305;de;01.07.2008
Triengen;6234;00;3363;Triengen;1104;LU;100%;8.077522341594332;47.23583893554443;de;01.07.2008
Kulmerau;6234;01;3364;Triengen;1104;LU;100%;8.087148085976532;47.254197750504005;de;01.07.2008
Winikon;6235;00;3366;Triengen;1104;LU;95.22%;8.047467340020797;47.23611850751592;de;01.07.2008
Winikon;6235;00;3366;Dagmersellen;1125;LU;4.78%;8.029638865604923;47.230184710460506;de;01.07.2008
Wilihof;6236;00;3365;Triengen;1104;LU;100%;8.063282883547716;47.220904457639996;de;01.07.2008
Wauwil;6242;00;3367;Wauwil;1146;LU;94.49%;8.023912233689153;47.185931905749044;de;01.07.2008
Wauwil;6242;00;3367;Mauensee;1091;LU;5.51%;8.040097867426432;47.185605663021796;de;01.07.2008
Egolzwil;6243;00;3368;Egolzwil;1127;LU;100%;8.006911188894716;47.185279444098455;de;01.07.2008
Nebikon;6244;00;3369;Nebikon;1137;LU;97.84%;7.978647175387771;47.191576931958195;de;01.07.2008
Nebikon;6244;00;3369;Egolzwil;1127;LU;1.30%;7.979338265;47.18422482903737;de;01.07.2008
Nebikon;6244;00;3369;Altishofen;1123;LU;0.87%;7.963210655548764;47.18507295750631;de;01.07.2008
Ebersecken;6245;00;3370;Altishofen;1123;LU;94.50%;7.938428857353138;47.18185500609252;de;01.07.2008
Ebersecken;6245;00;3370;Grossdietwil;1131;LU;5.51%;7.9245898752701365;47.18773390740664;de;01.07.2008
Altishofen;6246;00;3371;Altishofen;1123;LU;96.63%;7.965311529464735;47.201479086904115;de;01.07.2008
Altishofen;6246;00;3371;Dagmersellen;1125;LU;3.37%;7.961430234361457;47.21488113365148;de;01.07.2008
Schötz;6247;00;3372;Schötz;1143;LU;99.56%;7.986213915952787;47.171491465248295;de;01.07.2008
Schötz;6247;00;3372;Altishofen;1123;LU;0.44%;7.960741508019047;47.16864141;de;01.07.2008
Alberswil;6248;00;3373;Alberswil;1121;LU;94.92%;8.001413381;47.15052278336865;de;01.07.2008
Alberswil;6248;00;3373;Willisau;1151;LU;4.01%;8.002723166319607;47.13716772007488;de;01.07.2008
Alberswil;6248;00;3373;Ettiswil;1128;LU;1.07%;8.004161654962681;47.13732257183756;de;01.07.2008
Dagmersellen;6252;00;3374;Dagmersellen;1125;LU;99.10%;7.987343322493271;47.214778684941905;de;01.07.2008
Dagmersellen;6252;00;3374;Reiden;1140;LU;0.90%;7.971952590531211;47.230870748724655;de;01.07.2008
Uffikon;6253;00;3375;Dagmersellen;1125;LU;100%;8.020122179400403;47.21235125806133;de;01.07.2008
Reiden;6260;00;3376;Reiden;1140;LU;100%;7.973633170956397;47.24442715511459;de;01.07.2008
Reidermoos;6260;02;3379;Reiden;1140;LU;97.04%;7.990969531518989;47.25274658009665;de;01.07.2008
Reidermoos;6260;02;3379;Dagmersellen;1125;LU;1.65%;8.009674253418117;47.23527747266018;de;01.07.2008
Reidermoos;6260;02;3379;Wikon;1147;LU;1.32%;8.001842688153628;47.26159884570115;de;01.07.2008
Hintermoos;6260;03;6353;Wikon;1147;LU;91.55%;8.005818715158115;47.26648152049201;de;01.07.2008
Hintermoos;6260;03;6353;Reiden;1140;LU;8.45%;8.014900064455816;47.259429576209506;de;01.07.2008
Mehlsecken;6260;04;6554;Reiden;1140;LU;100%;7.959318425127871;47.24612971734974;de;01.07.2008
Langnau b. Reiden;6262;00;3381;Reiden;1140;LU;100%;7.960738899579094;47.22926702;de;01.07.2008
Richenthal;6263;00;3382;Reiden;1140;LU;98.69%;7.940240352012495;47.213275256406284;de;01.07.2008
Richenthal;6263;00;3382;Altishofen;1123;LU;1.31%;7.947129529451654;47.20198350222967;de;01.07.2008
Pfaffnau;6264;00;3383;Pfaffnau;1139;LU;99.77%;7.8989056366591885;47.22982721522855;de;01.07.2008
Pfaffnau;6264;00;3383;Brittnau;4274;AG;0.23%;7.910269295131001;47.24415495928058;de;01.07.2008
Roggliswil;6265;00;3384;Roggliswil;1142;LU;90.86%;7.885403133;47.21315899062996;de;01.07.2008
Roggliswil;6265;00;3384;Pfaffnau;1139;LU;9.14%;7.905608750515901;47.20655768;de;01.07.2008
Eschenbach LU;6274;00;3385;Eschenbach (LU);1026;LU;95.35%;8.319987863446721;47.131027762259585;de;01.07.2008
Eschenbach LU;6274;00;3385;Ballwil;1023;LU;3.54%;8.337238275159962;47.13709211649156;de;01.07.2008
Eschenbach LU;6274;00;3385;Hochdorf;1031;LU;1.11%;8.308831601373333;47.14288767416408;de;01.07.2008
Ballwil;6275;00;3386;Ballwil;1023;LU;79.63%;8.323384875610857;47.15234774509433;de;01.07.2008
Ballwil;6275;00;3386;Hohenrain;1032;LU;18.77%;8.329063723;47.16397092;de;01.07.2008
Ballwil;6275;00;3386;Hochdorf;1031;LU;1.12%;8.308205516;47.15061042950995;de;01.07.2008
Ballwil;6275;00;3386;Sins;4239;AG;0.48%;8.362522262336203;47.147767285064404;de;01.07.2008
Hohenrain;6276;00;3387;Hohenrain;1032;LU;100%;8.317930858181436;47.17996025;de;01.07.2008
Kleinwangen;6277;00;3389;Hohenrain;1032;LU;99.04%;8.296237373054993;47.194534318473956;de;01.07.2008
Kleinwangen;6277;00;3389;Auw;4223;AG;0.96%;8.329174956574375;47.20474579057001;de;01.07.2008
Lieli LU;6277;02;5943;Hohenrain;1032;LU;100%;8.298767627102185;47.20826915333286;de;01.07.2008
Hochdorf;6280;00;3390;Hochdorf;1031;LU;90.50%;8.292651695180483;47.16666663764523;de;01.07.2008
Hochdorf;6280;00;3390;Römerswil;1039;LU;8.53%;8.273407126;47.16240014494625;de;01.07.2008
Hochdorf;6280;00;3390;Hohenrain;1032;LU;0.98%;8.303402684;47.16837642;de;01.07.2008
Urswil;6280;02;3391;Hochdorf;1031;LU;79.61%;8.290621874326618;47.15183941484359;de;01.07.2008
Urswil;6280;02;3391;Römerswil;1039;LU;20.39%;8.273738749838756;47.150685860148535;de;01.07.2008
Baldegg;6283;00;3392;Hochdorf;1031;LU;62.53%;8.280632776284692;47.184925632280304;de;01.07.2008
Baldegg;6283;00;3392;Römerswil;1039;LU;30.41%;8.266227373984698;47.177429109683025;de;01.07.2008
Baldegg;6283;00;3392;Hohenrain;1032;LU;7.06%;8.278274116;47.195215411668606;de;01.07.2008
Gelfingen;6284;00;3394;Hitzkirch;1030;LU;100%;8.267774817431272;47.21429831423313;de;01.07.2008
Sulz LU;6284;02;5944;Hitzkirch;1030;LU;100%;8.284345965325222;47.221176093222304;de;01.07.2008
Hitzkirch;6285;00;3396;Hitzkirch;1030;LU;100%;8.261896183387677;47.224334082007324;de;01.07.2008
Retschwil;6285;02;3397;Hitzkirch;1030;LU;100%;8.245224086171827;47.197502549841126;de;01.07.2008
Altwis;6286;00;3399;Hitzkirch;1030;LU;100%;8.251903278321992;47.238392437037916;de;01.07.2008
Aesch LU;6287;00;3400;Aesch (LU);1021;LU;98.69%;8.240406571255432;47.25735361211467;de;01.07.2008
Aesch LU;6287;00;3400;Schongau;1041;LU;1.31%;8.245520382403743;47.26965010912872;de;01.07.2008
Schongau;6288;00;3401;Schongau;1041;LU;99.72%;8.268922784014741;47.26868342803862;de;01.07.2008
Schongau;6288;00;3401;Hitzkirch;1030;LU;0.28%;8.293005660292122;47.248340515233714;de;01.07.2008
Müswangen;6289;00;3398;Hitzkirch;1030;LU;100%;8.289470115247703;47.23785136060039;de;01.07.2008
Hämikon;6289;02;5942;Hitzkirch;1030;LU;100%;8.276637447448845;47.23732472509857;de;01.07.2008
Ermensee;6294;00;3402;Ermensee;1025;LU;100%;8.242112687470833;47.22671352074675;de;01.07.2008
Mosen;6295;00;3403;Hitzkirch;1030;LU;100%;8.226512821;47.244280671164496;de;01.07.2008
Zug;6300;00;3404;Zug;1711;ZG;99.52%;8.517282621732182;47.17078030801976;de;01.07.2008
Zug;6300;00;3404;Baar;1701;ZG;0.48%;8.500512489345391;47.186534595448656;de;01.07.2008
Zugerberg;6300;05;3423;Zug;1711;ZG;100%;8.534524716104913;47.14892885413851;de;01.07.2008
Steinhausen;6312;00;3417;Steinhausen;1708;ZG;99.53%;8.486252181828402;47.19615553462387;de;01.07.2008
Steinhausen;6312;00;3417;Baar;1701;ZG;0.47%;8.500836616820973;47.192225782120914;de;01.07.2008
Menzingen;6313;00;3418;Menzingen;1704;ZG;99.59%;8.594990129;47.17612471406344;de;01.07.2008
Menzingen;6313;00;3418;Neuheim;1705;ZG;0.41%;8.607447618;47.19741766391522;de;01.07.2008
Edlibach;6313;02;3413;Menzingen;1704;ZG;100%;8.570728152462465;47.17984729;de;01.07.2008
Finstersee;6313;03;3414;Menzingen;1704;ZG;100%;8.627553373090818;47.16617637645552;de;01.07.2008
Unterägeri;6314;00;3419;Unterägeri;1709;ZG;99.77%;8.58051847;47.135986297019436;de;01.07.2008
Unterägeri;6314;00;3419;Oberägeri;1706;ZG;0.23%;8.605094421561478;47.11917826588893;de;01.07.2008
Neuägeri;6314;01;3420;Unterägeri;1709;ZG;49.54%;8.562226187202684;47.14891945053689;de;01.07.2008
Neuägeri;6314;01;3420;Menzingen;1704;ZG;28.44%;8.563588526004153;47.153406999056166;de;01.07.2008
Neuägeri;6314;01;3420;Zug;1711;ZG;11.01%;8.551375863;47.15270718115599;de;01.07.2008
Neuägeri;6314;01;3420;Baar;1701;ZG;11.01%;8.561981720744766;47.15350366;de;01.07.2008
Oberägeri;6315;00;3421;Oberägeri;1706;ZG;98.99%;8.613240683626262;47.13728493170021;de;01.07.2008
Oberägeri;6315;00;3421;Unterägeri;1709;ZG;1.01%;8.593041609374163;47.14757377518466;de;01.07.2008
Alosen;6315;02;3422;Oberägeri;1706;ZG;95.50%;8.635494508867447;47.140248983917104;de;01.07.2008
Alosen;6315;02;3422;Menzingen;1704;ZG;4.50%;8.653456473427514;47.15500279175455;de;01.07.2008
Morgarten;6315;03;3416;Oberägeri;1706;ZG;99.25%;8.649722765355198;47.10968432617566;de;01.07.2008
Morgarten;6315;03;3416;Sattel;1371;SZ;0.75%;8.64732879;47.098563987223116;de;01.07.2008
Oberwil b. Zug;6317;00;3424;Zug;1711;ZG;100%;8.508486696583338;47.144523242648916;de;01.07.2008
Walchwil;6318;00;3425;Walchwil;1710;ZG;97.67%;8.51626829;47.10207181973075;de;01.07.2008
Walchwil;6318;00;3425;Arth;1362;SZ;1.92%;8.523478296233904;47.089886675861536;de;01.07.2008
Walchwil;6318;00;3425;Zug;1711;ZG;0.41%;8.570102290339294;47.08691718123566;de;01.07.2008
Allenwinden;6319;00;3415;Baar;1701;ZG;100%;8.55353491;47.16582897854343;de;01.07.2008
Cham;6330;00;3426;Cham;1702;ZG;99.76%;8.45893607;47.185228479870695;de;01.07.2008
Cham;6330;00;3426;Steinhausen;1708;ZG;0.16%;8.476442769426276;47.20685004512702;de;01.07.2008
Cham;6330;00;3426;Zug;1711;ZG;0.08%;8.479961825;47.184203601167944;de;01.07.2008
Hünenberg;6331;00;3427;Hünenberg;1703;ZG;99.68%;8.424236469832291;47.17748889476344;de;01.07.2008
Hünenberg;6331;00;3427;Cham;1702;ZG;0.32%;8.416668579927341;47.22315788361924;de;01.07.2008
Hagendorn;6332;00;3429;Cham;1702;ZG;98.87%;8.433879291465425;47.20367259;de;01.07.2008
Hagendorn;6332;00;3429;Hünenberg;1703;ZG;1.14%;8.424611492005123;47.20285278162655;de;01.07.2008
Hünenberg See;6333;00;8810;Hünenberg;1703;ZG;100%;8.447436120247271;47.17364470923519;de;01.07.2008
Baar;6340;00;3430;Baar;1701;ZG;99.73%;8.526676836068127;47.19488102030211;de;01.07.2008
Baar;6340;00;3430;Neuheim;1705;ZG;0.27%;8.559841112823763;47.18918340269169;de;01.07.2008
Sihlbrugg;6340;04;5161;Hausen am Albis;4;ZH;60%;8.573667980488526;47.218913359156446;de;01.07.2008
Sihlbrugg;6340;04;5161;Neuheim;1705;ZG;32.50%;8.580815794938871;47.216665755459026;de;01.07.2008
Sihlbrugg;6340;04;5161;Horgen;295;ZH;7.50%;8.581876439;47.225515895715674;de;01.07.2008
Rotkreuz;6343;00;3431;Risch;1707;ZG;100%;8.430020024366636;47.140737577009936;de;01.07.2008
Buonas;6343;02;6241;Risch;1707;ZG;100%;8.454563409954613;47.14118007301366;de;01.07.2008
Risch;6343;03;6242;Risch;1707;ZG;100%;8.461850207186098;47.12855762;de;01.07.2008
Holzhäusern ZG;6343;04;6243;Risch;1707;ZG;100%;8.439604543249072;47.15342823;de;01.07.2008
Meierskappel;6344;00;3432;Meierskappel;1064;LU;100%;8.441479865510859;47.12190043734344;de;01.07.2008
Neuheim;6345;00;3433;Neuheim;1705;ZG;99.88%;8.576644560531602;47.20306070112276;de;01.07.2008
Neuheim;6345;00;3433;Baar;1701;ZG;0.12%;8.562438165;47.20413578754055;de;01.07.2008
Weggis;6353;00;3435;Weggis;1069;LU;99.34%;8.433871788472539;47.03303532812769;de;01.07.2008
Weggis;6353;00;3435;Greppen;1056;LU;0.66%;8.437624282661998;47.05155195594256;de;01.07.2008
Vitznau;6354;00;3436;Vitznau;1068;LU;99.69%;8.482883657935053;47.01280001077196;de;01.07.2008
Vitznau;6354;00;3436;Weggis;1069;LU;0.31%;8.475592271886926;47.029562422694205;de;01.07.2008
Rigi Kaltbad;6356;00;3437;Weggis;1069;LU;60.43%;8.467331207187513;47.04472272122241;de;01.07.2008
Rigi Kaltbad;6356;00;3437;Arth;1362;SZ;32.37%;8.479848433;47.040750672663975;de;01.07.2008
Rigi Kaltbad;6356;00;3437;Vitznau;1068;LU;7.19%;8.476499396055239;47.04177054;de;01.07.2008
Stansstad;6362;00;3438;Stansstad;1510;NW;99.01%;8.339941116015039;46.975753221023616;de;01.07.2008
Stansstad;6362;00;3438;Ennetmoos;1506;NW;0.99%;8.329053527021982;46.96513337546616;de;01.07.2008
Obbürgen;6363;00;3439;Stansstad;1510;NW;84.31%;8.363420577523325;46.983734401995264;de;01.07.2008
Obbürgen;6363;00;3439;Ennetbürgen;1505;NW;15.70%;8.390439491;46.993705545244474;de;01.07.2008
Fürigen;6363;01;6260;Stansstad;1510;NW;100%;8.351792009227072;46.98169559648078;de;01.07.2008
Bürgenstock;6363;02;6216;Ennetbürgen;1505;NW;76%;8.383622747810577;46.997081342110285;de;01.07.2008
Bürgenstock;6363;02;6216;Stansstad;1510;NW;24%;8.375967389665115;46.99615462200311;de;01.07.2008
Kehrsiten;6365;00;3440;Stansstad;1510;NW;96.54%;8.370430741962458;47.000625629904924;de;01.07.2008
Kehrsiten;6365;00;3440;Luzern;1061;LU;3.46%;8.420327602637359;47.001100056255936;de;01.07.2008
Stans;6370;00;3443;Stans;1509;NW;99.67%;8.364118873;46.960942499760996;de;01.07.2008
Stans;6370;00;3443;Ennetmoos;1506;NW;0.19%;8.342664340168797;46.96185135564832;de;01.07.2008
Stans;6370;00;3443;Oberdorf (NW);1508;NW;0.14%;8.374906612;46.957940257157965;de;01.07.2008
Oberdorf NW;6370;41;5674;Oberdorf (NW);1508;NW;100%;8.384395366685181;46.95659394760897;de;01.07.2008
Ennetmoos;6372;00;3444;Ennetmoos;1506;NW;99.82%;8.319745513354912;46.946422202080456;de;01.07.2008
Ennetmoos;6372;00;3444;Stans;1509;NW;0.19%;8.348632484750494;46.95650222068304;de;01.07.2008
Ennetbürgen;6373;00;3445;Ennetbürgen;1505;NW;99.22%;8.411876023778694;46.98605913836356;de;01.07.2008
Ennetbürgen;6373;00;3445;Stans;1509;NW;0.78%;8.387111442223697;46.976488215533095;de;01.07.2008
Buochs;6374;00;3446;Buochs;1502;NW;99.04%;8.421166089;46.97362864476226;de;01.07.2008
Buochs;6374;00;3446;Ennetbürgen;1505;NW;0.55%;8.414970147610047;46.97909706277385;de;01.07.2008
Buochs;6374;00;3446;Oberdorf (NW);1508;NW;0.41%;8.405158955786126;46.956132870859626;de;01.07.2008
Beckenried;6375;00;3447;Beckenried;1501;NW;100%;8.469590634099552;46.96576379700797;de;01.07.2008
Emmetten;6376;00;3448;Emmetten;1504;NW;93.33%;8.513564775813519;46.95483453380873;de;01.07.2008
Emmetten;6376;00;3448;Beckenried;1501;NW;6.67%;8.483608173;46.954086059891125;de;01.07.2008
Seelisberg;6377;00;3449;Seelisberg;1215;UR;92.25%;8.580670079;46.97126903900174;de;01.07.2008
Seelisberg;6377;00;3449;Emmetten;1504;NW;7.75%;8.565920480393237;46.97860288996273;de;01.07.2008
Büren NW;6382;00;3450;Oberdorf (NW);1508;NW;100%;8.397939178962783;46.9395602;de;01.07.2008
Dallenwil;6383;00;3451;Dallenwil;1503;NW;98.87%;8.389440024048486;46.92835023373921;de;01.07.2008
Dallenwil;6383;00;3451;Wolfenschiessen;1511;NW;1.13%;8.395347172125724;46.930088510295796;de;01.07.2008
Niederrickenbach;6383;02;3452;Oberdorf (NW);1508;NW;76%;8.427543276177714;46.927388930401484;de;01.07.2008
Niederrickenbach;6383;02;3452;Wolfenschiessen;1511;NW;24%;8.443243163596659;46.91516175319746;de;01.07.2008
Wiesenberg;6383;03;6360;Dallenwil;1503;NW;100%;8.355141837;46.91841049929554;de;01.07.2008
Wirzweli;6383;04;7952;Dallenwil;1503;NW;100%;8.364283535596844;46.91253466108852;de;01.07.2008
Wolfenschiessen;6386;00;3453;Wolfenschiessen;1511;NW;100%;8.396614178314435;46.90722208129295;de;01.07.2008
Oberrickenbach;6387;00;3454;Wolfenschiessen;1511;NW;100%;8.421906735;46.88628999;de;01.07.2008
Grafenort;6388;00;3455;Wolfenschiessen;1511;NW;79.88%;8.380547705910914;46.87575273045361;de;01.07.2008
Grafenort;6388;00;3455;Engelberg;1402;OW;20.12%;8.373184878836875;46.85667873740046;de;01.07.2008
Engelberg;6390;00;3456;Engelberg;1402;OW;93.03%;8.408612931420215;46.820678636870554;de;01.07.2008
Engelberg;6390;00;3456;Wolfenschiessen;1511;NW;4.82%;8.373782263716679;46.80802359720345;de;01.07.2008
Engelberg;6390;00;3456;Attinghausen;1203;UR;2.15%;8.492060133946852;46.80218168367167;de;01.07.2008
Merlischachen;6402;00;3458;Küssnacht (SZ);1331;SZ;100%;8.409935254913083;47.06700120918563;de;01.07.2008
Küssnacht am Rigi;6403;00;3459;Küssnacht (SZ);1331;SZ;100%;8.438260358410771;47.08214979218428;de;01.07.2008
Greppen;6404;00;3460;Greppen;1056;LU;100%;8.430566265;47.05493256661414;de;01.07.2008
Immensee;6405;00;3461;Küssnacht (SZ);1331;SZ;100%;8.461481820448101;47.095465914970575;de;01.07.2008
Goldau;6410;00;3462;Arth;1362;SZ;100%;8.549651714957667;47.04930808299061;de;01.07.2008
Rigi Klösterli;6410;02;3464;Arth;1362;SZ;100%;8.48661893;47.04445830815705;de;01.07.2008
Rigi Staffel;6410;03;3465;Arth;1362;SZ;100%;8.473977396427966;47.052237427159326;de;01.07.2008
Rigi Kulm;6410;04;3466;Arth;1362;SZ;100%;8.486029847004163;47.054727896961865;de;01.07.2008
Rigi Scheidegg;6410;05;6269;Gersau;1311;SZ;100%;8.520020895189825;47.02624670882148;de;01.07.2008
Oberarth;6414;00;3468;Arth;1362;SZ;100%;8.539286943670527;47.056037886924656;de;01.07.2008
Arth;6415;00;3469;Arth;1362;SZ;100%;8.525624894038618;47.064543171872565;de;01.07.2008
Steinerberg;6416;00;3470;Steinerberg;1374;SZ;98.45%;8.585608362965752;47.05604328245451;de;01.07.2008
Steinerberg;6416;00;3470;Arth;1362;SZ;1.55%;8.567425637170938;47.06646982887207;de;01.07.2008
Sattel;6417;00;3471;Sattel;1371;SZ;97.18%;8.636180221446502;47.077189334868294;de;01.07.2008
Sattel;6417;00;3471;Schwyz;1372;SZ;1.66%;8.658303283398192;47.061555290339186;de;01.07.2008
Sattel;6417;00;3471;Oberägeri;1706;ZG;1.16%;8.622939195431666;47.09715371624461;de;01.07.2008
Rothenthurm;6418;00;3472;Rothenthurm;1370;SZ;93.19%;8.675426911183875;47.10305085;de;01.07.2008
Rothenthurm;6418;00;3472;Oberägeri;1706;ZG;5.98%;8.659997807656277;47.11975947644367;de;01.07.2008
Rothenthurm;6418;00;3472;Sattel;1371;SZ;0.83%;8.654282277903746;47.09439745237903;de;01.07.2008
Steinen;6422;00;3473;Steinen;1373;SZ;99.93%;8.610728671;47.049636316204776;de;01.07.2008
Steinen;6422;00;3473;Sattel;1371;SZ;0.07%;8.611937652884082;47.06761228347736;de;01.07.2008
Seewen SZ;6423;00;3474;Schwyz;1372;SZ;98.30%;8.633911358375405;47.029183114297126;de;01.07.2008
Seewen SZ;6423;00;3474;Ingenbohl;1364;SZ;1.70%;8.609975520862463;47.01696141;de;01.07.2008
Lauerz;6424;00;3475;Lauerz;1365;SZ;100%;8.583653424884115;47.03168371390527;de;01.07.2008
Schwyz;6430;00;3476;Schwyz;1372;SZ;100%;8.653967353103287;47.024177515946974;de;01.07.2008
Rickenbach b. Schwyz;6432;00;3480;Schwyz;1372;SZ;100%;8.674502743968448;47.01273093327092;de;01.07.2008
Stoos SZ;6433;00;3481;Morschach;1366;SZ;86.41%;8.665333263;46.977546262554775;de;01.07.2008
Stoos SZ;6433;00;3481;Muotathal;1367;SZ;13.59%;8.689984850486168;46.979501896800315;de;01.07.2008
Illgau;6434;00;3482;Illgau;1363;SZ;100%;8.729325997;46.99148064665814;de;01.07.2008
Muotathal;6436;00;3483;Muotathal;1367;SZ;95.78%;8.766236953636621;46.97413696335774;de;01.07.2008
Muotathal;6436;00;3483;Bürglen (UR);1205;UR;4.22%;8.753227894;46.91305708383024;de;01.07.2008
Bisisthal;6436;02;3484;Muotathal;1367;SZ;79.81%;8.839715060550866;46.936529200928575;de;01.07.2008
Bisisthal;6436;02;3484;Bürglen (UR);1205;UR;14.42%;8.807962076545106;46.92853741;de;01.07.2008
Bisisthal;6436;02;3484;Unterschächen;1219;UR;5.77%;8.839137805563213;46.903797435869095;de;01.07.2008
Ried (Muotathal);6436;03;3479;Muotathal;1367;SZ;100%;8.709358476;46.98664775658202;de;01.07.2008
Ibach;6438;00;3486;Schwyz;1372;SZ;100%;8.645275900776115;47.01150374844831;de;01.07.2008
Brunnen;6440;00;3487;Ingenbohl;1364;SZ;99.30%;8.607194643662789;46.99979826882157;de;01.07.2008
Brunnen;6440;00;3487;Morschach;1366;SZ;0.70%;8.610908703429669;46.975380889953705;de;01.07.2008
Rütli;6441;02;3488;Seelisberg;1215;UR;100%;8.592737867514368;46.969573854062524;de;01.07.2008
Gersau;6442;00;3489;Gersau;1311;SZ;100%;8.524522833300146;46.99582492833135;de;01.07.2008
Morschach;6443;00;3490;Morschach;1366;SZ;100%;8.620017782;46.981980511554205;de;01.07.2008
Sisikon;6452;00;3491;Sisikon;1217;UR;81.09%;8.622623973755898;46.948155;de;01.07.2008
Sisikon;6452;00;3491;Morschach;1366;SZ;18.91%;8.625140263702404;46.95383256;de;01.07.2008
Riemenstalden;6452;02;3492;Riemenstalden;1369;SZ;61.86%;8.667378017766847;46.94799865;de;01.07.2008
Riemenstalden;6452;02;3492;Sisikon;1217;UR;38.14%;8.674427071790678;46.93747812645398;de;01.07.2008
Flüelen;6454;00;3493;Flüelen;1207;UR;100%;8.647299624779198;46.91888908722739;de;01.07.2008
Altdorf UR;6460;00;3494;Altdorf (UR);1201;UR;88.36%;8.639511795062507;46.87910369416579;de;01.07.2008
Altdorf UR;6460;00;3494;Bürglen (UR);1205;UR;11.44%;8.647944687664909;46.87136798078748;de;01.07.2008
Altdorf UR;6460;00;3494;Flüelen;1207;UR;0.21%;8.651072521238994;46.91179140201717;de;01.07.2008
Isenthal;6461;00;3496;Isenthal;1211;UR;100%;8.545229468431277;46.90514455764336;de;01.07.2008
Seedorf UR;6462;00;3497;Seedorf (UR);1214;UR;100%;8.612122337638919;46.88295039;de;01.07.2008
Bürglen UR;6463;00;3498;Bürglen (UR);1205;UR;100%;8.673353035680613;46.87758299351288;de;01.07.2008
Spiringen;6464;00;3502;Spiringen;1218;UR;99.26%;8.731605931827058;46.87706548764827;de;01.07.2008
Spiringen;6464;00;3502;Bürglen (UR);1205;UR;0.74%;8.697962980513845;46.871296153803456;de;01.07.2008
Unterschächen;6465;00;3503;Unterschächen;1219;UR;100%;8.777755618100297;46.86522591474237;de;01.07.2008
Bauen;6466;00;3505;Seedorf (UR);1214;UR;100%;8.576807064973616;46.931206211162795;de;01.07.2008
Schattdorf;6467;00;3507;Schattdorf;1213;UR;100%;8.650865124;46.86299743889327;de;01.07.2008
Attinghausen;6468;00;3509;Attinghausen;1203;UR;100%;8.626860405;46.862304686960464;de;01.07.2008
Haldi b. Schattdorf;6469;00;3508;Schattdorf;1213;UR;78.45%;8.680483401505112;46.855689497548674;de;01.07.2008
Haldi b. Schattdorf;6469;00;3508;Bürglen (UR);1205;UR;21.55%;8.685285479146557;46.860636679491634;de;01.07.2008
Erstfeld;6472;00;3510;Erstfeld;1206;UR;98.22%;8.64669042;46.82309760966903;de;01.07.2008
Erstfeld;6472;00;3510;Silenen;1216;UR;1.78%;8.675887085020236;46.813770835227004;de;01.07.2008
Silenen;6473;00;3511;Silenen;1216;UR;95.38%;8.670992518589633;46.79228613;de;01.07.2008
Silenen;6473;00;3511;Gurtnellen;1209;UR;4.62%;8.663934698493977;46.79297380740461;de;01.07.2008
Amsteg;6474;00;3512;Silenen;1216;UR;59.12%;8.670374842726039;46.77214060304414;de;01.07.2008
Amsteg;6474;00;3512;Gurtnellen;1209;UR;40.88%;8.655262361463569;46.77727767093955;de;01.07.2008
Bristen;6475;00;3514;Silenen;1216;UR;100%;8.709682173313428;46.769307756266485;de;01.07.2008
Intschi;6476;00;3515;Gurtnellen;1209;UR;73.32%;8.644961226601074;46.76286662476123;de;01.07.2008
Intschi;6476;00;3515;Silenen;1216;UR;26.68%;8.658067118854602;46.75885890148026;de;01.07.2008
Gurtnellen;6482;00;3517;Gurtnellen;1209;UR;100%;8.626414775633792;46.737520095686804;de;01.07.2008
Wassen UR;6484;00;3519;Wassen;1220;UR;100%;8.599906562292567;46.70362438189339;de;01.07.2008
Meien;6485;00;3520;Wassen;1220;UR;100%;8.547090534;46.728602030286645;de;01.07.2008
Göschenen;6487;00;3521;Göschenen;1208;UR;100%;8.582102779643487;46.666936787674224;de;01.07.2008
Andermatt;6490;00;3522;Andermatt;1202;UR;100%;8.596353717422229;46.63553006360156;de;01.07.2008
Realp;6491;00;3526;Realp;1212;UR;100%;8.497298126934473;46.59401284201395;de;01.07.2008
Hospental;6493;00;3528;Hospental;1210;UR;100%;8.566347694839134;46.61961943010093;de;01.07.2008
Bellinzona;6500;00;3534;Bellinzona;5002;TI;100%;9.025394906438065;46.19388463481981;it;01.07.2008
Bellinzona;6503;00;3550;Bellinzona;5002;TI;100%;9.019455654;46.207985923955405;it;01.07.2008
Giubiasco;6512;00;3552;Bellinzona;5002;TI;100%;9.011985933414014;46.173720073278915;it;01.07.2008
Monte Carasso;6513;00;3553;Bellinzona;5002;TI;100%;8.998289745;46.18932260943358;it;01.07.2008
Sementina;6514;00;3554;Bellinzona;5002;TI;100%;8.990636923;46.18262602729566;it;01.07.2008
Gudo;6515;00;3555;Bellinzona;5002;TI;99.35%;8.944177489209926;46.17526542091025;it;01.07.2008
Gudo;6515;00;3555;Sant'Antonino;5017;TI;0.65%;8.951559388134518;46.16405512754739;it;01.07.2008
Cugnasco;6516;00;3556;Cugnasco-Gerra;5138;TI;83.31%;8.917688221771714;46.17608336612489;it;01.07.2008
Cugnasco;6516;00;3556;Locarno;5113;TI;16.70%;8.911345215133304;46.172369463870304;it;01.07.2008
Arbedo;6517;00;3557;Arbedo-Castione;5001;TI;100%;9.046393923424056;46.21441688633255;it;01.07.2008
Gorduno;6518;00;3558;Bellinzona;5002;TI;100%;9.027807078532964;46.21927753907383;it;01.07.2008
Preonzo;6523;00;3569;Bellinzona;5002;TI;100%;8.999840457167679;46.2633228;it;01.07.2008
Moleno;6524;00;3570;Bellinzona;5002;TI;100%;8.990759664476254;46.268324377502175;it;01.07.2008
Gnosca;6525;00;3559;Bellinzona;5002;TI;100%;9.021231149;46.23340585193074;it;01.07.2008
Prosito;6526;00;3560;Riviera;5287;TI;100%;8.980931971388834;46.281819913240795;it;01.07.2008
Lodrino;6527;00;3561;Riviera;5287;TI;100%;8.980227874761598;46.30047206998774;it;01.07.2008
Camorino;6528;00;3562;Bellinzona;5002;TI;99.93%;9.004240397557641;46.16287792470873;it;01.07.2008
Camorino;6528;00;3562;Sant'Antonino;5017;TI;0.07%;8.991404284170558;46.15682905509183;it;01.07.2008
Castione;6532;00;3563;Arbedo-Castione;5001;TI;93.94%;9.045643867176267;46.22633125782393;it;01.07.2008
Castione;6532;00;3563;Lumino;5010;TI;5.89%;9.051351616631507;46.22601601594097;it;01.07.2008
Castione;6532;00;3563;Bellinzona;5002;TI;0.17%;9.037041911774246;46.23625151339062;it;01.07.2008
Lumino;6533;00;3564;Lumino;5010;TI;90.93%;9.066145314856053;46.23128345015943;it;01.07.2008
Lumino;6533;00;3564;San Vittore;3835;GR;9.07%;9.073806922;46.23514079660242;it;01.07.2008
S. Vittore;6534;00;3565;San Vittore;3835;GR;100%;9.104717183631907;46.238918295846084;it;01.07.2008
Roveredo GR;6535;00;3566;Roveredo (GR);3834;GR;100%;9.126857314591177;46.23532362665557;it;01.07.2008
Grono;6537;00;3567;Grono;3832;GR;96.88%;9.148224229590795;46.24806722;it;01.07.2008
Grono;6537;00;3567;Castaneda;3805;GR;3.13%;9.144847635605093;46.25123145361327;it;01.07.2008
Verdabbio;6538;00;3577;Grono;3832;GR;100%;9.234213227;46.26443275689039;it;01.07.2008
Castaneda;6540;00;3575;Castaneda;3805;GR;100%;9.139939444354962;46.25769381878546;it;01.07.2008
Sta. Maria in Calanca;6541;00;3576;Santa Maria in Calanca;3810;GR;99.79%;9.142365539319066;46.26433362575848;it;01.07.2008
Sta. Maria in Calanca;6541;00;3576;Castaneda;3805;GR;0.21%;9.123103360775524;46.26652969151271;it;01.07.2008
Buseno;6542;00;3578;Buseno;3804;GR;100%;9.104177031;46.26957228515086;it;01.07.2008
Arvigo;6543;00;3579;Calanca;3837;GR;100%;9.111521776;46.30082981896169;it;01.07.2008
Braggio;6544;00;3580;Calanca;3837;GR;100%;9.124203438541814;46.302450182647846;it;01.07.2008
Selma;6545;00;3581;Calanca;3837;GR;100%;9.116646061933306;46.31964013106359;it;01.07.2008
Cauco;6546;00;3583;Calanca;3837;GR;100%;9.121662113968664;46.33358411197853;it;01.07.2008
Rossa;6548;00;3585;Rossa;3808;GR;100%;9.124919525710997;46.37701266471162;it;01.07.2008
Augio;6548;01;3584;Rossa;3808;GR;100%;9.126987499;46.36533880960799;it;01.07.2008
Sta. Domenica;6548;02;9934;Rossa;3808;GR;100%;9.121993125;46.351394675399625;it;01.08.2018
Laura;6549;00;3574;Roveredo (GR);3834;GR;100%;9.102161135393477;46.21256584726013;it;01.07.2008
Leggia;6556;00;3586;Grono;3832;GR;100%;9.164137972;46.26197900767166;it;01.07.2008
Cama;6557;00;3588;Cama;3831;GR;88.08%;9.171260879835922;46.27422411984715;it;01.07.2008
Cama;6557;00;3588;Grono;3832;GR;11.92%;9.173930702061933;46.28551147;it;01.07.2008
Lostallo;6558;00;3589;Lostallo;3821;GR;100%;9.199399307812934;46.317321473380154;it;01.07.2008
Soazza;6562;00;3591;Soazza;3823;GR;100%;9.220923015770767;46.363423161089216;it;01.07.2008
Mesocco;6563;00;3592;Mesocco;3822;GR;100%;9.232551347001486;46.398700760293266;it;01.07.2008
S. Bernardino;6565;00;3587;Mesocco;3822;GR;100%;9.195133930388124;46.45776401218706;it;01.07.2008
Indemini;6571;00;3603;Gambarogno;5398;TI;100%;8.829041902880872;46.095103233753036;it;01.07.2008
Quartino;6572;00;3593;Gambarogno;5398;TI;98.14%;8.896731626;46.1528104;it;01.07.2008
Quartino;6572;00;3593;Locarno;5113;TI;1.86%;8.905959362250234;46.15896183542827;it;01.07.2008
Magadino;6573;00;3594;Gambarogno;5398;TI;100%;8.861054081555462;46.14640990596925;it;01.07.2008
Vira (Gambarogno);6574;00;3595;Gambarogno;5398;TI;100%;8.842176709824887;46.14069922514386;it;01.07.2008
S. Nazzaro;6575;00;3596;Gambarogno;5398;TI;100%;8.807265760387189;46.13383151356911;it;01.07.2008
Vairano;6575;01;3597;Gambarogno;5398;TI;100%;8.809908847943246;46.13086642007312;it;01.07.2008
Gerra (Gambarogno);6576;00;3598;Gambarogno;5398;TI;100%;8.788669386617341;46.12285441149578;it;01.07.2008
Ranzo;6577;00;3599;Gambarogno;5398;TI;100%;8.773072264053418;46.11254964887807;it;01.07.2008
Caviano;6578;00;3600;Gambarogno;5398;TI;100%;8.764681843349534;46.105837999450976;it;01.07.2008
Piazzogna;6579;00;3602;Gambarogno;5398;TI;100%;8.824481517000798;46.13500691157653;it;01.07.2008
Pianezzo;6582;00;3571;Bellinzona;5002;TI;100%;9.033296866;46.17127069635329;it;01.07.2008
S. Antonio (Val Morobbia);6583;00;3572;Bellinzona;5002;TI;100%;9.065710945279129;46.16990844528063;it;01.07.2008
Carena;6584;00;3573;Bellinzona;5002;TI;100%;9.090327498241143;46.168543244775655;it;01.07.2008
S. Antonino;6592;00;3605;Sant'Antonino;5017;TI;92.74%;8.978856648504317;46.15493159;it;01.07.2008
S. Antonino;6592;00;3605;Bellinzona;5002;TI;7.12%;8.969069584763872;46.168326745637025;it;01.07.2008
S. Antonino;6592;00;3605;Cadenazzo;5003;TI;0.14%;8.959533038583542;46.1535179;it;01.07.2008
Cadenazzo;6593;00;3606;Cadenazzo;5003;TI;98.48%;8.949155029484265;46.15065442530529;it;01.07.2008
Cadenazzo;6593;00;3606;Gambarogno;5398;TI;1.36%;8.934635214979124;46.14517957729138;it;01.07.2008
Cadenazzo;6593;00;3606;Sant'Antonino;5017;TI;0.17%;8.961901421;46.15232754928008;it;01.07.2008
Contone;6594;00;3607;Gambarogno;5398;TI;95.50%;8.925812781;46.150127681821616;it;01.07.2008
Contone;6594;00;3607;Locarno;5113;TI;3.94%;8.913040426101121;46.16035410043431;it;01.07.2008
Contone;6594;00;3607;Cugnasco-Gerra;5138;TI;0.56%;8.914034376518622;46.16311224460666;it;01.07.2008
Riazzino;6595;00;3608;Lavertezzo;5112;TI;80.37%;8.889316919104022;46.178718705270285;it;01.07.2008
Riazzino;6595;00;3608;Locarno;5113;TI;16.63%;8.895934690505037;46.17142678045556;it;01.07.2008
Riazzino;6595;00;3608;Cugnasco-Gerra;5138;TI;3.00%;8.881663995418066;46.183675204639236;it;01.07.2008
Gordola;6596;00;3609;Gordola;5108;TI;95.25%;8.864916839201967;46.181251806398656;it;01.07.2008
Gordola;6596;00;3609;Locarno;5113;TI;4.75%;8.876859677;46.16851338761357;it;01.07.2008
Agarone;6597;00;3610;Cugnasco-Gerra;5138;TI;100%;8.907319052944864;46.17915179123347;it;01.07.2008
Tenero;6598;00;3611;Tenero-Contra;5131;TI;100%;8.849698642518758;46.17929268872635;it;01.07.2008
Robasacco;6599;00;3613;Cadenazzo;5003;TI;100%;8.945849594908914;46.14207026;it;01.07.2008
Locarno;6600;00;3614;Locarno;5113;TI;99.80%;8.792857852148687;46.16804969291558;it;01.07.2008
Locarno;6600;00;3614;Muralto;5120;TI;0.20%;8.794876193455124;46.174224353475154;it;01.07.2008
Muralto;6600;02;3616;Muralto;5120;TI;98.35%;8.804562668019045;46.17419756528822;it;01.07.2008
Muralto;6600;02;3616;Orselina;5121;TI;1.65%;8.797265317;46.17552688105006;it;01.07.2008
Solduno;6600;04;6203;Locarno;5113;TI;100%;8.777142669943157;46.17036935417495;it;01.07.2008
Locarno;6605;00;3624;Locarno;5113;TI;93.54%;8.783712743035432;46.17685002743648;it;01.07.2008
Locarno;6605;00;3624;Orselina;5121;TI;6.46%;8.791626642951929;46.18678706509054;it;01.07.2008
Ascona;6612;00;3648;Ascona;5091;TI;98.42%;8.773412862886342;46.156081467432266;it;01.07.2008
Ascona;6612;00;3648;Locarno;5113;TI;1.58%;8.785151086;46.160107625657595;it;01.07.2008
Porto Ronco;6613;00;3649;Ronco sopra Ascona;5125;TI;100%;8.726496248174223;46.14131394;it;01.07.2008
Brissago;6614;00;3650;Brissago;5097;TI;100%;8.704528031187527;46.11826095523835;it;01.07.2008
Isole di Brissago;6614;02;3651;Brissago;5097;TI;100%;8.735721180237775;46.13247240193917;it;01.07.2008
Losone;6616;00;3652;Losone;5115;TI;100%;8.760335250980834;46.168821952534955;it;01.07.2008
Arcegno;6618;00;3628;Losone;5115;TI;98.55%;8.742178520229135;46.16224942271866;it;01.07.2008
Arcegno;6618;00;3628;Ascona;5091;TI;1.45%;8.746011289860004;46.15470175;it;01.07.2008
Ronco sopra Ascona;6622;00;3653;Ronco sopra Ascona;5125;TI;99.90%;8.726628366978316;46.14635962930055;it;01.07.2008
Ronco sopra Ascona;6622;00;3653;Ascona;5091;TI;0.10%;8.740838578614232;46.151144817920674;it;01.07.2008
Corippo;6631;00;3642;Verzasca;5399;TI;100%;8.838056579;46.23584899;it;01.07.2008
Vogorno;6632;00;3641;Verzasca;5399;TI;100%;8.860934709529634;46.22271560860482;it;01.07.2008
Lavertezzo;6633;00;3643;Verzasca;5399;TI;100%;8.844605399719756;46.263505695132714;it;01.07.2008
Brione (Verzasca);6634;00;3644;Verzasca;5399;TI;100%;8.789354372136202;46.29473269;it;01.07.2008
Gerra (Verzasca);6635;00;3645;Verzasca;5399;TI;100%;8.800802007;46.31907630020515;it;01.07.2008
Frasco;6636;00;3646;Verzasca;5399;TI;100%;8.801704014674025;46.34002844728444;it;01.07.2008
Sonogno;6637;00;3647;Verzasca;5399;TI;100%;8.782416977331378;46.35119920907753;it;01.07.2008
Orselina;6644;00;3654;Orselina;5121;TI;99.26%;8.798230483687938;46.17889841416205;it;01.07.2008
Orselina;6644;00;3654;Locarno;5113;TI;0.74%;8.788422038;46.17717170643685;it;01.07.2008
Brione sopra Minusio;6645;00;3655;Brione sopra Minusio;5096;TI;79.24%;8.818119101566817;46.18584581;it;01.07.2008
Brione sopra Minusio;6645;00;3655;Minusio;5118;TI;20.76%;8.802891768713783;46.19181250656236;it;01.07.2008
Contra;6646;00;3629;Tenero-Contra;5131;TI;95.70%;8.840370042994405;46.187731123471146;it;01.07.2008
Contra;6646;00;3629;Brione sopra Minusio;5096;TI;4.30%;8.835970088661137;46.187166954135094;it;01.07.2008
Mergoscia;6647;00;3630;Mergoscia;5117;TI;100%;8.842523311196851;46.20996306684337;it;01.07.2008
Minusio;6648;00;3656;Minusio;5118;TI;100%;8.818113631690924;46.17795551521977;it;01.07.2008
Tegna;6652;00;3665;Terre di Pedemonte;5396;TI;90.92%;8.743986117852945;46.18582723391991;it;01.07.2008
Tegna;6652;00;3665;Locarno;5113;TI;9.08%;8.755621852;46.18436961829505;it;01.07.2008
Verscio;6653;00;3666;Terre di Pedemonte;5396;TI;100%;8.731416373453964;46.18452331770904;it;01.07.2008
Cavigliano;6654;00;3667;Terre di Pedemonte;5396;TI;100%;8.719655689;46.184549357440105;it;01.07.2008
Intragna;6655;00;3668;Centovalli;5397;TI;99.84%;8.689438630208821;46.175612396828704;it;01.07.2008
Intragna;6655;00;3668;Onsernone;5136;TI;0.17%;8.669764208;46.187551293322784;it;01.07.2008
Verdasio;6655;02;3658;Centovalli;5397;TI;100%;8.641778941795273;46.17086717005827;it;01.07.2008
Rasa;6655;03;3659;Centovalli;5397;TI;100%;8.657128967021993;46.15544423262184;it;01.07.2008
Golino;6656;00;3627;Centovalli;5397;TI;100%;8.712390685859097;46.17852271026351;it;01.07.2008
Palagnedra;6657;00;3660;Centovalli;5397;TI;100%;8.633797726688158;46.15354346;it;01.07.2008
Borgnone;6658;00;3661;Centovalli;5397;TI;100%;8.615276083548661;46.16208686241443;it;01.07.2008
Camedo;6659;00;3662;Centovalli;5397;TI;100%;8.609136608978286;46.155340266821405;it;01.07.2008
Moneto;6659;09;3664;Centovalli;5397;TI;100%;8.616572639483929;46.14838953046767;it;01.07.2008
Loco;6661;00;3632;Onsernone;5136;TI;100%;8.672983194910728;46.20442098;it;01.07.2008
Auressio;6661;02;3631;Onsernone;5136;TI;100%;8.685960641;46.201327538306806;it;01.07.2008
Berzona;6661;03;3633;Onsernone;5136;TI;100%;8.661886594;46.20362399851676;it;01.07.2008
Mosogno;6661;04;3634;Onsernone;5136;TI;100%;8.634730802965162;46.198315972463845;it;01.07.2008
Russo;6661;05;3635;Onsernone;5136;TI;100%;8.625666324976065;46.216955869399804;it;01.07.2008
Comologno;6661;06;3639;Onsernone;5136;TI;100%;8.576272501574149;46.20657470218603;it;01.07.2008
Spruga;6661;07;3640;Onsernone;5136;TI;100%;8.554879938103266;46.206462243436434;it;01.07.2008
Crana;6661;08;3638;Onsernone;5136;TI;100%;8.602995243007973;46.19569128970346;it;01.07.2008
Vergeletto;6661;09;3636;Onsernone;5136;TI;100%;8.527799766;46.24132510131585;it;01.07.2008
Gresso;6661;10;3637;Onsernone;5136;TI;100%;8.613550901823626;46.23855336619089;it;01.07.2008
Avegno;6670;00;3670;Avegno Gordevio;5324;TI;98.72%;8.747110387283865;46.20535023717028;it;01.07.2008
Avegno;6670;00;3670;Maggia;5317;TI;1.28%;8.742138165;46.215790072394576;it;01.07.2008
Gordevio;6672;00;3692;Avegno Gordevio;5324;TI;100%;8.745664508034364;46.22609573113628;it;01.07.2008
Maggia;6673;00;3693;Maggia;5317;TI;100%;8.709274524996957;46.248732746974845;it;01.07.2008
Someo;6674;00;3694;Maggia;5317;TI;100%;8.657521954;46.28999453162055;it;01.07.2008
Riveo;6674;02;3676;Maggia;5317;TI;100%;8.626038758869937;46.293019229922066;it;01.07.2008
Cevio;6675;00;3695;Cevio;5310;TI;100%;8.602876290158196;46.31322336283382;it;01.07.2008
Bignasco;6676;00;3696;Cevio;5310;TI;100%;8.611422738046972;46.339261402669386;it;01.07.2008
Aurigeno;6677;01;6560;Maggia;5317;TI;100%;8.720842861;46.231697144232704;it;01.07.2008
Moghegno;6677;02;3672;Maggia;5317;TI;100%;8.703341544228701;46.24008137033584;it;01.07.2008
Giumaglio;6678;00;3675;Maggia;5317;TI;100%;8.680981176341918;46.276712132849674;it;01.07.2008
Lodano;6678;02;3674;Maggia;5317;TI;100%;8.680281756683426;46.25800656767258;it;01.07.2008
Coglio;6678;03;3673;Maggia;5317;TI;100%;8.689622637714578;46.268258916460894;it;01.07.2008
Linescio;6682;00;3677;Linescio;5315;TI;99.07%;8.583489779650572;46.309408564233884;it;01.07.2008
Linescio;6682;00;3677;Cerentino;5309;TI;0.94%;8.564890057915665;46.305213788713004;it;01.07.2008
Cerentino;6683;00;3678;Cerentino;5309;TI;100%;8.544762499743706;46.306806691911106;it;01.07.2008
Niva (Vallemaggia);6683;02;3680;Campo (Vallemaggia);5307;TI;100%;8.530961868;46.29059403961337;it;01.07.2008
Campo (Vallemaggia);6684;00;3681;Campo (Vallemaggia);5307;TI;100%;8.505133569;46.28847428649774;it;01.07.2008
Cimalmotto;6684;01;3682;Campo (Vallemaggia);5307;TI;100%;8.484476627351999;46.283215212877714;it;01.07.2008
Bosco/Gurin;6685;00;3679;Bosco/Gurin;5304;TI;100%;8.490456301;46.31732826301513;de;01.07.2008
Cavergno;6690;00;3683;Cevio;5310;TI;100%;8.584501190787806;46.35801592719677;it;01.07.2008
S. Carlo (Val Bavona);6690;01;3684;Cevio;5310;TI;100%;8.523359683;46.41437792909597;it;01.07.2008
Menzonio;6692;00;3686;Lavizzara;5323;TI;100%;8.641969062828862;46.361900598523555;it;01.07.2008
Brontallo;6692;01;3685;Lavizzara;5323;TI;100%;8.627966710931432;46.35566077964526;it;01.07.2008
Broglio;6693;00;3687;Lavizzara;5323;TI;100%;8.658650793;46.38023749620641;it;01.07.2008
Prato-Sornico;6694;00;3688;Lavizzara;5323;TI;100%;8.663267226990223;46.394141652971754;it;01.07.2008
Peccia;6695;00;3689;Lavizzara;5323;TI;100%;8.646465173707126;46.40747504892364;it;01.07.2008
Piano di Peccia;6695;01;3690;Lavizzara;5323;TI;100%;8.614371360656012;46.41370507680006;it;01.07.2008
Fusio;6696;00;3691;Lavizzara;5323;TI;100%;8.661681587875979;46.43861159774428;it;01.07.2008
Claro;6702;00;3697;Bellinzona;5002;TI;100%;9.024574771979712;46.25515984437019;it;01.07.2008
Osogna;6703;00;3698;Riviera;5287;TI;100%;8.988184091;46.310899363756185;it;01.07.2008
Cresciano;6705;00;3700;Riviera;5287;TI;100%;9.005168641862303;46.28527482500126;it;01.07.2008
Iragna;6707;00;3701;Riviera;5287;TI;100%;8.963891478861912;46.33033965758645;it;01.07.2008
Biasca;6710;00;3702;Biasca;5281;TI;99.95%;8.970908237644183;46.36084494825871;it;01.07.2008
Biasca;6710;00;3702;Serravalle;5050;TI;0.06%;8.953457981;46.378192504881646;it;01.07.2008
Malvaglia;6713;00;3719;Serravalle;5050;TI;100%;8.993772841986742;46.41275439537459;it;01.07.2008
Semione;6714;00;3720;Serravalle;5050;TI;99.81%;8.968410100912132;46.40641431478632;it;01.07.2008
Semione;6714;00;3720;Faido;5072;TI;0.19%;8.923770991;46.41020174600561;it;01.07.2008
Dongio;6715;00;3721;Acquarossa;5048;TI;100%;8.953966711023776;46.439268504570656;it;01.07.2008
Acquarossa;6716;00;3722;Acquarossa;5048;TI;100%;8.937341541943672;46.45601730705746;it;01.07.2008
Leontica;6716;02;3710;Acquarossa;5048;TI;100%;8.920577098221989;46.457092164051545;it;01.07.2008
Lottigna;6716;03;3714;Acquarossa;5048;TI;100%;8.943102861;46.469410023151674;it;01.07.2008
Dangio;6717;00;3723;Blenio;5049;TI;100%;8.953261154991107;46.494620353671024;it;13.01.2014
Torre;6717;01;3724;Blenio;5049;TI;100%;8.952862787695011;46.488291567597265;it;01.07.2008
Olivone;6718;00;3725;Blenio;5049;TI;100%;8.929476991380033;46.52887260036265;it;01.07.2008
Camperio;6718;01;3726;Blenio;5049;TI;100%;8.906913675931827;46.524136893713184;it;01.07.2008
Aquila;6719;00;3715;Blenio;5049;TI;100%;8.944655996193456;46.50468576339169;it;01.07.2008
Campo (Blenio);6720;00;3716;Blenio;5049;TI;100%;8.930441792828917;46.55726418435246;it;01.07.2008
Ghirone;6720;02;6030;Blenio;5049;TI;100%;8.943449435961867;46.565847119623264;it;01.07.2008
Ludiano;6721;00;3708;Serravalle;5050;TI;100%;8.967659532044449;46.42039732206827;it;01.07.2008
Motto (Blenio);6721;02;3717;Acquarossa;5048;TI;100%;8.970397499102368;46.43120219196007;it;01.07.2008
Corzoneso;6722;00;3709;Acquarossa;5048;TI;100%;8.936822369463401;46.44618114347024;it;01.07.2008
Prugiasco;6723;00;3711;Acquarossa;5048;TI;100%;8.916274179853096;46.46639740967535;it;01.07.2008
Castro;6723;02;3712;Acquarossa;5048;TI;100%;8.928092539;46.470966524639955;it;01.07.2008
Marolta;6723;03;6032;Acquarossa;5048;TI;100%;8.920062706880032;46.47828736;it;01.07.2008
Ponto Valentino;6724;00;3713;Acquarossa;5048;TI;100%;8.932311177;46.481815777914264;it;01.07.2008
Largario;6724;02;6031;Acquarossa;5048;TI;100%;8.939666004;46.49389210422592;it;01.07.2008
Pollegio;6742;00;3727;Pollegio;5077;TI;99.69%;8.947474924664641;46.36451542983939;it;01.07.2008
Pollegio;6742;00;3727;Biasca;5281;TI;0.31%;8.958267994203187;46.35915274106947;it;01.07.2008
Bodio TI;6743;00;3728;Giornico;5073;TI;100%;8.912776970571631;46.37898084171422;it;01.07.2008
Personico;6744;00;3755;Personico;5076;TI;100%;8.917981131;46.368161331059504;it;01.07.2008
Giornico;6745;00;3729;Giornico;5073;TI;100%;8.874491734000745;46.40156930747635;it;01.07.2008
Lavorgo;6746;00;3730;Faido;5072;TI;100%;8.840512802165946;46.441482633086224;it;01.07.2008
Calonico;6746;01;3731;Faido;5072;TI;100%;8.842464238;46.45150823925671;it;01.07.2008
Nivo;6746;02;3732;Faido;5072;TI;100%;8.842611138800972;46.43606744364342;it;01.07.2008
Chironico;6747;00;3733;Faido;5072;TI;100%;8.836571399;46.42237650700728;it;01.07.2008
Anzonico;6748;00;3756;Faido;5072;TI;100%;8.862939933601186;46.431180567436044;it;01.07.2008
Sobrio;6749;00;3757;Faido;5072;TI;100%;8.901593933089133;46.40057507724791;it;01.07.2008
Cavagnago;6749;01;3758;Faido;5072;TI;100%;8.884121529039016;46.413998006314195;it;01.07.2008
Faido;6760;00;3734;Faido;5072;TI;100%;8.798725619228888;46.47895974824238;it;01.07.2008
Molare;6760;01;3735;Faido;5072;TI;100%;8.82971031;46.48662777;it;01.07.2008
Calpiogna;6760;02;3736;Faido;5072;TI;100%;8.805419045;46.485645119604584;it;01.07.2008
Campello;6760;03;3737;Faido;5072;TI;100%;8.815824218087796;46.489667043819665;it;01.07.2008
Carì;6760;04;3738;Faido;5072;TI;100%;8.819971615936856;46.493953241238756;it;01.07.2008
Rossura;6760;05;3761;Faido;5072;TI;100%;8.828917078;46.473987650578444;it;01.07.2008
Osco;6763;00;3760;Faido;5072;TI;100%;8.775583317;46.49534805319746;it;01.07.2008
Mairengo;6763;01;3759;Faido;5072;TI;100%;8.790003767151292;46.489041496959956;it;01.07.2008
Chiggiogna;6764;00;3762;Faido;5072;TI;100%;8.820669861830615;46.46821327445492;it;01.07.2008
Rodi-Fiesso;6772;00;3740;Quinto;5079;TI;100%;8.737707461210594;46.49078525301157;it;01.07.2008
Prato (Leventina);6773;00;3763;Quinto;5079;TI;100%;8.754807518340177;46.48259916452837;it;01.07.2008
Dalpe;6774;00;3764;Dalpe;5071;TI;100%;8.775899797;46.47597394310929;it;01.07.2008
Ambrì;6775;00;3741;Quinto;5079;TI;100%;8.696035205;46.509247725653395;it;01.07.2008
Piotta;6776;00;3743;Quinto;5079;TI;100%;8.678202619851259;46.518062521084694;it;01.07.2008
Quinto;6777;00;3745;Quinto;5079;TI;100%;8.718953237;46.51078217650186;it;01.07.2008
Airolo;6780;00;3747;Airolo;5061;TI;100%;8.614087366178785;46.527902254028135;it;01.07.2008
Villa Bedretto;6781;01;3749;Bedretto;5063;TI;100%;8.524651835304988;46.510798880861174;it;01.07.2008
Bedretto;6781;04;3752;Bedretto;5063;TI;100%;8.508111849614739;46.50068178800286;it;01.07.2008
Rivera;6802;00;3765;Monteceneri;5238;TI;100%;8.921429481722122;46.12080956614887;it;01.07.2008
Camignolo;6803;00;3768;Monteceneri;5238;TI;100%;8.936284728844427;46.10627177542017;it;01.07.2008
Bironico;6804;00;3767;Monteceneri;5238;TI;100%;8.934688094031788;46.11502924229722;it;01.07.2008
Mezzovico;6805;00;3805;Mezzovico-Vira;5199;TI;100%;8.918667963;46.09151511286428;it;01.07.2008
Sigirino;6806;00;3806;Monteceneri;5238;TI;100%;8.914721637022948;46.08091424876435;it;01.07.2008
Taverne;6807;00;3769;Torricella-Taverne;5227;TI;98.24%;8.928420034452497;46.063630445463744;it;01.07.2008
Taverne;6807;00;3769;Lamone;5189;TI;1.13%;8.929857416777331;46.05331870190478;it;01.07.2008
Taverne;6807;00;3769;Capriasca;5226;TI;0.63%;8.934938964;46.072766157080125;it;01.07.2008
Torricella;6808;00;3771;Torricella-Taverne;5227;TI;100%;8.922277673925638;46.065420943352876;it;01.07.2008
Medeglia;6809;00;3803;Monteceneri;5238;TI;100%;8.961933810953376;46.11781359;it;01.07.2008
Isone;6810;00;3804;Isone;5009;TI;100%;8.986264365908408;46.129016924206724;it;01.07.2008
Lamone;6814;02;6034;Lamone;5189;TI;99.68%;8.931908276765494;46.04372757902569;it;01.07.2008
Lamone;6814;02;6034;Cadempino;5162;TI;0.16%;8.932365059;46.03714349785407;it;01.07.2008
Lamone;6814;02;6034;Gravesano;5187;TI;0.16%;8.924762817;46.03943148894807;it;01.07.2008
Cadempino;6814;03;6060;Cadempino;5162;TI;99.41%;8.935158011535183;46.03454335835729;it;01.07.2008
Cadempino;6814;03;6060;Lamone;5189;TI;0.59%;8.930180600667985;46.03609854422496;it;01.07.2008
Melide;6815;00;3774;Melide;5198;TI;100%;8.945280113742703;45.95330839387712;it;01.07.2008
Bissone;6816;00;3775;Bissone;5154;TI;100%;8.966465434829102;45.95211383574258;it;01.07.2008
Maroggia;6817;00;3776;Val Mara;5240;TI;100%;8.971472590365615;45.93470823734645;it;01.07.2008
Melano;6818;00;3777;Val Mara;5240;TI;100%;8.984863822;45.92262162;it;01.07.2008
Rovio;6821;00;3807;Val Mara;5240;TI;100%;8.986147984;45.93430022640662;it;01.07.2008
Arogno;6822;00;3778;Arogno;5144;TI;100%;8.986263827730651;45.957547288304795;it;01.07.2008
Pugerna;6823;00;3808;Lugano;5192;TI;72.33%;8.983566723622953;45.98491780643997;it;01.07.2008
Pugerna;6823;00;3808;Arogno;5144;TI;27.68%;8.978705896951132;45.97821856708799;it;01.07.2008
Capolago;6825;00;3779;Mendrisio;5254;TI;99.52%;8.979481680164572;45.90362168422104;it;01.07.2008
Capolago;6825;00;3779;Castel San Pietro;5249;TI;0.48%;9.018791862333412;45.92808470229491;it;01.07.2008
Riva San Vitale;6826;00;3781;Riva San Vitale;5263;TI;100%;8.971147665911488;45.90284497;it;01.07.2008
Brusino Arsizio;6827;00;3875;Brusino Arsizio;5160;TI;100%;8.937387993316602;45.92256686042381;it;01.07.2008
Balerna;6828;00;3782;Balerna;5242;TI;99.92%;9.005759290100771;45.84690026594925;it;01.07.2008
Balerna;6828;00;3782;Novazzano;5260;TI;0.08%;9.002551112333785;45.84049412346646;it;01.07.2008
Chiasso;6830;00;3783;Chiasso;5250;TI;99.43%;9.026826544705628;45.83508778900052;it;01.07.2008
Chiasso;6830;00;3783;Balerna;5242;TI;0.57%;9.015218051329258;45.83379397947714;it;01.07.2008
Pedrinate;6832;00;3796;Chiasso;5250;TI;100%;9.013102851649686;45.826023221989644;it;01.07.2008
Seseglio;6832;01;3797;Chiasso;5250;TI;100%;8.999327948229936;45.82720537983251;it;01.07.2008
Vacallo;6833;00;3798;Vacallo;5268;TI;100%;9.033977988410287;45.845530973402326;it;01.07.2008
Morbio Inferiore;6834;00;3799;Morbio Inferiore;5257;TI;100%;9.019962275147092;45.84967907825518;it;01.07.2008
Morbio Superiore;6835;00;3801;Breggia;5269;TI;100%;9.023505367353785;45.86045264792123;it;01.07.2008
Caneggio;6837;00;3791;Breggia;5269;TI;100%;9.031336673808303;45.87203811909731;it;01.07.2008
Bruzella;6837;02;3792;Breggia;5269;TI;100%;9.038106961;45.88246859234461;it;01.07.2008
Muggio;6838;00;3794;Breggia;5269;TI;100%;9.040483206874654;45.90645730766797;it;01.07.2008
Cabbio;6838;02;3793;Breggia;5269;TI;100%;9.046440037;45.896448253888884;it;01.07.2008
Sagno;6839;00;3790;Breggia;5269;TI;100%;9.038979037764056;45.856760201554934;it;01.07.2008
Mendrisio;6850;00;3809;Mendrisio;5254;TI;98.94%;8.984211931071572;45.87077134;it;01.07.2008
Mendrisio;6850;00;3809;Castel San Pietro;5249;TI;1.06%;8.986764051;45.86025031083536;it;01.07.2008
Genestrerio;6852;00;3816;Mendrisio;5254;TI;100%;8.960534447355835;45.85390153;it;01.07.2008
Ligornetto;6853;00;3817;Mendrisio;5254;TI;99.65%;8.952327164506768;45.86162394579516;it;01.07.2008
Ligornetto;6853;00;3817;Stabio;5266;TI;0.35%;8.938765451388296;45.86343444;it;01.07.2008
S. Pietro;6854;00;3818;Stabio;5266;TI;100%;8.937827150530039;45.857850875772385;it;01.07.2008
Stabio;6855;00;3819;Stabio;5266;TI;99.76%;8.938179572985922;45.85049567398782;it;01.07.2008
Stabio;6855;00;3819;Mendrisio;5254;TI;0.24%;8.944885269028555;45.84433294761082;it;01.07.2008
Rancate;6862;00;3820;Mendrisio;5254;TI;100%;8.968648299382233;45.87104748772826;it;01.07.2008
Besazio;6863;00;3821;Mendrisio;5254;TI;100%;8.952072709658768;45.872459742922786;it;01.07.2008
Arzo;6864;00;3822;Mendrisio;5254;TI;100%;8.940586823692623;45.875385038810236;it;01.07.2008
Tremona;6865;00;3823;Mendrisio;5254;TI;100%;8.956915084144574;45.87987987616139;it;01.07.2008
Meride;6866;00;3824;Mendrisio;5254;TI;100%;8.952751303599989;45.890489584653885;it;01.07.2008
Serpiano;6867;00;3825;Brusino Arsizio;5160;TI;100%;8.930010374417265;45.91223363898427;it;01.07.2008
Salorino;6872;00;3826;Mendrisio;5254;TI;100%;8.993742195555244;45.875741090596385;it;01.07.2008
Corteglia;6873;00;3815;Castel San Pietro;5249;TI;100%;8.995341649153747;45.861314597559286;it;01.07.2008
Castel San Pietro;6874;00;3828;Castel San Pietro;5249;TI;99.79%;9.007092212885071;45.861537905800674;it;01.07.2008
Castel San Pietro;6874;00;3828;Mendrisio;5254;TI;0.21%;9.009946523;45.89281699262717;it;01.07.2008
Monte;6875;00;3813;Castel San Pietro;5249;TI;100%;9.026792668076318;45.881459541033216;it;01.07.2008
Casima;6875;02;3814;Castel San Pietro;5249;TI;100%;9.037115623825196;45.89087710027146;it;01.07.2008
Campora;6875;03;9418;Castel San Pietro;5249;TI;100%;9.023835681679163;45.87409665731243;it;01.10.2014
Coldrerio;6877;00;3829;Coldrerio;5251;TI;99.91%;8.987849392386947;45.85502134268988;it;01.07.2008
Coldrerio;6877;00;3829;Castel San Pietro;5249;TI;0.09%;8.986533950548248;45.85874603368273;it;01.07.2008
Novazzano;6883;00;3831;Novazzano;5260;TI;100%;8.979609284417448;45.84221505290251;it;01.07.2008
Lugano;6900;00;3833;Lugano;5192;TI;100%;8.952353468382514;46.008491696832074;it;01.07.2008
Massagno;6900;05;3835;Massagno;5196;TI;100%;8.944323787787075;46.01276506256189;it;01.07.2008
Paradiso;6900;09;6144;Paradiso;5210;TI;98.83%;8.945101570502247;45.98945210728311;it;01.07.2008
Paradiso;6900;09;6144;Lugano;5192;TI;1.17%;8.956142179463734;45.98311372631894;it;01.07.2008
Pazzallo;6912;00;3876;Lugano;5192;TI;100%;8.940718088451357;45.98352763683957;it;01.07.2008
Carabbia;6913;00;3857;Lugano;5192;TI;100%;8.937002446552805;45.971800001222135;it;01.07.2008
Carona;6914;00;3877;Lugano;5192;TI;100%;8.936608303290736;45.957409944183745;it;01.07.2008
Pambio-Noranco;6915;00;3858;Lugano;5192;TI;100%;8.930938371286572;45.98552916629869;it;01.07.2008
Grancia;6916;00;3859;Grancia;5186;TI;99.67%;8.927736261736534;45.967946349871276;it;01.07.2008
Grancia;6916;00;3859;Collina d'Oro;5236;TI;0.33%;8.927207047660463;45.97457518565931;it;01.07.2008
Barbengo;6917;00;3860;Lugano;5192;TI;100%;8.916684683995525;45.960993464921884;it;01.07.2008
Figino;6918;00;3878;Lugano;5192;TI;100%;8.910273225579923;45.954284806585314;it;01.07.2008
Carabietta;6919;00;3861;Collina d'Oro;5236;TI;100%;8.899716777730003;45.96858370910868;it;01.07.2008
Vico Morcote;6921;00;3862;Vico Morcote;5233;TI;100%;8.923862624259606;45.930776888527305;it;01.07.2008
Morcote;6922;00;3879;Morcote;5203;TI;100%;8.911777001539775;45.92677932928961;it;01.07.2008
Sorengo;6924;00;3880;Sorengo;5225;TI;98.07%;8.936200212;46.00093426;it;01.07.2008
Sorengo;6924;00;3880;Lugano;5192;TI;1.93%;8.942589463;45.99948150170048;it;01.07.2008
Gentilino;6925;00;3881;Collina d'Oro;5236;TI;100%;8.930992370062334;45.99176342615507;it;01.07.2008
Montagnola;6926;00;3882;Collina d'Oro;5236;TI;100%;8.917015230634137;45.982770932314295;it;01.07.2008
Agra;6927;00;3883;Collina d'Oro;5236;TI;100%;8.913974550543838;45.970044060665955;it;01.07.2008
Manno;6928;00;3864;Manno;5194;TI;100%;8.919455375711747;46.03570461814333;it;01.07.2008
Gravesano;6929;00;3865;Gravesano;5187;TI;100%;8.919415015418432;46.04136432568049;it;01.07.2008
Bedano;6930;00;3866;Bedano;5148;TI;99.87%;8.920215798701188;46.05135858151974;it;01.07.2008
Bedano;6930;00;3866;Lamone;5189;TI;0.13%;8.927505718604676;46.05157656613969;it;01.07.2008
Breganzona;6932;00;3884;Lugano;5192;TI;100%;8.929059816104493;46.00704809672439;it;01.07.2008
Muzzano;6933;00;3885;Muzzano;5205;TI;100%;8.918457453;45.99695831919603;it;01.07.2008
Bioggio;6934;00;3886;Bioggio;5151;TI;99.04%;8.908304418913229;46.014482655600354;it;01.07.2008
Bioggio;6934;00;3886;Agno;5141;TI;0.55%;8.897364433603947;46.005196056923815;it;01.07.2008
Bioggio;6934;00;3886;Cademario;5161;TI;0.27%;8.903636436009165;46.01733688770393;it;01.07.2008
Bioggio;6934;00;3886;Manno;5194;TI;0.14%;8.913718096327653;46.02466814526804;it;01.07.2008
Bosco Luganese;6935;00;3887;Bioggio;5151;TI;100%;8.908758847892793;46.025615084128454;it;01.07.2008
Cademario;6936;00;3888;Cademario;5161;TI;100%;8.894270863932135;46.02089992;it;01.07.2008
Breno;6937;00;3870;Alto Malcantone;5237;TI;100%;8.870639475;46.03281806376065;it;01.07.2008
Vezio;6938;00;3869;Alto Malcantone;5237;TI;100%;8.882888485897265;46.04515850870958;it;01.07.2008
Fescoggia;6938;01;3871;Alto Malcantone;5237;TI;100%;8.876976116953974;46.04044774731792;it;01.07.2008
Mugena;6939;01;3868;Alto Malcantone;5237;TI;100%;8.889919242369002;46.04815413092631;it;01.07.2008
Arosio;6939;02;3867;Alto Malcantone;5237;TI;100%;8.901760184385877;46.047866002876376;it;01.07.2008
Savosa;6942;00;3890;Savosa;5221;TI;96.98%;8.944579449221466;46.018762732756926;it;01.07.2008
Savosa;6942;00;3890;Porza;5214;TI;3.02%;8.945313951926957;46.021982879756074;it;01.07.2008
Vezia;6943;00;3891;Vezia;5231;TI;99.83%;8.937396048263695;46.02430185002741;it;01.07.2008
Vezia;6943;00;3891;Lugano;5192;TI;0.17%;8.931727683;46.017159079217755;it;01.07.2008
Cureglia;6944;00;3896;Cureglia;5180;TI;98.68%;8.944855796044394;46.03675333246604;it;01.07.2008
Cureglia;6944;00;3896;Lamone;5189;TI;0.82%;8.938823348381982;46.04147637585818;it;01.07.2008
Cureglia;6944;00;3896;Comano;5176;TI;0.49%;8.948821838571416;46.03722205608675;it;01.07.2008
Origlio;6945;00;3897;Origlio;5208;TI;99.86%;8.946859375114586;46.052237635725845;it;01.07.2008
Origlio;6945;00;3897;Ponte Capriasca;5212;TI;0.14%;8.952487565;46.056219876740684;it;01.07.2008
Ponte Capriasca;6946;00;3898;Ponte Capriasca;5212;TI;100%;9.065856528;46.12405959256428;it;01.07.2008
Vaglio;6947;00;3899;Capriasca;5226;TI;100%;8.956919665239184;46.06084777758076;it;01.07.2008
Porza;6948;00;3892;Porza;5214;TI;99.69%;8.954238446;46.027576300790365;it;01.07.2008
Porza;6948;00;3892;Savosa;5221;TI;0.32%;8.949855979778985;46.02356320627141;it;01.07.2008
Comano;6949;00;3872;Comano;5176;TI;100%;8.955268223543511;46.036289695758875;it;01.07.2008
Tesserete;6950;00;3893;Capriasca;5226;TI;100%;8.968287190256838;46.06940334523124;it;01.07.2008
Insone;6951;08;3903;Lugano;5192;TI;100%;9.029888184719976;46.08647310626434;it;01.07.2008
Scareglia;6951;17;3910;Lugano;5192;TI;100%;9.036168326704608;46.09030714691305;it;01.07.2008
Colla;6951;18;3911;Lugano;5192;TI;100%;9.054525090926187;46.093158629018546;it;01.07.2008
Bogno;6951;19;3912;Lugano;5192;TI;100%;9.062810552596462;46.09041230083727;it;01.07.2008
Cozzo;6951;20;3913;Lugano;5192;TI;100%;9.062395163608553;46.096878472564924;it;01.07.2008
Signôra;6951;23;3916;Lugano;5192;TI;100%;9.046829324128256;46.092683840662424;it;01.07.2008
Canobbio;6952;00;3922;Canobbio;5167;TI;100%;8.966363302026956;46.03483514005122;it;01.07.2008
Lugaggia;6953;00;3902;Capriasca;5226;TI;100%;8.972007141206987;46.05917691;it;01.07.2008
Sala Capriasca;6954;00;3900;Capriasca;5226;TI;100%;8.955644022;46.06656918708896;it;01.07.2008
Bigorio;6954;01;3901;Capriasca;5226;TI;100%;8.956377049528667;46.07247948052115;it;01.07.2008
Cagiallo;6955;00;3914;Capriasca;5226;TI;100%;8.973135687077228;46.06668323922096;it;01.07.2008
Oggio;6955;01;3915;Capriasca;5226;TI;100%;8.987002495047166;46.07206286562462;it;01.07.2008
Lopagno;6956;00;3906;Capriasca;5226;TI;100%;8.977830041488188;46.06905747128627;it;01.07.2008
Roveredo TI;6957;00;3907;Capriasca;5226;TI;100%;8.983100965541576;46.073519978065235;it;01.07.2008
Bidogno;6958;00;3908;Capriasca;5226;TI;100%;8.999376790836527;46.079404924269255;it;01.07.2008
Corticiasca;6958;02;3909;Capriasca;5226;TI;99.57%;9.016257474139781;46.08730351386561;it;01.07.2008
Corticiasca;6958;02;3909;Lugano;5192;TI;0.44%;9.026123222407683;46.092600708967375;it;01.07.2008
Maglio di Colla;6959;00;3918;Lugano;5192;TI;100%;9.042828514486962;46.08680254161411;it;01.07.2008
Certara;6959;02;3919;Lugano;5192;TI;100%;9.059705706;46.084275734088536;it;01.07.2008
Curtina;6959;03;3920;Lugano;5192;TI;100%;9.023747689;46.08162905969904;it;01.07.2008
Cimadera;6959;04;3917;Lugano;5192;TI;100%;9.046565736505011;46.078471658295484;it;01.07.2008
Piandera Paese;6959;05;3921;Lugano;5192;TI;100%;9.039732729739127;46.08265376121368;it;01.07.2008
Odogno;6960;00;9652;Capriasca;5226;TI;100%;8.970333129833746;46.088881591116916;it;01.07.2008
Viganello;6962;00;3923;Lugano;5192;TI;100%;8.970269938534383;46.01290987811457;it;01.07.2008
Pregassona;6963;00;3926;Lugano;5192;TI;100%;8.972563337316183;46.022388692953506;it;01.07.2008
Cureggia;6963;02;6033;Lugano;5192;TI;100%;8.983547784;46.02078995166536;it;01.07.2008
Davesco-Soragno;6964;00;3927;Lugano;5192;TI;100%;8.980235962601194;46.035239910492464;it;01.07.2008
Cadro;6965;00;3928;Lugano;5192;TI;100%;8.986241504814183;46.04567533076252;it;01.07.2008
Villa Luganese;6966;00;3929;Lugano;5192;TI;100%;8.994001500884496;46.05319813717458;it;01.07.2008
Dino;6967;00;3930;Lugano;5192;TI;100%;8.982945017533545;46.05292737489546;it;01.07.2008
Sonvico;6968;00;3931;Lugano;5192;TI;100%;8.994616536554611;46.06027050871367;it;01.07.2008
Aldesago;6974;00;3932;Lugano;5192;TI;100%;8.978795157064704;46.00842091824265;it;01.07.2008
Castagnola;6976;00;3933;Lugano;5192;TI;100%;8.979511263;46.00176218290621;it;01.07.2008
Ruvigliana;6977;00;3934;Lugano;5192;TI;100%;8.977442647413989;46.00486752700301;it;01.07.2008
Gandria;6978;00;3935;Lugano;5192;TI;100%;9.003189158;46.00582618084729;it;01.07.2008
Brè sopra Lugano;6979;00;3873;Lugano;5192;TI;100%;8.997185605459805;46.011721695317284;it;01.07.2008
Castelrotto;6980;00;3946;Tresa;5239;TI;99.73%;8.838195185906567;45.994656199776735;it;01.07.2008
Castelrotto;6980;00;3946;Lema;5395;TI;0.27%;8.845005153949892;46.00185765003611;it;01.07.2008
Bedigliora;6981;11;3944;Lema;5395;TI;100%;8.841616511106498;46.00272880146646;it;01.07.2008
Bombinasco;6981;15;3947;Lema;5395;TI;100%;8.833741735;46.01387486243978;it;01.07.2008
Banco;6981;16;3948;Lema;5395;TI;100%;8.844219123106015;46.010055803564384;it;01.07.2008
Beride di Bedigliora;6981;17;10735;Lema;5395;TI;100%;8.833572621297497;46.00218999827894;it;01.02.2021
Agno;6982;00;3957;Agno;5141;TI;99.66%;8.900235842928927;46.00056132752352;it;01.07.2008
Agno;6982;00;3957;Bioggio;5151;TI;0.17%;8.910096084039967;46.00476942434722;it;01.07.2008
Agno;6982;00;3957;Muzzano;5205;TI;0.17%;8.909157808959517;45.999167530501204;it;01.07.2008
Magliaso;6983;00;3958;Magliaso;5193;TI;96.45%;8.889985530110371;45.981602355993815;it;01.07.2008
Magliaso;6983;00;3958;Neggio;5206;TI;3.55%;8.877359586;45.984373634313464;it;01.07.2008
Pura;6984;00;3959;Pura;5216;TI;100%;8.870535917686428;45.983524997104006;it;01.07.2008
Novaggio;6986;00;3961;Lema;5395;TI;100%;8.855515517;46.00999516200754;it;01.07.2008
Miglieglia;6986;02;3950;Lema;5395;TI;100%;8.857568920109548;46.024931224285254;it;01.07.2008
Curio;6986;03;3960;Lema;5395;TI;100%;8.861544807755376;46.00253262;it;01.07.2008
Caslano;6987;00;3962;Caslano;5171;TI;100%;8.878886622144863;45.97326085198381;it;01.07.2008
Ponte Tresa;6988;00;3963;Tresa;5239;TI;100%;8.858796376084019;45.96979155040863;it;01.07.2008
Purasca;6989;00;3951;Tresa;5239;TI;100%;8.849534552445295;45.978877996948825;it;01.07.2008
Cassina d'Agno;6990;00;3937;Agno;5141;TI;100%;8.892138262734127;45.99219101707383;it;01.07.2008
Neggio;6991;00;3938;Neggio;5206;TI;100%;8.880116764043514;45.987622237837634;it;01.07.2008
Vernate;6992;00;3939;Vernate;5230;TI;99.60%;8.886387956729958;45.99390259394566;it;01.07.2008
Vernate;6992;00;3939;Agno;5141;TI;0.40%;8.888809322;45.994104990914266;it;01.07.2008
Cimo;6992;01;3942;Bioggio;5151;TI;99.69%;8.892173607066823;46.00420156097008;it;01.07.2008
Cimo;6992;01;3942;Agno;5141;TI;0.31%;8.895449085838047;46.00308856973537;it;01.07.2008
Iseo;6993;00;3940;Bioggio;5151;TI;100%;8.881457487;46.00468132057945;it;01.07.2008
Aranno;6994;00;3941;Aranno;5143;TI;100%;8.871026006;46.01701444353536;it;01.07.2008
Madonna del Piano;6995;02;6130;Tresa;5239;TI;100%;8.835123115993369;45.98809065475689;it;01.07.2008
Sessa;6997;00;3955;Tresa;5239;TI;100%;8.818065366415025;46.00056374845748;it;01.07.2008
Monteggio;6998;01;9792;Tresa;5239;TI;100%;8.808424713012942;45.99397885095211;it;01.01.2018
Astano;6999;00;3949;Lema;5395;TI;100%;8.815574974;46.01239811;it;01.07.2008
Chur;7000;00;3970;Chur;3901;GR;99.35%;9.529349396630769;46.85657292041524;de;01.07.2008
Chur;7000;00;3970;Churwalden;3911;GR;0.65%;9.548519792788614;46.83262645263766;de;01.07.2008
Felsberg;7012;00;3993;Felsberg;3731;GR;100%;9.475379552453472;46.84572326061163;de;01.07.2008
Domat/Ems;7013;00;3994;Domat/Ems;3722;GR;100%;9.451480336340925;46.833342015185316;multiple;01.07.2008
Trin;7014;00;4019;Trin;3734;GR;100%;9.359493126885317;46.82865346728868;rm;01.07.2008
Tamins;7015;00;3995;Tamins;3733;GR;96.75%;9.407745212242975;46.829541858293375;de;01.07.2008
Tamins;7015;00;3995;Trin;3734;GR;3.25%;9.382540894;46.829379498859815;de;01.07.2008
Trin Mulin;7016;00;4020;Trin;3734;GR;100%;9.339208810446621;46.83265480292047;rm;01.07.2008
Flims Dorf;7017;00;3997;Flims;3732;GR;100%;9.285948558849212;46.83713622748808;rm;01.07.2008
Flims Waldhaus;7018;00;3998;Flims;3732;GR;100%;9.288562870363995;46.82965272525646;rm;01.07.2008
Fidaz;7019;00;4021;Flims;3732;GR;100%;9.307730674792861;46.840246288820715;rm;01.07.2008
Haldenstein;7023;00;3999;Chur;3901;GR;100%;9.526557651781497;46.87826530035202;de;01.07.2008
Maladers;7026;00;4000;Chur;3901;GR;100%;9.562993864260578;46.83823441600111;de;01.07.2008
Castiel;7027;00;4023;Arosa;3921;GR;100%;9.604864214376532;46.84049004742504;de;01.07.2008
Lüen;7027;01;4022;Arosa;3921;GR;100%;9.614215741521397;46.834679170212766;de;01.07.2008
Calfreisen;7027;03;5976;Arosa;3921;GR;100%;9.595116207;46.84234815;de;01.07.2008
St. Peter;7028;00;4024;Arosa;3921;GR;100%;9.651129753858191;46.837264056958766;de;01.07.2008
Pagig;7028;01;4025;Arosa;3921;GR;100%;9.639515122;46.838964138917916;de;01.07.2008
Peist;7029;00;4027;Arosa;3921;GR;100%;9.676221437485637;46.83392284472718;de;01.07.2008
Laax GR;7031;00;4001;Laax;3575;GR;100%;9.264905995464199;46.808889924307564;rm;01.07.2008
Laax GR 2;7032;00;4003;Laax;3575;GR;93.84%;9.258723604081318;46.82420231328473;rm;01.07.2008
Laax GR 2;7032;00;4003;Falera;3572;GR;6.16%;9.213226006;46.833420701609064;rm;01.07.2008
Arosa;7050;00;4004;Arosa;3921;GR;100%;9.676990034515404;46.78051646616747;de;01.07.2008
Molinis;7056;00;4026;Arosa;3921;GR;100%;9.653552666113645;46.826355408348775;de;01.07.2008
Langwies;7057;00;4028;Arosa;3921;GR;100%;9.724067198828786;46.82395878799756;de;01.07.2008
Litzirüti;7058;00;4030;Arosa;3921;GR;100%;9.702090182808973;46.798928773547495;de;01.07.2008
Passugg;7062;00;4006;Churwalden;3911;GR;100%;9.550914573345738;46.825824253940866;de;01.04.2014
Praden;7063;00;4007;Chur;3901;GR;100%;9.581535773540052;46.824390198619845;de;01.07.2008
Tschiertschen;7064;00;4008;Chur;3901;GR;100%;9.605162825469284;46.81533278129715;de;01.07.2008
Malix;7074;00;4009;Churwalden;3911;GR;99.11%;9.525839951161203;46.817169505706374;de;01.07.2008
Malix;7074;00;4009;Chur;3901;GR;0.89%;9.524230394;46.83314430777457;de;01.07.2008
Churwalden;7075;00;4010;Churwalden;3911;GR;100%;9.542578992526574;46.78194779606636;de;01.07.2008
Parpan;7076;00;4011;Churwalden;3911;GR;99.33%;9.563259397;46.764575229773484;de;01.07.2008
Parpan;7076;00;4011;Vaz/Obervaz;3506;GR;0.67%;9.554408247038387;46.76160810711874;de;01.07.2008
Valbella;7077;00;4012;Vaz/Obervaz;3506;GR;100%;9.550577757682284;46.74973778064702;rm;01.07.2008
Lenzerheide/Lai;7078;00;4013;Vaz/Obervaz;3506;GR;100%;9.554681504816235;46.72621105092166;multiple;01.07.2008
Vaz/Obervaz;7082;00;4014;Vaz/Obervaz;3506;GR;100%;9.531417114261439;46.6966027;multiple;01.07.2008
Lantsch/Lenz;7083;00;4015;Lantsch/Lenz;3513;GR;100%;9.563089286007438;46.685515191364594;multiple;01.07.2008
Brienz/Brinzauls GR;7084;00;4016;Albula/Alvra;3542;GR;100%;9.590138960143825;46.66963758874013;multiple;01.07.2008
Versam;7104;00;4032;Safiental;3672;GR;100%;9.335826446116396;46.78839582701289;de;01.07.2008
Tenna;7106;00;4035;Safiental;3672;GR;100%;9.339762048753236;46.74845994343793;de;01.07.2008
Safien Platz;7107;00;4036;Safiental;3672;GR;100%;9.315677356934788;46.69023638;de;01.07.2008
Thalkirch;7109;00;4038;Safiental;3672;GR;100%;9.283157857588218;46.65430733750783;de;01.07.2008
Peiden;7110;00;9005;Lumnezia;3618;GR;100%;9.196176088229468;46.71999860476831;rm;01.07.2008
Pitasch;7111;00;4057;Ilanz/Glion;3619;GR;100%;9.218403699668553;46.731081090979785;rm;01.07.2008
Duvin;7112;00;4058;Ilanz/Glion;3619;GR;100%;9.211908166;46.71540916030597;rm;01.07.2008
Camuns;7113;00;4059;Lumnezia;3618;GR;100%;9.197135773809334;46.70328400346758;rm;01.07.2008
Uors (Lumnezia);7114;00;4060;Lumnezia;3618;GR;100%;9.183871400025234;46.70119339455462;rm;01.07.2008
Surcasti;7115;00;4061;Lumnezia;3618;GR;100%;9.177076333;46.696906329054016;rm;01.07.2008
Tersnaus;7116;00;4062;Lumnezia;3618;GR;100%;9.184644759;46.691949889299714;rm;01.07.2008
St. Martin (Lugnez);7116;02;5973;Vals;3603;GR;100%;9.191594501112473;46.663959167000804;de;01.07.2008
Valendas;7122;00;4042;Safiental;3672;GR;99.57%;9.286007357;46.78498364;de;01.07.2008
Valendas;7122;00;4042;Ilanz/Glion;3619;GR;0.43%;9.260333098435463;46.77995243278979;de;01.07.2008
Castrisch;7126;00;4045;Ilanz/Glion;3619;GR;100%;9.231387234801456;46.776028684285336;rm;01.07.2008
Sevgein;7127;00;4055;Ilanz/Glion;3619;GR;100%;9.220066668218443;46.76478775238221;rm;01.07.2008
Riein;7128;00;4056;Ilanz/Glion;3619;GR;100%;9.235378700126015;46.74490556276237;rm;01.07.2008
Ilanz;7130;00;4047;Ilanz/Glion;3619;GR;100%;9.203193631597067;46.773345712282286;rm;01.07.2008
Schnaus;7130;02;5972;Ilanz/Glion;3619;GR;100%;9.181213529279303;46.82251860577108;rm;01.07.2008
Vals;7132;00;4083;Vals;3603;GR;100%;9.179038612458292;46.61622960782037;de;01.07.2008
Obersaxen;7134;00;4085;Obersaxen Mundaun;3988;GR;98.94%;9.106959981726108;46.74992352745672;de;01.05.2015
Obersaxen;7134;00;4085;Breil/Brigels;3981;GR;1.06%;9.037261293878082;46.74568471677539;de;01.05.2015
Flond;7137;00;4073;Obersaxen Mundaun;3988;GR;100%;9.164520474523437;46.76760258729832;rm;01.07.2008
Surcuolm;7138;00;4074;Obersaxen Mundaun;3988;GR;100%;9.142289956275956;46.75902895;rm;01.07.2008
Luven;7141;00;4063;Ilanz/Glion;3619;GR;100%;9.198912001;46.760941013240505;rm;01.07.2008
Cumbel;7142;00;4064;Lumnezia;3618;GR;100%;9.190490388348147;46.72540373;rm;01.07.2008
Morissen;7143;00;4065;Lumnezia;3618;GR;100%;9.180488607813311;46.72888604688592;rm;01.07.2008
Vella;7144;00;4066;Lumnezia;3618;GR;100%;9.171733898;46.71827618259361;rm;01.07.2008
Degen;7145;00;4067;Lumnezia;3618;GR;100%;9.168800125599354;46.70756851389499;rm;01.07.2008
Vattiz;7146;00;4068;Lumnezia;3618;GR;100%;9.157048128329917;46.70819610795062;rm;01.07.2008
Vignogn;7147;00;4069;Lumnezia;3618;GR;100%;9.155608392788869;46.699535070408174;rm;01.07.2008
Lumbrein;7148;00;4070;Lumnezia;3618;GR;100%;9.135960248;46.68274282278956;rm;01.07.2008
Vrin;7149;00;4072;Lumnezia;3618;GR;100%;9.095659416830623;46.65311315678264;rm;01.07.2008
Schluein;7151;00;4052;Schluein;3582;GR;100%;9.228111402628397;46.78741723907351;rm;01.07.2008
Sagogn;7152;00;4054;Sagogn;3581;GR;100%;9.256176677;46.79185980134065;rm;01.07.2008
Falera;7153;00;4053;Falera;3572;GR;100%;9.230558986647797;46.801928202845616;rm;01.07.2008
Ruschein;7154;00;4050;Ilanz/Glion;3619;GR;100%;9.191924460052528;46.784415497472814;rm;01.07.2008
Ladir;7155;00;4051;Ilanz/Glion;3619;GR;100%;9.201037032788037;46.789493866198875;rm;01.07.2008
Rueun;7156;00;4089;Ilanz/Glion;3619;GR;100%;9.148941341;46.77885006857173;rm;01.07.2008
Pigniu;7156;01;4088;Ilanz/Glion;3619;GR;100%;9.116016310221342;46.80960592015969;rm;01.07.2008
Siat;7157;00;4090;Ilanz/Glion;3619;GR;100%;9.162385005894096;46.79049770874159;rm;01.07.2008
Waltensburg/Vuorz;7158;00;4091;Breil/Brigels;3981;GR;100%;9.108549500065589;46.77715360106168;multiple;01.07.2008
Andiast;7159;00;4092;Breil/Brigels;3981;GR;100%;9.112110998;46.78682770346468;rm;01.07.2008
Tavanasa;7162;00;4093;Breil/Brigels;3981;GR;100%;9.066404062990943;46.75588963416493;rm;01.07.2008
Danis;7163;00;4094;Breil/Brigels;3981;GR;100%;9.054690163293209;46.75511137347219;rm;01.07.2008
Dardin;7164;00;4095;Breil/Brigels;3981;GR;100%;9.041996386817067;46.75702688422832;rm;01.07.2008
Breil/Brigels;7165;00;4096;Breil/Brigels;3981;GR;100%;9.061758944364206;46.770315562386564;multiple;01.07.2008
Trun;7166;00;4097;Trun;3987;GR;100%;8.986038150771948;46.74270194345303;rm;01.07.2008
Zignau;7167;00;4099;Trun;3987;GR;100%;9.005533075341685;46.740240586125566;rm;01.07.2008
Schlans;7168;00;4098;Trun;3987;GR;100%;9.014549782;46.75410714791814;rm;01.07.2008
Rabius;7172;00;4100;Sumvitg;3985;GR;96.62%;8.958799289933928;46.734700722691045;rm;01.07.2008
Rabius;7172;00;4100;Trun;3987;GR;3.38%;8.962992032382578;46.73998009;rm;01.07.2008
Surrein;7173;00;4119;Sumvitg;3985;GR;100%;8.947800209542933;46.712938725736514;rm;01.07.2008
S. Benedetg;7174;00;4102;Sumvitg;3985;GR;100%;8.939424565588375;46.734894238998855;rm;01.07.2008
Sumvitg;7175;00;4101;Sumvitg;3985;GR;100%;8.934948623925798;46.72921287985085;rm;01.07.2008
Cumpadials;7176;00;4120;Sumvitg;3985;GR;100%;8.920379242078834;46.71992912319393;rm;01.07.2008
Disentis/Mustér;7180;00;4104;Disentis/Mustér;3982;GR;98.56%;8.852411669537808;46.70421041418686;multiple;01.07.2008
Disentis/Mustér;7180;00;4104;Sumvitg;3985;GR;1.45%;8.900862972792856;46.71759882517667;multiple;01.07.2008
Cavardiras;7182;00;4106;Disentis/Mustér;3982;GR;100%;8.884917268794956;46.707374597712814;rm;01.07.2008
Mumpé Medel;7183;00;4107;Disentis/Mustér;3982;GR;100%;8.841572689424428;46.685702634707205;rm;01.02.2010
Curaglia;7184;00;4108;Medel (Lucmagn);3983;GR;100%;8.858404187198273;46.67349227836396;rm;01.07.2008
Platta;7185;00;4109;Medel (Lucmagn);3983;GR;100%;8.847081331882224;46.64478846332827;rm;01.07.2008
Segnas;7186;00;4110;Disentis/Mustér;3982;GR;100%;8.828893551;46.69238972503495;rm;01.07.2008
Camischolas;7187;00;4112;Tujetsch;3986;GR;100%;8.764142138596418;46.67999859770158;rm;01.07.2008
Sedrun;7188;00;4117;Tujetsch;3986;GR;100%;8.777827033145153;46.67993760897701;rm;01.07.2008
Rueras;7189;00;4113;Tujetsch;3986;GR;100%;8.741578639479497;46.671819785528825;rm;01.07.2008
Says;7202;00;4124;Trimmis;3945;GR;100%;9.579029849330892;46.9038053;de;01.07.2008
Trimmis;7203;00;4123;Trimmis;3945;GR;100%;9.561821784661896;46.90026550200712;de;01.07.2008
Untervaz;7204;00;4125;Untervaz;3946;GR;99.94%;9.537478742167252;46.927763960417096;de;01.07.2008
Untervaz;7204;00;4125;Landquart;3955;GR;0.07%;9.540785433154603;46.94815671102975;de;01.07.2008
Zizers;7205;00;4126;Zizers;3947;GR;100%;9.565624316;46.93531616;de;01.07.2008
Igis;7206;00;4127;Landquart;3955;GR;100%;9.573651614319372;46.94656788296678;de;01.07.2008
Malans GR;7208;00;4129;Malans;3954;GR;100%;9.573827511;46.98173068376168;de;01.07.2008
Seewis Dorf;7212;00;4130;Seewis im Prättigau;3972;GR;100%;9.631447963353208;46.99210683402455;de;01.07.2008
Seewis-Pardisla;7212;01;9239;Seewis im Prättigau;3972;GR;100%;9.635535046986547;46.97886355115597;de;01.07.2008
Seewis-Schmitten;7212;02;9240;Seewis im Prättigau;3972;GR;100%;9.642651239713421;46.98085958389561;de;01.07.2008
Valzeina;7213;00;4132;Grüsch;3961;GR;98.07%;9.608058238317575;46.94476944004141;de;01.07.2008
Valzeina;7213;00;4132;Trimmis;3945;GR;1.93%;9.624299645;46.91346908;de;01.07.2008
Grüsch;7214;00;4133;Grüsch;3961;GR;100%;9.644969780839592;46.97520878410306;de;01.07.2008
Fanas;7215;00;4134;Grüsch;3961;GR;99.24%;9.666773129723499;46.98705216581385;de;01.07.2008
Fanas;7215;00;4134;Seewis im Prättigau;3972;GR;0.76%;9.657111063156881;47.01512653745484;de;01.07.2008
Schiers;7220;00;4135;Schiers;3962;GR;100%;9.688474887801283;46.97208607878834;de;01.07.2008
Lunden;7222;00;4139;Schiers;3962;GR;59.60%;9.711335449769019;46.950622377025475;de;01.05.2015
Lunden;7222;00;4139;Luzein;3891;GR;40.40%;9.715303196366152;46.94563912717225;de;01.05.2015
Buchen im Prättigau;7223;00;4140;Luzein;3891;GR;100%;9.718600677398141;46.94066907362621;de;01.07.2008
Putz;7224;00;4141;Luzein;3891;GR;100%;9.743261181552848;46.92623579296893;de;01.07.2008
Stels;7226;00;4138;Luzein;3891;GR;80%;9.743619588520703;46.959696123695565;de;01.07.2008
Stels;7226;00;4138;Schiers;3962;GR;20%;9.795813904846739;47.009020558677136;de;01.07.2008
Fajauna;7226;02;6131;Schiers;3962;GR;100%;9.699406604951871;46.96912623279462;de;01.07.2008
Schuders;7228;00;4137;Schiers;3962;GR;100%;9.739118215810036;46.99391083;de;01.07.2008
Pusserein;7228;01;4142;Schiers;3962;GR;100%;9.710404414087344;46.984530776247745;de;01.07.2008
Pragg-Jenaz;7231;00;4143;Jenaz;3863;GR;100%;9.704646218;46.938471370921945;de;01.07.2008
Furna;7232;00;4144;Furna;3862;GR;97.90%;9.670507124;46.9361273;de;01.07.2008
Furna;7232;00;4144;Jenaz;3863;GR;2.10%;9.685310942612999;46.94454868551715;de;01.07.2008
Jenaz;7233;00;4145;Jenaz;3863;GR;100%;9.715483517663884;46.928195505190196;de;01.07.2008
Fideris;7235;00;4147;Fideris;3861;GR;100%;9.742026001021273;46.912132060846645;de;01.07.2008
Küblis;7240;00;4148;Küblis;3882;GR;89.92%;9.779759166606572;46.91583898279433;de;01.07.2008
Küblis;7240;00;4148;Luzein;3891;GR;10.08%;9.767123237595934;46.913981952774265;de;01.07.2008
Conters im Prättigau;7241;00;4155;Conters im Prättigau;3881;GR;100%;9.796486980299585;46.90227559543215;de;01.07.2008
Luzein;7242;00;4150;Luzein;3891;GR;100%;9.763708576867058;46.92065677523817;de;01.07.2008
Pany;7243;00;4151;Luzein;3891;GR;100%;9.763853149078672;46.93128185492906;de;01.07.2008
Gadenstätt;7244;00;4152;Luzein;3891;GR;100%;9.793601806485746;46.94311072610032;de;01.07.2008
Ascharina;7245;00;4153;Luzein;3891;GR;100%;9.809110504467323;46.957774523130745;de;01.07.2008
St. Antönien;7246;00;4154;Luzein;3891;GR;100%;9.828636553;46.973297548191496;de;01.07.2008
Saas im Prättigau;7247;00;4156;Klosters;3871;GR;100%;9.812237067668201;46.91135427549553;de;01.07.2008
Serneus;7249;00;4158;Klosters;3871;GR;100%;9.840166703219278;46.89159368483004;de;01.07.2008
Klosters;7250;00;4159;Klosters;3871;GR;100%;9.889761147804794;46.868213543555584;de;01.07.2008
Klosters Dorf;7252;00;4162;Klosters;3871;GR;100%;9.871992004599793;46.88499938126177;de;01.07.2008
Davos Dorf;7260;00;4163;Davos;3851;GR;99.94%;9.846557228930193;46.80565747495185;de;01.07.2008
Davos Dorf;7260;00;4163;Arosa;3921;GR;0.06%;9.795052055472278;46.834503980194334;de;01.07.2008
Davos Wolfgang;7265;00;4166;Davos;3851;GR;97.71%;9.860390635595978;46.835216830526214;de;01.07.2008
Davos Wolfgang;7265;00;4166;Klosters;3871;GR;2.29%;9.875208922518059;46.852001208476715;de;01.07.2008
Davos Platz;7270;00;4167;Davos;3851;GR;100%;9.822275759;46.793639462384675;de;01.07.2008
Davos Clavadel;7272;00;4174;Davos;3851;GR;100%;9.82936425;46.75760986315316;de;01.07.2008
Davos Frauenkirch;7276;00;4176;Davos;3851;GR;100%;9.792137477;46.76455739554051;de;01.07.2008
Davos Glaris;7277;00;4177;Davos;3851;GR;100%;9.782384725135316;46.744779304461304;de;01.07.2008
Davos Monstein;7278;00;4178;Davos;3851;GR;100%;9.773278013008776;46.71194702852104;de;01.07.2008
Landquart;7302;00;4180;Landquart;3955;GR;87.66%;9.563664655248338;46.96249195672892;de;01.07.2008
Landquart;7302;00;4180;Zizers;3947;GR;8.93%;9.553671317;46.96305483225552;de;01.07.2008
Landquart;7302;00;4180;Maienfeld;3953;GR;3.41%;9.553681697;46.97032536272666;de;01.07.2008
Mastrils;7303;00;4181;Landquart;3955;GR;100%;9.543673075798868;46.966514403867265;de;01.07.2008
Maienfeld;7304;00;4182;Maienfeld;3953;GR;99.47%;9.533384951483951;47.00738438705229;de;01.07.2008
Maienfeld;7304;00;4182;Fläsch;3951;GR;0.53%;9.576470597;47.041769201001216;de;01.07.2008
Fläsch;7306;00;4183;Fläsch;3951;GR;100%;9.513190248586591;47.02671078888095;de;01.07.2008
Jenins;7307;00;4184;Jenins;3952;GR;100%;9.557556770278346;47.000560368794645;de;01.07.2008
Bad Ragaz;7310;00;4185;Bad Ragaz;3291;SG;100%;9.501365977487827;47.00702009388169;de;01.07.2008
Pfäfers;7312;00;4192;Pfäfers;3294;SG;100%;9.500974540461678;46.989993537388685;de;01.07.2008
St. Margrethenberg;7313;00;4193;Pfäfers;3294;SG;98.10%;9.509677241;46.97833684785499;de;01.07.2008
St. Margrethenberg;7313;00;4193;Landquart;3955;GR;1.90%;9.521227752619831;46.96022086430934;de;01.07.2008
Vadura;7314;00;4190;Pfäfers;3294;SG;100%;9.486229493;46.957153516421144;de;01.07.2008
Vättis;7315;00;4191;Pfäfers;3294;SG;79.95%;9.440102748;46.911358452452674;de;01.07.2008
Vättis;7315;00;4191;Tamins;3733;GR;20.05%;9.411352400862537;46.872877803574255;de;01.07.2008
Valens;7317;00;4188;Pfäfers;3294;SG;87.38%;9.478542713968825;46.97137284;de;01.07.2008
Valens;7317;00;4188;Bad Ragaz;3291;SG;12.62%;9.482305955012622;46.99529490567852;de;01.07.2008
Vasön;7317;03;4189;Pfäfers;3294;SG;100%;9.474866455051183;46.953468850972484;de;01.07.2008
Sargans;7320;00;4194;Sargans;3296;SG;99.96%;9.439852818;47.04923095538568;de;01.07.2008
Sargans;7320;00;4194;Wartau;3276;SG;0.05%;9.471584213;47.06775793181965;de;01.07.2008
Wangs;7323;00;4198;Vilters-Wangs;3297;SG;100%;9.431636637;47.029713489944136;de;01.07.2008
Vilters;7324;00;4199;Vilters-Wangs;3297;SG;100%;9.451826753316588;47.02629259087871;de;01.07.2008
Schwendi im Weisstannental;7325;00;4196;Mels;3293;SG;100%;9.363727693166263;47.010484337363266;de;01.07.2008
Weisstannen;7326;00;4197;Mels;3293;SG;100%;9.334782871943906;46.98950705956032;de;01.07.2008
Bonaduz;7402;00;4200;Bonaduz;3721;GR;97.98%;9.397552528129326;46.81136977177101;de;01.07.2008
Bonaduz;7402;00;4200;Safiental;3672;GR;2.02%;9.359008754732116;46.77575289755861;de;01.07.2008
Rhäzüns;7403;00;4201;Rhäzüns;3723;GR;100%;9.396918197416671;46.79861222;rm;01.07.2008
Feldis/Veulden;7404;00;4202;Domleschg;3673;GR;100%;9.432777477563544;46.79496830442225;multiple;01.07.2008
Rothenbrunnen;7405;00;4203;Rothenbrunnen;3637;GR;96.24%;9.426861717999087;46.76816653533543;rm;01.07.2008
Rothenbrunnen;7405;00;4203;Cazis;3661;GR;3.76%;9.418683197;46.76584316815688;rm;01.07.2008
Trans;7407;00;4219;Domleschg;3673;GR;100%;9.466098361775817;46.761942298485074;rm;01.07.2008
Cazis;7408;00;4207;Cazis;3661;GR;100%;9.428788167056629;46.72671359094342;rm;01.07.2008
Sils im Domleschg;7411;00;4209;Sils im Domleschg;3640;GR;100%;9.45465867;46.70325919331982;de;01.07.2008
Scharans;7412;00;4210;Scharans;3638;GR;100%;9.458826811;46.71711503919946;rm;01.07.2008
Fürstenaubruck;7413;00;4211;Fürstenau;3633;GR;100%;9.450692179180026;46.71369547756973;rm;01.07.2008
Fürstenau;7414;00;4213;Fürstenau;3633;GR;100%;9.448653508;46.72077720524435;rm;01.07.2008
Rodels;7415;00;4215;Domleschg;3673;GR;92.91%;9.443757103;46.73653862447713;rm;01.07.2008
Rodels;7415;00;4215;Cazis;3661;GR;7.09%;9.433322861377784;46.73468791926004;rm;01.07.2008
Pratval;7415;02;5974;Domleschg;3673;GR;100%;9.446022854203026;46.73200857125332;rm;01.07.2008
Almens;7416;00;4217;Domleschg;3673;GR;100%;9.456121379110346;46.73713048423695;rm;01.07.2008
Paspels;7417;00;4218;Domleschg;3673;GR;100%;9.444204952163105;46.74857960048028;rm;01.07.2008
Tumegl/Tomils;7418;00;4220;Domleschg;3673;GR;100%;9.442651081871006;46.762068471581905;multiple;01.07.2008
Scheid;7419;00;4221;Domleschg;3673;GR;100%;9.450437723535453;46.781592939628915;rm;01.07.2008
Summaprada;7421;00;4232;Cazis;3661;GR;86.43%;9.431994349;46.713618947731504;de;01.07.2008
Summaprada;7421;00;4232;Masein;3663;GR;13.58%;9.429594336581859;46.710268488265775;de;01.07.2008
Tartar;7422;00;4233;Cazis;3661;GR;100%;9.419477681306677;46.718696176978305;rm;01.07.2008
Sarn;7423;00;4234;Cazis;3661;GR;100%;9.403961864627647;46.720530332904644;rm;01.07.2008
Portein;7423;02;5975;Cazis;3661;GR;100%;9.389562487267638;46.71274212285264;rm;01.07.2008
Präz;7424;00;4235;Cazis;3661;GR;100%;9.403981922675635;46.74119005704536;rm;01.07.2008
Dalin;7424;01;4236;Cazis;3661;GR;100%;9.404135406551495;46.73498759711994;rm;01.07.2008
Masein;7425;00;4226;Masein;3663;GR;100%;9.428782677957013;46.701032318122465;de;01.07.2008
Flerden;7426;00;4227;Flerden;3662;GR;100%;9.40652067;46.70208465348504;rm;01.07.2008
Urmein;7427;00;4228;Urmein;3670;GR;100%;9.391369713484995;46.69689221597494;de;01.07.2008
Tschappina;7428;00;4229;Tschappina;3669;GR;100%;9.376350533492648;46.68909507810343;de;01.07.2008
Thusis;7430;00;4222;Thusis;3668;GR;100%;9.438112121263323;46.69725170400502;de;01.07.2008
Rongellen;7430;02;4238;Rongellen;3711;GR;100%;9.446019288;46.675309480070325;rm;01.07.2008
Mutten;7431;01;4237;Thusis;3668;GR;100%;9.499774364983839;46.67831816418832;de;01.07.2008
Obermutten;7431;02;6585;Thusis;3668;GR;100%;9.487136916585351;46.67329087759071;de;01.07.2008
Zillis;7432;00;4239;Zillis-Reischen;3712;GR;100%;9.447872693916365;46.637645139950685;rm;01.07.2008
Donat;7433;00;4240;Muntogna da Schons;3715;GR;100%;9.427997200301212;46.62970655543793;rm;01.07.2008
Lohn GR;7433;03;4244;Muntogna da Schons;3715;GR;100%;9.425785318882276;46.65196231433287;rm;01.07.2008
Mathon;7433;04;4242;Muntogna da Schons;3715;GR;100%;9.410870003252406;46.638220076328494;rm;01.07.2008
Wergenstein;7433;05;4243;Muntogna da Schons;3715;GR;100%;9.397714230374728;46.62560652;rm;01.07.2008
Sufers;7434;00;4247;Sufers;3695;GR;100%;9.366985608;46.57191645942221;de;01.07.2008
Splügen;7435;00;4248;Rheinwald;3714;GR;100%;9.322492599683164;46.552443224194704;de;01.07.2008
Medels im Rheinwald;7436;00;4249;Rheinwald;3714;GR;100%;9.294305504;46.54822777236317;de;01.07.2008
Nufenen;7437;00;4250;Rheinwald;3714;GR;100%;9.244277337599145;46.54120513576381;de;01.07.2008
Hinterrhein;7438;00;4251;Rheinwald;3714;GR;100%;9.196980839;46.53195896483865;de;01.07.2008
Andeer;7440;00;4252;Andeer;3701;GR;100%;9.425229909873032;46.60133777198448;rm;01.07.2008
Clugin;7442;00;4254;Andeer;3701;GR;100%;9.423972885942998;46.615811223585546;rm;01.07.2008
Pignia;7443;00;4255;Andeer;3701;GR;100%;9.438476433508244;46.61285776700188;rm;01.07.2008
Ausserferrera;7444;00;4256;Ferrera;3713;GR;100%;9.443715248209477;46.55872045860476;rm;01.07.2008
Innerferrera;7445;00;4257;Ferrera;3713;GR;100%;9.446661948892011;46.52001964388898;rm;01.07.2008
Avers;7447;00;4259;Avers;3681;GR;98.89%;9.517422310707794;46.46539311786299;de;01.04.2022
Avers;7447;00;4259;Bregaglia;3792;GR;1.11%;9.502675974;46.40612643;de;01.04.2022
Juf;7448;00;4261;Avers;3681;GR;100%;9.579612229596183;46.44540208590135;de;01.07.2008
Tiefencastel;7450;00;4262;Albula/Alvra;3542;GR;95.06%;9.575188805;46.662161916829106;rm;01.07.2008
Tiefencastel;7450;00;4262;Vaz/Obervaz;3506;GR;4.94%;9.514675035612797;46.681953082526796;rm;01.07.2008
Alvaschein;7451;00;4266;Albula/Alvra;3542;GR;100%;9.550699583;46.67532490044461;rm;01.07.2008
Cunter;7452;00;4267;Surses;3543;GR;100%;9.592214731;46.60763166178067;rm;01.07.2008
Tinizong;7453;00;4268;Surses;3543;GR;100%;9.625381956424082;46.582800606351476;rm;01.07.2008
Rona;7454;00;4269;Surses;3543;GR;100%;9.625555578033307;46.560308532356835;rm;01.07.2008
Mulegns;7455;00;4270;Surses;3543;GR;100%;9.612568891828566;46.52218556179706;rm;01.07.2008
Sur;7456;00;4272;Surses;3543;GR;100%;9.637485278403037;46.52417183061948;rm;01.07.2008
Marmorera;7456;02;5971;Surses;3543;GR;100%;9.669705937359314;46.50323414;rm;01.07.2008
Bivio;7457;00;4273;Surses;3543;GR;100%;9.651103952;46.467572366640475;rm;01.07.2008
Mon;7458;00;4264;Albula/Alvra;3542;GR;100%;9.561608832703163;46.65087031530399;rm;01.07.2008
Stierva;7459;00;4265;Albula/Alvra;3542;GR;100%;9.539226443063207;46.66303772093511;rm;01.07.2008
Savognin;7460;00;4275;Surses;3543;GR;100%;9.599053999;46.59743215312925;rm;01.07.2008
Salouf;7462;00;4276;Surses;3543;GR;100%;9.573941831763163;46.62633376393614;rm;01.07.2008
Riom;7463;00;4277;Surses;3543;GR;100%;9.581838760608763;46.609069406453806;rm;01.07.2008
Parsonz;7464;00;4278;Surses;3543;GR;100%;9.571524863583289;46.59985033276089;rm;01.07.2008
Surava;7472;00;4279;Albula/Alvra;3542;GR;100%;9.616473579262513;46.665906574484545;rm;01.07.2008
Alvaneu Bad;7473;00;4280;Albula/Alvra;3542;GR;100%;9.648797336;46.669666591570845;rm;01.07.2008
Filisur;7477;00;4282;Bergün Filisur;3544;GR;100%;9.686373835475056;46.671982139489884;rm;01.07.2008
Bergün/Bravuogn;7482;00;4283;Bergün Filisur;3544;GR;100%;9.751259532759521;46.628665016461085;multiple;01.07.2008
Preda;7482;01;4286;Bergün Filisur;3544;GR;100%;9.770887619;46.59008845934508;rm;01.07.2008
Stugl/Stuls;7482;02;4284;Bergün Filisur;3544;GR;100%;9.731535220265705;46.65270543038719;multiple;01.07.2008
Latsch;7484;00;4285;Bergün Filisur;3544;GR;100%;9.751290532774965;46.634577037999165;rm;01.07.2008
Alvaneu Dorf;7492;00;4288;Albula/Alvra;3542;GR;100%;9.645874141913247;46.679064321787386;rm;01.07.2008
Schmitten (Albula);7493;00;4289;Schmitten (GR);3514;GR;100%;9.673272317122308;46.68709749636761;de;01.07.2008
Davos Wiesen;7494;00;4290;Davos;3851;GR;94.00%;9.71310857;46.70454193688354;de;01.01.2011
Davos Wiesen;7494;00;4290;Bergün Filisur;3544;GR;6.00%;9.727004772526481;46.695372494729476;de;01.01.2011
St. Moritz;7500;00;4293;St. Moritz;3787;GR;99.71%;9.833532039744224;46.48553273370204;rm;01.07.2008
St. Moritz;7500;00;4293;Celerina/Schlarigna;3782;GR;0.29%;9.866896034;46.494032350580966;rm;01.07.2008
Bever;7502;00;4300;Bever;3781;GR;100%;9.731219561000362;46.52949986200295;rm;01.07.2008
Samedan;7503;00;4301;Samedan;3786;GR;100%;9.871520049640337;46.53429597353149;rm;01.07.2008
Pontresina;7504;00;4303;Pontresina;3784;GR;96.51%;9.901154408715666;46.493697306616404;rm;01.07.2008
Pontresina;7504;00;4303;Samedan;3786;GR;2.39%;9.867384455209857;46.43459291381241;rm;01.07.2008
Pontresina;7504;00;4303;Celerina/Schlarigna;3782;GR;1.10%;9.895380412697573;46.49252637863613;rm;01.07.2008
Celerina/Schlarigna;7505;00;4304;Celerina/Schlarigna;3782;GR;100%;9.857862065099555;46.51233080603356;multiple;01.07.2008
Champfèr;7512;00;4305;St. Moritz;3787;GR;50.40%;9.813552304378536;46.479318801873376;rm;01.07.2008
Champfèr;7512;00;4305;Silvaplana;3790;GR;49.60%;9.810689015756829;46.47700273366152;rm;01.07.2008
Silvaplana;7513;00;4306;Silvaplana;3790;GR;100%;9.795105425606877;46.45985888146158;rm;01.07.2008
Silvaplana-Surlej;7513;02;8423;Silvaplana;3790;GR;99.60%;9.811141920383406;46.45819275808561;rm;01.07.2008
Silvaplana-Surlej;7513;02;8423;Samedan;3786;GR;0.40%;9.821471499662083;46.41797215;rm;01.07.2008
Sils/Segl Maria;7514;00;4307;Sils im Engadin/Segl;3789;GR;100%;9.765123209658915;46.43186777375281;multiple;01.07.2008
Fex;7514;02;4308;Sils im Engadin/Segl;3789;GR;100%;9.764427354537265;46.414431791491126;rm;01.07.2008
Sils/Segl Baselgia;7515;00;4309;Sils im Engadin/Segl;3789;GR;100%;9.757145015200047;46.432796113052966;multiple;01.07.2008
Maloja;7516;00;4310;Bregaglia;3792;GR;100%;9.698540418376423;46.40392097548612;it;01.07.2008
Plaun da Lej;7517;00;4311;Sils im Engadin/Segl;3789;GR;100%;9.716655588298092;46.42266422949196;rm;01.07.2008
La Punt Chamues-ch;7522;00;4312;La Punt Chamues-ch;3785;GR;100%;9.928527608010558;46.57632478205546;rm;01.10.2020
Madulain;7523;00;4313;Madulain;3783;GR;100%;9.939536425163329;46.58774742521645;rm;01.07.2008
Zuoz;7524;00;4314;Zuoz;3791;GR;100%;9.958369903112573;46.60138111923719;rm;01.07.2008
S-chanf;7525;00;4315;S-chanf;3788;GR;100%;9.986438212770913;46.61315844966772;rm;01.07.2008
Cinuos-chel;7526;00;4316;S-chanf;3788;GR;100%;10.02321576;46.64123850495031;rm;01.07.2008
Chapella;7526;01;10737;S-chanf;3788;GR;100%;10.003966788064606;46.63518458578028;rm;01.02.2021
Brail;7527;00;4318;Zernez;3746;GR;100%;10.03285040180776;46.65491611;rm;01.07.2008
Zernez;7530;00;4319;Zernez;3746;GR;100%;10.093406159284067;46.69949598534398;rm;01.07.2008
Tschierv;7532;00;4321;Val Müstair;3847;GR;100%;10.336447382817624;46.62758378;rm;01.07.2008
Fuldera;7533;00;4322;Val Müstair;3847;GR;100%;10.369619935350302;46.60970278902689;rm;01.07.2008
Lü;7534;00;4323;Val Müstair;3847;GR;100%;10.374234218154202;46.61962092744637;rm;01.07.2008
Valchava;7535;00;4324;Val Müstair;3847;GR;100%;10.405733690792367;46.60106995;rm;01.07.2008
Sta. Maria Val Müstair;7536;00;4330;Val Müstair;3847;GR;100%;10.424095518251574;46.60293907739068;rm;01.07.2008
Müstair;7537;00;4335;Val Müstair;3847;GR;100%;10.446961461101317;46.62562537958179;rm;01.07.2008
Susch;7542;00;4336;Zernez;3746;GR;100%;10.078939109348799;46.750325281178206;rm;01.07.2008
Lavin;7543;00;4337;Zernez;3746;GR;100%;10.110769356569788;46.76743247369542;rm;01.07.2008
Guarda;7545;00;4338;Scuol;3762;GR;100%;10.153258325074612;46.77540345781945;rm;01.07.2008
Ardez;7546;00;4340;Scuol;3762;GR;100%;10.200157046848613;46.77558347566713;rm;01.07.2008
Scuol;7550;00;4341;Scuol;3762;GR;100%;10.299452134445142;46.79723440558402;rm;01.07.2008
Ftan;7551;00;4343;Scuol;3762;GR;100%;10.248471451564352;46.79358575203509;rm;01.07.2008
Vulpera;7552;00;4344;Scuol;3762;GR;100%;10.286375920440895;46.78716475565787;rm;01.07.2008
Tarasp;7553;00;4345;Scuol;3762;GR;100%;10.260711445572808;46.778557829862244;rm;01.07.2008
Sent;7554;00;4346;Scuol;3762;GR;100%;10.338908732340151;46.817248523547114;rm;01.07.2008
Ramosch;7556;00;4348;Valsot;3764;GR;100%;10.381815517581543;46.83455939763803;rm;01.07.2008
Vnà;7557;00;4350;Valsot;3764;GR;95.24%;10.36311730072871;46.84336601646316;rm;01.07.2008
Vnà;7557;00;4350;Scuol;3762;GR;4.76%;10.330136525447637;46.870948559151884;rm;01.07.2008
Strada;7558;00;4351;Valsot;3764;GR;100%;10.434809514551239;46.86402243330896;rm;01.07.2008
Tschlin;7559;00;4352;Valsot;3764;GR;100%;10.425088651352828;46.870245015895975;rm;01.07.2008
Martina;7560;00;4353;Valsot;3764;GR;100%;10.462245988347835;46.88957679353409;rm;01.07.2008
Samnaun-Compatsch;7562;00;4356;Samnaun;3752;GR;100%;10.399355350656892;46.959994564188335;de;01.07.2008
Samnaun Dorf;7563;00;4357;Samnaun;3752;GR;100%;10.36539094781527;46.948823683939224;de;01.07.2008
Casaccia;7602;00;4359;Bregaglia;3792;GR;100%;9.665030739797041;46.388106362544136;it;01.07.2008
Vicosoprano;7603;00;4360;Bregaglia;3792;GR;100%;9.623907003;46.353180153530666;it;01.07.2008
Borgonovo;7604;00;4361;Bregaglia;3792;GR;100%;9.603957844463498;46.34765091242792;it;01.07.2008
Stampa;7605;00;4362;Bregaglia;3792;GR;100%;9.583379947253732;46.34419092304271;it;01.07.2008
Promontogno;7606;00;4363;Bregaglia;3792;GR;100%;9.556180601858626;46.337791626709034;it;01.07.2008
Bondo;7606;01;9724;Bregaglia;3792;GR;100%;9.552628258658196;46.33331354853217;de;01.12.2016
Castasegna;7608;00;4365;Bregaglia;3792;GR;100%;9.516904826044849;46.33440688210092;it;01.07.2008
Soglio;7610;00;4364;Bregaglia;3792;GR;100%;9.539354442754526;46.34213655892204;it;01.07.2008
Ospizio Bernina;7710;00;4374;Poschiavo;3561;GR;100%;10.042972192950268;46.40976124016158;it;01.07.2008
Alp Grüm;7710;02;4376;Poschiavo;3561;GR;100%;10.03378236385685;46.37406860522929;it;01.07.2008
S. Carlo (Poschiavo);7741;00;4375;Poschiavo;3561;GR;100%;10.064046817499788;46.34513599927621;it;01.07.2008
Poschiavo;7742;00;4366;Poschiavo;3561;GR;100%;10.057258697379096;46.32538366576604;it;01.07.2008
Sfazù;7742;02;4367;Poschiavo;3561;GR;100%;10.098773019305858;46.391264885832975;it;01.07.2008
La Rösa;7742;03;4368;Poschiavo;3561;GR;100%;10.066312862516444;46.40136497277396;it;01.07.2008
Brusio;7743;00;4370;Brusio;3551;GR;100%;10.122827887368386;46.26169606570057;it;01.07.2008
Miralago;7743;02;6132;Poschiavo;3561;GR;66.67%;10.100524907186154;46.27319547;it;01.07.2008
Miralago;7743;02;6132;Brusio;3551;GR;33.33%;10.101635928981622;46.27308830227485;it;01.07.2008
Campocologno;7744;00;4372;Brusio;3551;GR;100%;10.142108711283647;46.23291041609532;it;01.07.2008
Li Curt;7745;00;4377;Poschiavo;3561;GR;100%;10.063582715449488;46.31080002432851;it;01.07.2008
Le Prese;7746;00;4378;Poschiavo;3561;GR;100%;10.078935080029538;46.295825568356726;it;01.07.2008
Viano;7747;00;4371;Brusio;3551;GR;100%;10.144551341484132;46.252816212519605;it;01.07.2008
Campascio;7748;00;4380;Brusio;3551;GR;100%;10.128574875558808;46.24434062088549;it;01.07.2008
Zürich;8001;00;4385;Zürich;261;ZH;100%;8.542453659086647;47.372299638914726;de;01.07.2008
Zürich;8002;00;4386;Zürich;261;ZH;100%;8.529921244359027;47.36100388204201;de;01.07.2008
Zürich;8003;00;4387;Zürich;261;ZH;100%;8.517090178828155;47.37198153820865;de;01.07.2008
Zürich;8004;00;4388;Zürich;261;ZH;100%;8.523327465013486;47.37722125669364;de;01.07.2008
Zürich;8005;00;4390;Zürich;261;ZH;100%;8.525754352148974;47.38583373877199;de;01.07.2008
Zürich;8006;00;4391;Zürich;261;ZH;100%;8.545305978137051;47.38659260295917;de;01.07.2008
Zürich;8008;00;4392;Zürich;261;ZH;100%;8.559098365747762;47.35656868312362;de;01.07.2008
Zürich;8032;00;4441;Zürich;261;ZH;100%;8.562349362692737;47.36698952789945;de;01.07.2008
Zürich;8037;00;4449;Zürich;261;ZH;100%;8.526654530614795;47.39424465762868;de;01.07.2008
Zürich;8038;00;4450;Zürich;261;ZH;100%;8.530263222577661;47.34085142448673;de;01.07.2008
Zürich;8041;00;4454;Zürich;261;ZH;99.74%;8.515784948047147;47.33228906478816;de;01.07.2008
Zürich;8041;00;4454;Adliswil;131;ZH;0.26%;8.513352510950293;47.32254292467264;de;01.07.2008
Zürich;8044;00;4457;Zürich;261;ZH;100%;8.560438675424432;47.380006133865265;de;01.07.2008
Gockhausen;8044;01;5720;Dübendorf;191;ZH;100%;8.597536800346141;47.38260833754763;de;01.07.2008
Zürich;8045;00;4459;Zürich;261;ZH;100%;8.512707303941609;47.35817888056248;de;01.07.2008
Zürich;8046;00;4461;Zürich;261;ZH;100%;8.514652129180444;47.41715940454207;de;01.07.2008
Zürich;8047;00;4463;Zürich;261;ZH;100%;8.490049148931371;47.37453357993845;de;01.07.2008
Zürich;8048;00;4464;Zürich;261;ZH;100%;8.483807849367189;47.38713829465761;de;01.07.2008
Zürich;8049;00;4467;Zürich;261;ZH;100%;8.496352321759312;47.40323315838885;de;01.07.2008
Zürich;8050;00;4468;Zürich;261;ZH;100%;8.552956637340555;47.41042803176612;de;01.07.2008
Zürich;8051;00;4470;Zürich;261;ZH;99.59%;8.579994512078278;47.40391260266841;de;01.07.2008
Zürich;8051;00;4470;Dübendorf;191;ZH;0.42%;8.589022233520566;47.39350648665631;de;01.07.2008
Zürich;8052;00;4471;Zürich;261;ZH;99.28%;8.544988258;47.42360133976063;de;01.07.2008
Zürich;8052;00;4471;Rümlang;97;ZH;0.68%;8.543828484947309;47.432859288063504;de;01.07.2008
Zürich;8052;00;4471;Opfikon;66;ZH;0.04%;8.562018170699973;47.417441315355546;de;01.07.2008
Zürich;8053;00;4473;Zürich;261;ZH;100%;8.590330124435123;47.35861815632331;de;01.07.2008
Zürich;8055;00;4474;Zürich;261;ZH;100%;8.506204914244607;47.366640620076716;de;01.07.2008
Zürich;8057;00;4476;Zürich;261;ZH;100%;8.541670184248266;47.399706235800764;de;01.07.2008
Zürich;8064;00;4484;Zürich;261;ZH;100%;8.488511573328712;47.39731398419192;de;01.07.2008
Oberengstringen;8102;00;4494;Oberengstringen;245;ZH;100%;8.462934204566507;47.40920095736719;de;01.07.2008
Unterengstringen;8103;00;4495;Unterengstringen;249;ZH;100%;8.449534807977372;47.41321370530202;de;01.07.2008
Weiningen ZH;8104;00;4496;Weiningen (ZH);251;ZH;100%;8.435910317665144;47.41946654;de;01.07.2008
Regensdorf;8105;00;4497;Regensdorf;96;ZH;100%;8.467450695648612;47.43243065239365;de;01.07.2008
Watt;8105;02;4499;Regensdorf;96;ZH;100%;8.478224778945275;47.44516997067665;de;01.07.2008
Adlikon b. Regensdorf;8106;02;6239;Regensdorf;96;ZH;100%;8.465362564850091;47.45132037429175;de;01.07.2008
Buchs ZH;8107;00;4501;Buchs (ZH);83;ZH;99.87%;8.437676527298592;47.457103543409566;de;01.07.2008
Buchs ZH;8107;00;4501;Otelfingen;94;ZH;0.13%;8.411158323458322;47.45526068938554;de;01.07.2008
Dällikon;8108;00;4502;Dällikon;84;ZH;100%;8.440586283025057;47.43907083180118;de;01.07.2008
Kloster Fahr;8109;00;8442;Würenlos;4048;AG;100%;8.438676414649272;47.40797417779076;de;01.07.2008
Otelfingen;8112;00;4503;Otelfingen;94;ZH;100%;8.389382749;47.460460701336366;de;01.07.2008
Boppelsen;8113;00;4504;Boppelsen;82;ZH;100%;8.402988928045476;47.47062003;de;01.07.2008
Dänikon ZH;8114;00;4505;Dänikon;85;ZH;100%;8.407865111666991;47.44555602887921;de;01.07.2008
Hüttikon;8115;00;4506;Hüttikon;87;ZH;100%;8.386505700543204;47.44487851610012;de;01.07.2008
Fällanden;8117;00;4508;Fällanden;193;ZH;100%;8.639136412790132;47.372027826157954;de;01.07.2008
Pfaffhausen;8118;00;6186;Fällanden;193;ZH;100%;8.624156764;47.36531914508495;de;01.07.2008
Benglen;8121;00;4509;Fällanden;193;ZH;100%;8.635166921;47.359772410232864;de;01.07.2008
Binz;8122;00;4510;Maur;195;ZH;100%;8.626075286801278;47.35753647245509;de;01.07.2008
Ebmatingen;8123;00;4511;Maur;195;ZH;100%;8.640368270572795;47.35090294042811;de;01.07.2008
Maur;8124;00;4512;Maur;195;ZH;100%;8.669606874381838;47.339422546844155;de;01.07.2008
Zollikerberg;8125;00;4513;Zollikon;161;ZH;99.59%;8.600362427861484;47.34576232133285;de;01.07.2008
Zollikerberg;8125;00;4513;Zürich;261;ZH;0.41%;8.602155710261098;47.35091656701878;de;01.07.2008
Zumikon;8126;00;4514;Zumikon;160;ZH;100%;8.622005216;47.33161765237995;de;01.07.2008
Forch;8127;00;4515;Maur;195;ZH;69.38%;8.655189270367538;47.32753950214954;de;01.07.2008
Forch;8127;00;4515;Küsnacht (ZH);154;ZH;29.23%;8.640638754491913;47.32179996453297;de;01.07.2008
Forch;8127;00;4515;Egg;192;ZH;1.39%;8.661321248439423;47.305300782813575;de;01.07.2008
Egg b. Zürich;8132;00;4517;Egg;192;ZH;100%;8.690238586102238;47.29828891571497;de;01.07.2008
Hinteregg;8132;02;4516;Egg;192;ZH;96.69%;8.682537807376915;47.30772762641695;de;01.07.2008
Hinteregg;8132;02;4516;Maur;195;ZH;3.31%;8.683737632591207;47.317204988981906;de;01.07.2008
Esslingen;8133;00;4518;Egg;192;ZH;100%;8.711002147766706;47.288427369686865;de;01.07.2008
Adliswil;8134;00;4519;Adliswil;131;ZH;99.91%;8.525618271400523;47.31292903549797;de;01.07.2008
Adliswil;8134;00;4519;Zürich;261;ZH;0.06%;8.529149258757256;47.327144222697626;de;01.07.2008
Adliswil;8134;00;4519;Stallikon;13;ZH;0.03%;8.505747597888279;47.312044091570286;de;01.07.2008
Langnau am Albis;8135;00;4522;Langnau am Albis;136;ZH;100%;8.536177228417936;47.28612192919767;de;01.07.2008
Sihlbrugg Station;8135;02;5160;Horgen;295;ZH;100%;8.577121118034412;47.239704022969114;de;01.07.2008
Sihlwald;8135;03;8358;Horgen;295;ZH;100%;8.556841239942026;47.26850826617097;de;01.07.2008
Gattikon;8136;00;4523;Thalwil;141;ZH;100%;8.548738335507059;47.28431955527551;de;01.07.2008
Uitikon Waldegg;8142;00;4525;Uitikon;248;ZH;98.58%;8.458787439884423;47.36771681141879;de;01.07.2008
Uitikon Waldegg;8142;00;4525;Zürich;261;ZH;1.16%;8.468942954458953;47.36526765;de;01.07.2008
Uitikon Waldegg;8142;00;4525;Birmensdorf (ZH);242;ZH;0.26%;8.466344280220852;47.35587528412222;de;01.07.2008
Stallikon;8143;00;4526;Stallikon;13;ZH;100%;8.487355444814508;47.333864169704064;de;01.07.2008
Uetliberg;8143;02;4524;Stallikon;13;ZH;50%;8.489684716285732;47.35000726926198;de;01.07.2008
Uetliberg;8143;02;4524;Zürich;261;ZH;42.50%;8.492029625639969;47.34965256342063;de;01.07.2008
Uetliberg;8143;02;4524;Uitikon;248;ZH;7.50%;8.486669054803487;47.35347981229964;de;01.07.2008
Glattbrugg;8152;00;4527;Opfikon;66;ZH;94.99%;8.564236280553507;47.43189786436315;de;01.07.2008
Glattbrugg;8152;00;4527;Rümlang;97;ZH;4.69%;8.554543716331015;47.433053216882286;de;01.07.2008
Glattbrugg;8152;00;4527;Zürich;261;ZH;0.32%;8.555286368540505;47.42990679;de;01.07.2008
Opfikon;8152;01;4528;Opfikon;66;ZH;100%;8.577555277232408;47.42801651268991;de;01.07.2008
Glattpark (Opfikon);8152;02;8359;Opfikon;66;ZH;100%;8.562099522;47.42172727525205;de;01.07.2008
Rümlang;8153;00;4529;Rümlang;97;ZH;100%;8.529688195840558;47.44988605469911;de;01.07.2008
Oberglatt ZH;8154;00;4530;Oberglatt;92;ZH;100%;8.517287209144826;47.47594350757708;de;01.07.2008
Niederhasli;8155;00;4531;Niederhasli;90;ZH;99.02%;8.489147996337906;47.480654747066446;de;01.07.2008
Niederhasli;8155;00;4531;Steinmaur;101;ZH;0.27%;8.474938749311441;47.49091988161336;de;01.07.2008
Niederhasli;8155;00;4531;Niederglatt;89;ZH;0.71%;8.479838767477473;47.49175739835791;de;01.07.2008
Nassenwil;8155;01;9294;Niederhasli;90;ZH;100%;8.470064172319828;47.46538238812973;de;01.11.2012
Oberhasli;8156;00;4532;Niederhasli;90;ZH;100%;8.500990625725994;47.46773807346434;de;01.07.2008
Dielsdorf;8157;00;4533;Dielsdorf;86;ZH;100%;8.453429617255289;47.47993001698618;de;01.07.2008
Regensberg;8158;00;4534;Regensberg;95;ZH;97.14%;8.437764541161037;47.48227898267014;de;01.07.2008
Regensberg;8158;00;4534;Boppelsen;82;ZH;2.86%;8.400999378063974;47.48163703414717;de;01.07.2008
Steinmaur;8162;00;4535;Steinmaur;101;ZH;99.62%;8.451490782410836;47.49586757700101;de;01.07.2008
Steinmaur;8162;00;4535;Neerach;88;ZH;0.38%;8.456907336746792;47.51083460255063;de;01.07.2008
Sünikon;8162;01;9220;Steinmaur;101;ZH;100%;8.436627023355632;47.49024906966836;de;01.05.2011
Bachs;8164;00;4536;Bachs;81;ZH;99.55%;8.437258328;47.52528656856514;de;01.07.2008
Bachs;8164;00;4536;Neerach;88;ZH;0.45%;8.460516304825074;47.51385850153901;de;01.07.2008
Schöfflisdorf;8165;00;4539;Schöfflisdorf;99;ZH;100%;8.416503643957082;47.50078256569635;de;01.07.2008
Oberweningen;8165;02;5892;Oberweningen;93;ZH;100%;8.406143388;47.50184100100273;de;01.07.2008
Schleinikon;8165;03;5893;Schleinikon;98;ZH;100%;8.394553568204541;47.49876217012439;de;01.07.2008
Niederweningen;8166;00;4540;Niederweningen;91;ZH;100%;8.375594435774525;47.50670638025815;de;01.07.2008
Niederglatt ZH;8172;00;4542;Niederglatt;89;ZH;100%;8.499778719244722;47.49277265128798;de;01.07.2008
Neerach;8173;00;4543;Neerach;88;ZH;100%;8.471949986214632;47.50989836357972;de;01.07.2008
Stadel b. Niederglatt;8174;00;4544;Stadel;100;ZH;98.70%;8.464820029815028;47.52910226463945;de;01.07.2008
Stadel b. Niederglatt;8174;00;4544;Neerach;88;ZH;1.30%;8.471188888208465;47.51992516160897;de;01.07.2008
Windlach;8175;00;4545;Stadel;100;ZH;100%;8.469812216466208;47.54204607845098;de;01.07.2008
Bülach;8180;00;4546;Bülach;53;ZH;99.70%;8.540648256332245;47.52002273;de;01.07.2008
Bülach;8180;00;4546;Winkel;72;ZH;0.20%;8.566410073879602;47.506984189443145;de;01.07.2008
Bülach;8180;00;4546;Bachenbülach;51;ZH;0.10%;8.565051683;47.50991172290245;de;01.07.2008
Höri;8181;00;4548;Höri;60;ZH;100%;8.505793249161005;47.50679410892867;de;01.07.2008
Hochfelden;8182;00;4549;Hochfelden;59;ZH;100%;8.515611885417593;47.522291013333074;de;01.07.2008
Bachenbülach;8184;00;4550;Bachenbülach;51;ZH;100%;8.54771995;47.50448426258323;de;01.07.2008
Winkel;8185;00;4551;Winkel;72;ZH;100%;8.557177238221382;47.48836453474412;de;01.07.2008
Weiach;8187;00;4734;Weiach;102;ZH;100%;8.436494309307326;47.55673788620616;de;01.07.2008
Glattfelden;8192;00;4552;Glattfelden;58;ZH;99.10%;8.502511405600412;47.558390430055645;de;01.07.2008
Glattfelden;8192;00;4552;Bülach;53;ZH;0.66%;8.524359547863686;47.54879750760325;de;01.07.2008
Glattfelden;8192;00;4552;Hochfelden;59;ZH;0.24%;8.498254479942984;47.53949588069966;de;01.07.2008
Zweidlen;8192;01;4732;Glattfelden;58;ZH;100%;8.472155323489922;47.57031288595045;de;01.07.2008
Eglisau;8193;00;4554;Eglisau;55;ZH;99.84%;8.522780484049417;47.57558007399282;de;01.07.2008
Eglisau;8193;00;4554;Glattfelden;58;ZH;0.16%;8.495209601454546;47.578083188377796;de;01.07.2008
Hüntwangen;8194;00;4555;Hüntwangen;61;ZH;100%;8.492662790732783;47.595762417939554;de;01.07.2008
Wasterkingen;8195;00;4556;Wasterkingen;70;ZH;100%;8.471041880202192;47.59029040114662;de;01.07.2008
Wil ZH;8196;00;4557;Wil (ZH);71;ZH;99.90%;8.505868743904692;47.605121768585754;de;01.07.2008
Wil ZH;8196;00;4557;Wasterkingen;70;ZH;0.10%;8.478083479524319;47.61040185387933;de;01.07.2008
Rafz;8197;00;4558;Rafz;67;ZH;99.73%;8.539365969567521;47.61262495386117;de;01.07.2008
Rafz;8197;00;4558;Eglisau;55;ZH;0.17%;8.541863671437454;47.59201294022289;de;01.07.2008
Rafz;8197;00;4558;Wil (ZH);71;ZH;0.11%;8.534836401770077;47.59232241776096;de;01.07.2008
Schaffhausen;8200;00;4559;Schaffhausen;2939;SH;99.66%;8.634538575682125;47.70353397966679;de;01.07.2008
Schaffhausen;8200;00;4559;Neuhausen am Rheinfall;2937;SH;0.29%;8.623120980399447;47.691085929646945;de;01.07.2008
Schaffhausen;8200;00;4559;Büttenhardt;2914;SH;0.05%;8.631214847300598;47.74705490526093;de;01.07.2008
Schaffhausen;8203;00;4567;Schaffhausen;2939;SH;100%;8.655543535087018;47.69682206898204;de;01.07.2008
Schaffhausen;8207;00;4571;Schaffhausen;2939;SH;100%;8.659828495923835;47.722608662154336;de;01.07.2008
Schaffhausen;8208;00;4572;Schaffhausen;2939;SH;100%;8.636270623121998;47.71236647232321;de;01.07.2008
Neuhausen am Rheinfall;8212;00;4585;Neuhausen am Rheinfall;2937;SH;99.34%;8.615217719922544;47.68371896397347;de;01.07.2008
Neuhausen am Rheinfall;8212;00;4585;Schaffhausen;2939;SH;0.66%;8.620386911842342;47.69571882846708;de;01.07.2008
Nohl;8212;04;6133;Laufen-Uhwiesen;34;ZH;100%;8.607334625865546;47.66992032539888;de;01.07.2008
Neunkirch;8213;00;4588;Neunkirch;2904;SH;100%;8.498795036403866;47.68841021337539;de;01.07.2008
Gächlingen;8214;00;4589;Gächlingen;2901;SH;100%;8.499253506;47.70399272551593;de;01.07.2008
Hallau;8215;00;4590;Hallau;2971;SH;100%;8.458101395;47.696698048760894;de;01.07.2008
Oberhallau;8216;00;4591;Oberhallau;2972;SH;100%;8.477062784213723;47.70640560053643;de;01.07.2008
Wilchingen;8217;00;4592;Wilchingen;2974;SH;98.91%;8.466551699192113;47.670127148604884;de;01.07.2008
Wilchingen;8217;00;4592;Trasadingen;2973;SH;0.59%;8.447201177257138;47.65807378725138;de;01.07.2008
Wilchingen;8217;00;4592;Neunkirch;2904;SH;0.50%;8.465605527;47.68245739932415;de;01.07.2008
Osterfingen;8218;00;4594;Wilchingen;2974;SH;100%;8.487504978147449;47.66244773193463;de;01.07.2008
Trasadingen;8219;00;4574;Trasadingen;2973;SH;100%;8.430630899776304;47.66752535846923;de;01.07.2008
Beringen;8222;00;4595;Beringen;2932;SH;99.90%;8.579536400835137;47.69799783935832;de;01.07.2008
Beringen;8222;00;4595;Schaffhausen;2939;SH;0.11%;8.605183225901476;47.69437939745575;de;01.07.2008
Guntmadingen;8223;00;4596;Beringen;2932;SH;96.25%;8.557926814830113;47.68539128266522;de;01.07.2008
Guntmadingen;8223;00;4596;Neunkirch;2904;SH;2.08%;8.539212374027208;47.687296926557615;de;01.07.2008
Guntmadingen;8223;00;4596;Löhningen;2903;SH;1.67%;8.556609992;47.69178982212793;de;01.07.2008
Löhningen;8224;00;4597;Löhningen;2903;SH;98.63%;8.551947626762207;47.701934995463695;de;01.07.2008
Löhningen;8224;00;4597;Neunkirch;2904;SH;1.37%;8.525770943312038;47.698908931164986;de;01.07.2008
Siblingen;8225;00;4598;Siblingen;2953;SH;97.07%;8.521625855340757;47.71511892917872;de;01.07.2008
Siblingen;8225;00;4598;Gächlingen;2901;SH;2.93%;8.495778215076964;47.72680613101122;de;01.07.2008
Schleitheim;8226;00;4599;Schleitheim;2952;SH;98.75%;8.484102454711747;47.749144546056186;de;01.07.2008
Schleitheim;8226;00;4599;Beggingen;2951;SH;0.66%;8.510301504106742;47.76336827563964;de;01.07.2008
Schleitheim;8226;00;4599;Gächlingen;2901;SH;0.59%;8.509532513974396;47.73921782990925;de;01.07.2008
Beggingen;8228;00;4575;Beggingen;2951;SH;100%;8.535517224;47.76616425901711;de;01.07.2008
Hemmental;8231;00;4576;Schaffhausen;2939;SH;100%;8.584077214734036;47.73362384542852;de;01.07.2008
Merishausen;8232;00;4600;Merishausen;2936;SH;100%;8.609006618;47.75949434508541;de;01.07.2008
Bargen SH;8233;00;4601;Bargen (SH);2931;SH;100%;8.608624050221794;47.792254096714316;de;01.07.2008
Stetten SH;8234;00;4577;Stetten (SH);2919;SH;100%;8.661197796022687;47.73861293323775;de;01.07.2008
Lohn SH;8235;00;4578;Lohn (SH);2917;SH;100%;8.670896629063694;47.75545555558999;de;01.07.2008
Büttenhardt;8236;00;4580;Büttenhardt;2914;SH;100%;8.652823935100509;47.756023327191045;de;01.07.2008
Opfertshofen SH;8236;02;4579;Thayngen;2920;SH;100%;8.660682515464352;47.77634856914651;de;01.07.2008
Dörflingen;8239;00;4584;Dörflingen;2915;SH;100%;8.721696975237734;47.70749741;de;01.07.2008
Thayngen;8240;00;4602;Thayngen;2920;SH;100%;8.707765437262461;47.74893414454191;de;01.07.2008
Barzheim;8241;00;4603;Thayngen;2920;SH;100%;8.720960753515651;47.76018509627147;de;01.07.2008
Bibern SH;8242;00;4581;Thayngen;2920;SH;100%;8.678069792306458;47.7729988;de;01.07.2008
Hofen SH;8242;01;4582;Thayngen;2920;SH;100%;8.676336066;47.782721819548335;de;01.07.2008
Altdorf SH;8243;00;4583;Thayngen;2920;SH;100%;8.658660236644572;47.78469823072486;de;01.07.2008
Feuerthalen;8245;00;4604;Feuerthalen;27;ZH;100%;8.644700276002759;47.69045021741167;de;01.07.2008
Langwiesen;8246;00;4605;Feuerthalen;27;ZH;100%;8.660536569098635;47.68456435692332;de;01.07.2008
Flurlingen;8247;00;4606;Flurlingen;29;ZH;100%;8.629242689099632;47.68488925730904;de;01.07.2008
Uhwiesen;8248;00;4752;Laufen-Uhwiesen;34;ZH;100%;8.634794816941653;47.67122379228625;de;01.07.2008
Schlatt TG;8252;00;4609;Schlatt (TG);4546;TG;99.22%;8.699853506604756;47.66262042502788;de;01.07.2008
Schlatt TG;8252;00;4609;Diessenhofen;4545;TG;0.78%;8.707597297169885;47.676864305129904;de;01.07.2008
Diessenhofen;8253;00;4614;Diessenhofen;4545;TG;100%;8.750935799957743;47.68715823448149;de;01.07.2008
Willisdorf;8253;02;5991;Diessenhofen;4545;TG;100%;8.736255069647555;47.681116922814134;de;01.07.2008
Basadingen;8254;00;4610;Basadingen-Schlattingen;4536;TG;100%;8.747089780091818;47.668969672473025;de;01.07.2008
Schlattingen;8255;00;4615;Basadingen-Schlattingen;4536;TG;100%;8.770326491801105;47.66526961;de;01.07.2008
Kaltenbach;8259;00;4611;Wagenhausen;4871;TG;100%;8.840221927828587;47.651314650888814;de;01.07.2008
Etzwilen;8259;02;4617;Wagenhausen;4871;TG;100%;8.818184958074061;47.65978182;de;01.07.2008
Rheinklingen;8259;03;6016;Wagenhausen;4871;TG;100%;8.809384391199027;47.67316223408722;de;01.07.2008
Wagenhausen;8259;04;4619;Wagenhausen;4871;TG;100%;8.846995982116882;47.65976875638921;de;01.07.2008
Stein am Rhein;8260;00;4618;Stein am Rhein;2964;SH;100%;8.857877438179326;47.65991510308717;de;01.07.2008
Hemishofen;8261;00;4620;Hemishofen;2962;SH;100%;8.831723904;47.67695305284032;de;01.07.2008
Ramsen;8262;00;4621;Ramsen;2963;SH;100%;8.813570414;47.70720240012519;de;01.07.2008
Buch SH;8263;00;4622;Buch (SH);2961;SH;100%;8.783460987;47.71743964;de;01.07.2008
Eschenz;8264;00;4623;Eschenz;4806;TG;97.00%;8.871885166104898;47.648148646274635;de;01.07.2008
Eschenz;8264;00;4623;Mammern;4826;TG;3.00%;8.901379752185642;47.63356866738748;de;01.07.2008
Mammern;8265;00;4624;Mammern;4826;TG;100%;8.915005447751092;47.644037235722145;de;01.07.2008
Steckborn;8266;00;4625;Steckborn;4864;TG;100%;8.981967056361013;47.663144359457924;de;01.07.2008
Berlingen;8267;00;4626;Berlingen;4801;TG;100%;9.023612524;47.67277486200551;de;01.07.2008
Mannenbach-Salenstein;8268;00;4627;Salenstein;4851;TG;100%;9.051290509;47.67288854530925;de;01.07.2008
Salenstein;8268;02;6347;Salenstein;4851;TG;100%;9.058103112957852;47.66963641710427;de;01.07.2008
Fruthwilen;8269;00;4863;Salenstein;4851;TG;100%;9.067367556;47.661698950996964;de;01.07.2008
Ermatingen;8272;00;4628;Ermatingen;4646;TG;100%;9.082058387945425;47.669560723552266;de;01.07.2008
Triboltingen;8273;00;4629;Ermatingen;4646;TG;100%;9.108237013748719;47.66101048447863;de;01.07.2008
Tägerwilen;8274;00;4631;Tägerwilen;4696;TG;100%;9.132997674284463;47.65458883279942;de;01.07.2008
Gottlieben;8274;02;6002;Gottlieben;4651;TG;100%;9.133475188;47.66410804329446;de;01.07.2008
Kreuzlingen;8280;00;4632;Kreuzlingen;4671;TG;98.97%;9.173740257895282;47.64491046067056;de;01.07.2008
Kreuzlingen;8280;00;4632;Tägerwilen;4696;TG;1.01%;9.159171428030783;47.654149879509134;de;01.07.2008
Kreuzlingen;8280;00;4632;Bottighofen;4643;TG;0.02%;9.204470741840725;47.639949130372145;de;01.07.2008
Kloten;8302;00;4639;Kloten;62;ZH;100%;8.584013447;47.454029294774806;de;01.07.2008
Bassersdorf;8303;00;4640;Bassersdorf;52;ZH;100%;8.629546610744107;47.443009265811355;de;01.07.2008
Wallisellen;8304;00;4641;Wallisellen;69;ZH;100%;8.594772212328419;47.41634090953309;de;01.07.2008
Dietlikon;8305;00;4642;Dietlikon;54;ZH;100%;8.616531979624156;47.42230089323011;de;01.07.2008
Brüttisellen;8306;00;4643;Wangen-Brüttisellen;200;ZH;100%;8.631107856302998;47.423329829759076;de;01.07.2008
Effretikon;8307;00;4644;Illnau-Effretikon;296;ZH;99.92%;8.689704723203178;47.42726215334379;de;01.07.2008
Effretikon;8307;00;4644;Volketswil;199;ZH;0.09%;8.68258017;47.41223599279445;de;01.07.2008
Ottikon b. Kemptthal;8307;02;4653;Illnau-Effretikon;296;ZH;100%;8.718147047013911;47.43537945730504;de;01.07.2008
Illnau;8308;00;4646;Illnau-Effretikon;296;ZH;98.98%;8.721934954912026;47.40882826293512;de;01.07.2008
Illnau;8308;00;4646;Fehraltorf;172;ZH;1.02%;8.746854950518832;47.40485174415817;de;01.07.2008
Agasul;8308;02;4647;Illnau-Effretikon;296;ZH;91.67%;8.742341593139193;47.42507939134031;de;01.07.2008
Agasul;8308;02;4647;Weisslingen;180;ZH;8.33%;8.746565895940766;47.427073621394044;de;01.07.2008
Nürensdorf;8309;00;4648;Nürensdorf;64;ZH;99.90%;8.643284826745777;47.454803483540346;de;01.07.2008
Nürensdorf;8309;00;4648;Kloten;62;ZH;0.10%;8.626911471525764;47.463356214647554;de;01.07.2008
Kemptthal;8310;00;4649;Lindau;176;ZH;80.12%;8.703681529;47.44925635;de;01.07.2008
Kemptthal;8310;00;4649;Winterthur;230;ZH;19.88%;8.712147432268727;47.46167577483002;de;01.07.2008
Grafstal;8310;01;8834;Lindau;176;ZH;100%;8.699492442262793;47.443716065665264;de;01.07.2008
Brütten;8311;00;4652;Brütten;213;ZH;100%;8.676487123501532;47.47278499824109;de;01.07.2008
Winterberg ZH;8312;00;4651;Lindau;176;ZH;100%;8.694756804075544;47.454867667615304;de;01.07.2008
Kyburg;8314;00;4654;Illnau-Effretikon;296;ZH;100%;8.742890392223309;47.45397514;de;01.07.2008
Lindau;8315;00;4645;Lindau;176;ZH;100%;8.673807192361068;47.442500045287595;de;01.07.2008
Tagelswangen;8317;00;5680;Lindau;176;ZH;100%;8.672296556916482;47.43052558098559;de;01.07.2008
Fehraltorf;8320;00;4656;Fehraltorf;172;ZH;100%;8.753962482;47.38844431045454;de;01.07.2008
Madetswil;8322;00;4658;Russikon;178;ZH;99.63%;8.791851649;47.41214166786002;de;01.07.2008
Madetswil;8322;00;4658;Wildberg;182;ZH;0.37%;8.804734111191866;47.418403903156985;de;01.07.2008
Gündisau;8322;02;9223;Russikon;178;ZH;100%;8.808007648727079;47.39881788606334;de;01.05.2011
Pfäffikon ZH;8330;00;4659;Pfäffikon;177;ZH;100%;8.785980775;47.36813213556142;de;01.07.2008
Auslikon;8331;00;4660;Pfäffikon;177;ZH;100%;8.808229441138582;47.34458060089023;de;01.07.2008
Russikon;8332;00;4661;Russikon;178;ZH;100%;8.775095018;47.39499337377306;de;01.07.2008
Rumlikon;8332;02;9222;Russikon;178;ZH;100%;8.761015528;47.40844166605889;de;01.05.2011
Hittnau;8335;00;4662;Hittnau;173;ZH;100%;8.825733412159515;47.36622215312246;de;01.07.2008
Hinwil;8340;00;4665;Hinwil;117;ZH;99.40%;8.845717086325877;47.29965425174118;de;01.07.2008
Hinwil;8340;00;4665;Bäretswil;111;ZH;0.39%;8.851503983044887;47.32318064449313;de;01.07.2008
Hinwil;8340;00;4665;Dürnten;113;ZH;0.18%;8.851085233584975;47.28413362404625;de;01.07.2008
Hinwil;8340;00;4665;Fischenthal;114;ZH;0.03%;8.891286316713703;47.314635104695164;de;01.07.2008
Wernetshausen;8342;00;4666;Hinwil;117;ZH;100%;8.866582621;47.29710380966471;de;01.07.2008
Bäretswil;8344;00;4667;Bäretswil;111;ZH;100%;8.857692501659121;47.33674143654609;de;01.07.2008
Adetswil;8345;00;4668;Bäretswil;111;ZH;98.78%;8.841504248467656;47.33910734517627;de;01.07.2008
Adetswil;8345;00;4668;Wetzikon (ZH);121;ZH;1.22%;8.830212773344302;47.33493507440078;de;01.07.2008
Elsau;8352;00;4669;Elsau;219;ZH;100%;8.801212515580186;47.501418703292934;de;01.07.2008
Ricketwil (Winterthur);8352;02;8807;Winterthur;230;ZH;100%;8.800261401506942;47.486569726009385;de;01.07.2008
Elgg;8353;00;4670;Elgg;294;ZH;100%;8.866770037887806;47.494349734779846;de;01.07.2008
Hofstetten ZH;8354;00;4671;Elgg;294;ZH;97.22%;8.857896025651701;47.47068401561485;de;01.07.2008
Hofstetten ZH;8354;00;4671;Schlatt (ZH);226;ZH;2.78%;8.841328767;47.47229834022467;de;01.07.2008
Dickbuch;8354;01;9857;Elgg;294;ZH;100%;8.830760068;47.49631763416065;de;01.01.2018
Aadorf;8355;00;4672;Aadorf;4551;TG;96.81%;8.903193007810433;47.491079014637265;de;01.07.2008
Aadorf;8355;00;4672;Elgg;294;ZH;3.19%;8.892067666;47.49337817;de;01.07.2008
Ettenhausen TG;8356;00;4673;Aadorf;4551;TG;100%;8.898877333986206;47.47988019075309;de;01.07.2008
Guntershausen b. Aadorf;8357;00;4674;Aadorf;4551;TG;100%;8.918442383642772;47.47534076;de;01.07.2008
Eschlikon TG;8360;00;4676;Eschlikon;4724;TG;92.94%;8.967698976;47.46445419522322;de;01.07.2008
Eschlikon TG;8360;00;4676;Münchwilen (TG);4746;TG;7.06%;8.968739289464427;47.47295036139114;de;01.07.2008
Wallenwil;8360;02;6012;Eschlikon;4724;TG;100%;8.955868220864614;47.457548362902315;de;01.07.2008
Balterswil;8362;00;4678;Bichelsee-Balterswil;4721;TG;100%;8.936195879948697;47.454638277137065;de;01.07.2008
Bichelsee;8363;00;4679;Bichelsee-Balterswil;4721;TG;95.65%;8.922348784343422;47.44938337983521;de;01.07.2008
Bichelsee;8363;00;4679;Turbenthal;228;ZH;4.36%;8.915900762991113;47.43447017231032;de;01.07.2008
Sirnach;8370;00;4680;Sirnach;4761;TG;99.70%;8.994571979;47.46344815348765;de;01.07.2008
Sirnach;8370;00;4680;Eschlikon;4724;TG;0.30%;8.983680045;47.460211751129975;de;01.07.2008
Busswil TG;8371;00;9224;Sirnach;4761;TG;100%;9.014292220117783;47.45252115566172;de;01.07.2008
Wiezikon b. Sirnach;8372;00;4683;Sirnach;4761;TG;74.01%;8.985088128;47.450243615954086;de;01.07.2008
Wiezikon b. Sirnach;8372;00;4683;Fischingen;4726;TG;25.99%;8.979962525624217;47.44361018914258;de;01.07.2008
Dussnang;8374;00;4685;Fischingen;4726;TG;100%;8.957408202;47.43064888706904;de;01.07.2008
Oberwangen TG;8374;02;4684;Fischingen;4726;TG;100%;8.973207434972748;47.43008040435253;de;01.07.2008
Fischingen;8376;00;4686;Fischingen;4726;TG;90.31%;8.968629256203618;47.415163039398486;de;01.07.2008
Fischingen;8376;00;4686;Kirchberg (SG);3392;SG;9.69%;8.983899315671984;47.40885166018677;de;01.07.2008
Au TG;8376;02;4687;Fischingen;4726;TG;93.79%;8.948831507;47.39562362055513;de;01.07.2008
Au TG;8376;02;4687;Mosnang;3394;SG;6.21%;8.957749533195164;47.38361412281839;de;01.07.2008
Winterthur;8400;00;4690;Winterthur;230;ZH;100%;8.725985298365543;47.50074149328859;de;01.07.2008
Winterthur;8404;00;4706;Winterthur;230;ZH;100%;8.756484619546917;47.50915059862301;de;01.07.2008
Reutlingen (Winterthur);8404;02;4773;Winterthur;230;ZH;100%;8.751050901964096;47.527814156021556;de;01.07.2008
Stadel (Winterthur);8404;03;4842;Winterthur;230;ZH;100%;8.762517275641947;47.53495168256122;de;01.07.2008
Winterthur;8405;00;4708;Winterthur;230;ZH;99.67%;8.767722869;47.482342409024035;de;01.07.2008
Winterthur;8405;00;4708;Schlatt (ZH);226;ZH;0.34%;8.799785225;47.47263261;de;01.07.2008
Winterthur;8406;00;4710;Winterthur;230;ZH;100%;8.705331319417665;47.488484150500746;de;01.07.2008
Winterthur;8408;00;4712;Winterthur;230;ZH;100%;8.692488718993461;47.508889808267355;de;01.07.2008
Winterthur;8409;00;4713;Winterthur;230;ZH;100%;8.775033061419165;47.505528831555786;de;01.07.2008
Aesch (Neftenbach);8412;00;4716;Neftenbach;223;ZH;100%;8.679124693439467;47.54151445;de;01.07.2008
Riet (Neftenbach);8412;01;8890;Neftenbach;223;ZH;100%;8.687659304115103;47.53670043710733;de;01.07.2008
Hünikon (Neftenbach);8412;02;8891;Neftenbach;223;ZH;100%;8.668078459677416;47.55210218737639;de;01.07.2008
Neftenbach;8413;00;4717;Neftenbach;223;ZH;100%;8.666006574;47.52568823737116;de;01.07.2008
Buch am Irchel;8414;00;4718;Buch am Irchel;24;ZH;100%;8.620709037823854;47.551353752137125;de;01.07.2008
Berg am Irchel;8415;00;4719;Berg am Irchel;23;ZH;100%;8.595862380788963;47.56957587778093;de;01.07.2008
Gräslikon;8415;01;4720;Berg am Irchel;23;ZH;100%;8.605955387814728;47.557124991773186;de;01.07.2008
Flaach;8416;00;4721;Flaach;28;ZH;100%;8.606790514893667;47.57576253803161;de;01.07.2008
Schlatt ZH;8418;00;4722;Schlatt (ZH);226;ZH;100%;8.821216413;47.473844749187855;de;01.01.2016
Dättlikon;8421;00;4724;Dättlikon;215;ZH;100%;8.622693349334961;47.52533854581414;de;01.07.2008
Pfungen;8422;00;4723;Pfungen;224;ZH;100%;8.642948423;47.51494751505546;de;01.07.2008
Embrach;8424;00;4726;Embrach;56;ZH;100%;8.594604358929272;47.50690405332449;de;01.07.2008
Oberembrach;8425;00;4728;Oberembrach;65;ZH;100%;8.623510492774402;47.489323640151326;de;01.07.2008
Lufingen;8426;00;4729;Lufingen;63;ZH;100%;8.592985537;47.484927733261976;de;01.07.2008
Freienstein;8427;02;6067;Freienstein-Teufen;57;ZH;100%;8.585075167;47.53224715873897;de;01.07.2008
Rorbas;8427;03;6068;Rorbas;68;ZH;100%;8.575284507215317;47.53151611418516;de;01.07.2008
Teufen ZH;8428;00;4731;Freienstein-Teufen;57;ZH;98.93%;8.567745246959122;47.54984906383931;de;01.07.2008
Teufen ZH;8428;00;4731;Rorbas;68;ZH;1.08%;8.571305583679083;47.54360799319648;de;01.07.2008
Hettlingen;8442;00;4749;Hettlingen;221;ZH;100%;8.707930835866184;47.54679730193363;de;01.07.2008
Henggart;8444;00;4750;Henggart;31;ZH;100%;8.68236848;47.563750928624785;de;01.07.2008
Dachsen;8447;00;4751;Dachsen;25;ZH;97.27%;8.617173655;47.665665524006414;de;01.07.2008
Dachsen;8447;00;4751;Laufen-Uhwiesen;34;ZH;2.74%;8.614725859206008;47.67596186329692;de;01.07.2008
Andelfingen;8450;00;4753;Andelfingen;291;ZH;100%;8.677301525725678;47.593218042585335;de;01.07.2008
Kleinandelfingen;8451;00;4755;Kleinandelfingen;33;ZH;100%;8.685180059437783;47.599735750217526;de;01.07.2008
Adlikon b. Andelfingen;8452;00;4756;Andelfingen;291;ZH;100%;8.704975375;47.57685826938058;de;01.07.2008
Alten;8453;00;4754;Kleinandelfingen;33;ZH;100%;8.646093801;47.599051861375564;de;01.07.2008
Buchberg;8454;00;4761;Buchberg;2933;SH;100%;8.560544070396082;47.57310711282949;de;01.07.2008
Rüdlingen;8455;00;4762;Rüdlingen;2938;SH;99.43%;8.568820823503037;47.580420272280506;de;01.07.2008
Rüdlingen;8455;00;4762;Buchberg;2933;SH;0.57%;8.553017451966355;47.591919544472425;de;01.07.2008
Humlikon;8457;00;4758;Andelfingen;291;ZH;100%;8.669653013;47.57647035018875;de;01.07.2008
Dorf;8458;00;4759;Dorf;26;ZH;100%;8.647179333746427;47.57197556102417;de;01.07.2008
Volken;8459;00;4760;Volken;43;ZH;100%;8.625524753732593;47.574816723813655;de;01.07.2008
Marthalen;8460;00;4763;Marthalen;35;ZH;100%;8.651060896662331;47.62787269623105;de;01.07.2008
Oerlingen;8461;00;4767;Kleinandelfingen;33;ZH;100%;8.675573904;47.62463681345752;de;01.07.2008
Rheinau;8462;00;4770;Rheinau;38;ZH;100%;8.602633266;47.64078081594479;de;01.07.2008
Benken ZH;8463;00;4771;Benken (ZH);22;ZH;100%;8.654192509944176;47.653627186851445;de;01.07.2008
Ellikon am Rhein;8464;00;4764;Marthalen;35;ZH;97.80%;8.598082841;47.604920424458335;de;01.07.2008
Ellikon am Rhein;8464;00;4764;Rheinau;38;ZH;2.20%;8.608035867765107;47.603939058463546;de;01.07.2008
Rudolfingen;8465;00;4768;Trüllikon;40;ZH;100%;8.673939975895946;47.64016985021397;de;01.07.2008
Wildensbuch;8465;01;8835;Trüllikon;40;ZH;100%;8.676389178802483;47.652160448282245;de;01.07.2008
Trüllikon;8466;00;4769;Trüllikon;40;ZH;99.56%;8.691095837569447;47.63796223641263;de;01.07.2008
Trüllikon;8466;00;4769;Ossingen;37;ZH;0.44%;8.691246820246675;47.624072936178464;de;01.07.2008
Truttikon;8467;00;4782;Truttikon;41;ZH;100%;8.727022845944548;47.62954578222058;de;01.07.2008
Waltalingen;8468;00;4784;Stammheim;292;ZH;100%;8.777600112888944;47.621669500048625;de;01.07.2008
Guntalingen;8468;02;4783;Stammheim;292;ZH;100%;8.768577799014626;47.63379026174701;de;01.07.2008
Rutschwil (Dägerlen);8471;00;4779;Dägerlen;214;ZH;100%;8.730906997138295;47.55686953436795;de;01.07.2008
Dägerlen;8471;02;6134;Dägerlen;214;ZH;100%;8.722007651680977;47.560863216653765;de;01.07.2008
Oberwil (Dägerlen);8471;03;8840;Dägerlen;214;ZH;100%;8.716482778;47.573148284059165;de;01.07.2008
Berg (Dägerlen);8471;04;8841;Dägerlen;214;ZH;100%;8.732814435259298;47.563711373451646;de;01.07.2008
Bänk (Dägerlen);8471;05;8842;Dägerlen;214;ZH;100%;8.738719103;47.54813801028392;de;01.07.2008
Seuzach;8472;00;4772;Seuzach;227;ZH;100%;8.732593261391234;47.53500194881102;de;01.07.2008
Unterohringen;8472;01;;Seuzach;227;ZH;100%;8.711327036301487;47.53586157633128;de;01.01.2026
Oberohringen;8472;02;;Seuzach;227;ZH;100%;8.709665546;47.52703435069271;de;01.01.2026
Dinhard;8474;00;4774;Dinhard;216;ZH;100%;8.765166822478161;47.55911302217561;de;01.07.2008
Ossingen;8475;00;4775;Ossingen;37;ZH;100%;8.726000756575266;47.61210739778283;de;01.07.2008
Unterstammheim;8476;00;4776;Stammheim;292;ZH;99.70%;8.789967616454614;47.63868819539523;de;01.07.2008
Unterstammheim;8476;00;4776;Basadingen-Schlattingen;4536;TG;0.30%;8.776126345874765;47.649750111928206;de;01.07.2008
Oberstammheim;8477;00;4777;Stammheim;292;ZH;100%;8.798477585;47.632688223981496;de;01.07.2008
Thalheim an der Thur;8478;00;4780;Thalheim an der Thur;39;ZH;100%;8.746660723729425;47.58145580791344;de;01.07.2008
Altikon;8479;00;4781;Altikon;211;ZH;100%;8.782375177556474;47.57331173688912;de;01.07.2008
Sennhof (Winterthur);8482;00;4785;Winterthur;230;ZH;90.23%;8.758403226999844;47.46825458545038;de;01.07.2008
Sennhof (Winterthur);8482;00;4785;Illnau-Effretikon;296;ZH;9.77%;8.755741945920922;47.46685466692637;de;01.07.2008
Kollbrunn;8483;00;4786;Zell (ZH);231;ZH;90.31%;8.778737715975735;47.45817097506223;de;01.07.2008
Kollbrunn;8483;00;4786;Illnau-Effretikon;296;ZH;9.69%;8.765965052;47.44753286;de;01.07.2008
Weisslingen;8484;00;4787;Weisslingen;180;ZH;100%;8.767222997338337;47.43099393975865;de;01.07.2008
Neschwil;8484;02;4788;Weisslingen;180;ZH;100%;8.788567345717967;47.42947833434797;de;01.07.2008
Theilingen;8484;03;4789;Weisslingen;180;ZH;100%;8.767733674037082;47.421183086160944;de;01.07.2008
Rikon im Tösstal;8486;00;4790;Zell (ZH);231;ZH;97.96%;8.797146147546664;47.44618129225754;de;01.07.2008
Rikon im Tösstal;8486;00;4790;Weisslingen;180;ZH;2.04%;8.786061800716288;47.44780420129599;de;01.07.2008
Zell ZH;8487;00;4792;Zell (ZH);231;ZH;100%;8.821115390297237;47.44545645941978;de;01.07.2008
Rämismühle;8487;01;4791;Zell (ZH);231;ZH;100%;8.818953358;47.440831638412526;de;01.07.2008
Turbenthal;8488;00;4793;Turbenthal;228;ZH;99.72%;8.848699165548757;47.43853869;de;01.07.2008
Turbenthal;8488;00;4793;Wildberg;182;ZH;0.28%;8.832244214022738;47.43951180268487;de;01.07.2008
Wildberg;8489;00;4657;Wildberg;182;ZH;100%;8.817529018485564;47.426284959007155;de;01.07.2008
Schalchen;8489;01;9665;Wildberg;182;ZH;100%;8.826700748;47.40692473451548;de;01.03.2016
Ehrikon;8489;02;9668;Wildberg;182;ZH;100%;8.809543142293139;47.41884171764796;de;01.03.2016
Wila;8492;00;4794;Wila;181;ZH;88.45%;8.846582623450999;47.41817157841692;de;01.07.2008
Wila;8492;00;4794;Turbenthal;228;ZH;11.55%;8.870591904401255;47.41153469076621;de;01.07.2008
Saland;8493;00;4795;Bauma;297;ZH;96.24%;8.857269776709211;47.387509685289565;de;01.07.2008
Saland;8493;00;4795;Wila;181;ZH;3.76%;8.855472238112467;47.39861441;de;01.07.2008
Bauma;8494;00;4796;Bauma;297;ZH;99.89%;8.878938572815056;47.368341445722244;de;01.07.2008
Bauma;8494;00;4796;Fischenthal;114;ZH;0.11%;8.921103428681963;47.35993640054152;de;01.07.2008
Schmidrüti;8495;00;4801;Turbenthal;228;ZH;75%;8.903690128;47.41423234656148;de;01.07.2008
Schmidrüti;8495;00;4801;Fischingen;4726;TG;25%;8.918433408;47.42542409745411;de;01.07.2008
Steg im Tösstal;8496;00;4797;Fischenthal;114;ZH;99.88%;8.937746083832875;47.35102241451017;de;01.07.2008
Steg im Tösstal;8496;00;4797;Mosnang;3394;SG;0.12%;8.961398986627845;47.354631913348015;de;01.07.2008
Fischenthal;8497;00;4798;Fischenthal;114;ZH;99.69%;8.923191011811582;47.33316465319893;de;01.07.2008
Fischenthal;8497;00;4798;Wald (ZH);120;ZH;0.31%;8.932298277703145;47.31438038736537;de;01.07.2008
Gibswil;8498;00;4799;Fischenthal;114;ZH;62.33%;8.913275602943495;47.31339269078167;de;01.05.2012
Gibswil;8498;00;4799;Bäretswil;111;ZH;32.50%;8.901873683163966;47.32739167141704;de;01.05.2012
Gibswil;8498;00;4799;Hinwil;117;ZH;5.17%;8.897059371189831;47.31052223976007;de;01.05.2012
Sternenberg;8499;00;4802;Bauma;297;ZH;93.69%;8.911509188071143;47.38883688;de;01.07.2008
Sternenberg;8499;00;4802;Fischingen;4726;TG;6.31%;8.917555907126827;47.40051712;de;01.07.2008
Frauenfeld;8500;00;4805;Frauenfeld;4566;TG;91.11%;8.898456179;47.555896507552184;de;01.07.2008
Frauenfeld;8500;00;4805;Gachnang;4571;TG;7.47%;8.862489156;47.55355550701811;de;01.07.2008
Frauenfeld;8500;00;4805;Matzingen;4591;TG;0.73%;8.935534182410063;47.54472799;de;01.07.2008
Frauenfeld;8500;00;4805;Thundorf;4611;TG;0.44%;8.946062032052325;47.55897509829171;de;01.07.2008
Frauenfeld;8500;00;4805;Felben-Wellhausen;4561;TG;0.25%;8.943234327;47.56564141145783;de;01.07.2008
Gerlikon;8500;04;4807;Frauenfeld;4566;TG;99.28%;8.877733202201801;47.538480048699874;de;01.07.2008
Gerlikon;8500;04;4807;Hagenbuch;220;ZH;0.73%;8.874955215945038;47.527117494299276;de;01.07.2008
Pfyn;8505;00;4814;Pfyn;4841;TG;100%;8.955345488365673;47.596463380200596;de;01.07.2008
Dettighofen;8505;02;6014;Pfyn;4841;TG;100%;8.951303838603529;47.61702524592353;de;01.07.2008
Lanzenneunforn;8506;00;4816;Herdern;4811;TG;100%;8.936914171289104;47.62378741708401;de;01.07.2008
Hörhausen;8507;00;4818;Homburg;4816;TG;98.29%;8.969256282598003;47.636129416604206;de;01.07.2008
Hörhausen;8507;00;4818;Mammern;4826;TG;1.71%;8.931599830276973;47.64154924;de;01.07.2008
Homburg;8508;00;4820;Homburg;4816;TG;97.60%;8.997018094909494;47.628896590310845;de;01.07.2008
Homburg;8508;00;4820;Pfyn;4841;TG;2.41%;8.961284539412304;47.61249602502641;de;01.07.2008
Thundorf;8512;00;4821;Thundorf;4611;TG;100%;8.962927626105383;47.54746524011239;de;01.07.2008
Lustdorf;8512;02;4823;Thundorf;4611;TG;100%;8.988099571600731;47.551377195321386;de;01.07.2008
Wetzikon TG;8512;03;6010;Thundorf;4611;TG;100%;9.000579743526968;47.53794123;de;01.07.2008
Amlikon-Bissegg;8514;00;4826;Amlikon-Bissegg;4881;TG;91.93%;9.045142748991484;47.56325709;de;01.07.2008
Amlikon-Bissegg;8514;00;4826;Affeltrangen;4711;TG;8.07%;9.033033440925553;47.54549616121861;de;01.07.2008
Häuslenen;8522;00;4828;Aadorf;4551;TG;100%;8.902749641382046;47.52703033145439;de;01.07.2008
Aawangen;8522;02;6349;Aadorf;4551;TG;100%;8.900143920623645;47.51293149660371;de;01.07.2008
Hagenbuch ZH;8523;00;4829;Hagenbuch;220;ZH;97.42%;8.883261343695118;47.518531584625244;de;01.07.2008
Hagenbuch ZH;8523;00;4829;Elgg;294;ZH;2.58%;8.892959325870951;47.501714734154135;de;01.07.2008
Uesslingen;8524;00;4830;Uesslingen-Buch;4616;TG;100%;8.829533179045812;47.58234423943744;de;01.07.2008
Buch b. Frauenfeld;8524;02;4835;Uesslingen-Buch;4616;TG;100%;8.840770954805047;47.597086667690355;de;01.07.2008
Niederneunforn;8525;00;4832;Neunforn;4601;TG;100%;8.783044413739322;47.59553945917102;de;01.07.2008
Wilen b. Neunforn;8525;02;6049;Neunforn;4601;TG;56.64%;8.797079136838795;47.60147447061134;de;01.07.2008
Wilen b. Neunforn;8525;02;6049;Stammheim;292;ZH;43.36%;8.797853680230642;47.60315643880491;de;01.07.2008
Oberneunforn;8526;00;4833;Neunforn;4601;TG;100%;8.767825158707797;47.606418754939654;de;01.07.2008
Warth;8532;00;4834;Warth-Weiningen;4621;TG;100%;8.875911789680705;47.58408133442155;de;01.07.2008
Weiningen TG;8532;02;4836;Warth-Weiningen;4621;TG;98.80%;8.887021868287606;47.58829673;de;01.07.2008
Weiningen TG;8532;02;4836;Herdern;4811;TG;1.21%;8.901700810933093;47.59745840019066;de;01.07.2008
Herdern;8535;00;4837;Herdern;4811;TG;96.31%;8.90966179;47.606397805330474;de;01.07.2008
Herdern;8535;00;4837;Hüttwilen;4821;TG;3.69%;8.909683807588884;47.62445966604106;de;01.07.2008
Hüttwilen;8536;00;4838;Hüttwilen;4821;TG;98.38%;8.871149183308347;47.60909260526862;de;01.07.2008
Hüttwilen;8536;00;4838;Herdern;4811;TG;1.48%;8.890538755305524;47.60360740490628;de;01.07.2008
Hüttwilen;8536;00;4838;Warth-Weiningen;4621;TG;0.15%;8.875494994656467;47.597660107154226;de;01.07.2008
Nussbaumen TG;8537;00;4840;Hüttwilen;4821;TG;100%;8.829260920805426;47.62573919945999;de;01.07.2008
Uerschhausen;8537;02;6013;Hüttwilen;4821;TG;100%;8.817100531;47.60836224071078;de;01.07.2008
Wiesendangen;8542;00;4841;Wiesendangen;298;ZH;99.78%;8.787462576159855;47.52347398104392;de;01.07.2008
Wiesendangen;8542;00;4841;Winterthur;230;ZH;0.22%;8.780872676780815;47.532284797304705;de;01.07.2008
Bertschikon;8543;00;5894;Wiesendangen;298;ZH;100%;8.831455521;47.52590370059917;de;01.07.2008
Gundetswil;8543;01;8439;Wiesendangen;298;ZH;100%;8.822791245243424;47.539968093115135;de;01.07.2008
Kefikon ZH;8543;02;8833;Wiesendangen;298;ZH;100%;8.83099611;47.54790245376439;de;01.07.2008
Attikon;8544;00;4845;Wiesendangen;298;ZH;100%;8.797005997;47.53627946494225;de;01.07.2008
Rickenbach ZH;8545;00;4844;Rickenbach (ZH);225;ZH;100%;8.796131498;47.55195916823433;de;01.07.2008
Rickenbach Sulz;8545;01;8832;Rickenbach (ZH);225;ZH;99.53%;8.788553798778047;47.53976941687101;de;01.07.2008
Rickenbach Sulz;8545;01;8832;Winterthur;230;ZH;0.47%;8.781412141272922;47.534185506162096;de;01.07.2008
Islikon;8546;00;4847;Gachnang;4571;TG;100%;8.843616102851074;47.54533041032691;de;01.07.2008
Kefikon TG;8546;02;5992;Gachnang;4571;TG;100%;8.833662729;47.549273622831684;de;01.07.2008
Menzengrüt;8546;03;8237;Wiesendangen;298;ZH;100%;8.821465812344213;47.54926690791511;de;01.07.2008
Gachnang;8547;00;4848;Gachnang;4571;TG;100%;8.851712038627946;47.54003272150531;de;01.07.2008
Ellikon an der Thur;8548;00;4849;Ellikon an der Thur;218;ZH;100%;8.825875255190088;47.56294074;de;01.07.2008
Felben-Wellhausen;8552;00;4850;Felben-Wellhausen;4561;TG;100%;8.943349527455771;47.576740128990146;de;01.07.2008
Harenwilen;8553;02;5996;Hüttlingen;4590;TG;100%;9.001078808870455;47.57071407654515;de;01.07.2008
Mettendorf TG;8553;03;5997;Hüttlingen;4590;TG;100%;8.970070911376121;47.57771251;de;01.07.2008
Hüttlingen;8553;04;6063;Hüttlingen;4590;TG;100%;8.979560620559532;47.57809949757718;de;01.07.2008
Eschikofen;8553;05;5995;Hüttlingen;4590;TG;100%;9.005794799307115;47.580527396152746;de;01.07.2008
Müllheim-Wigoltingen;8554;00;4855;Wigoltingen;4951;TG;100%;9.013755075755462;47.58937895;de;01.07.2008
Bonau;8554;03;4856;Wigoltingen;4951;TG;96.43%;9.036198606757074;47.58402543326444;de;01.07.2008
Bonau;8554;03;4856;Amlikon-Bissegg;4881;TG;3.57%;9.024291641;47.578881576862344;de;01.07.2008
Müllheim Dorf;8555;00;4857;Müllheim;4831;TG;100%;9.002158533756894;47.60240827;de;01.07.2008
Wigoltingen;8556;00;4859;Wigoltingen;4951;TG;100%;9.032055810924374;47.59837620487175;de;01.07.2008
Engwang;8556;02;6028;Wigoltingen;4951;TG;100%;9.052736403;47.60057294941713;de;01.07.2008
Illhart;8556;03;6029;Wigoltingen;4951;TG;100%;9.039371912943803;47.61914477841678;de;01.07.2008
Lamperswil TG;8556;04;7964;Wigoltingen;4951;TG;100%;9.038399604062473;47.61205184386644;de;01.07.2008
Raperswilen;8558;00;4862;Raperswilen;4846;TG;97.83%;9.047626125508618;47.63642760948171;de;01.07.2008
Raperswilen;8558;00;4862;Wäldi;4701;TG;2.17%;9.059345016218563;47.63100225262933;de;01.07.2008
Märstetten;8560;00;4864;Märstetten;4941;TG;96.36%;9.066826278246767;47.58991420798353;de;01.07.2008
Märstetten;8560;00;4864;Wigoltingen;4951;TG;3.64%;9.07447009;47.60278715935413;de;01.07.2008
Ottoberg;8561;00;4869;Märstetten;4941;TG;100%;9.084987353128412;47.586392360334685;de;01.07.2008
Hefenhausen;8564;00;7442;Wäldi;4701;TG;100%;9.065167637895286;47.61692392465284;de;01.07.2008
Engwilen;8564;02;4873;Wäldi;4701;TG;89.27%;9.094802357666348;47.61756609;de;01.07.2008
Engwilen;8564;02;4873;Wigoltingen;4951;TG;10.73%;9.086938353289543;47.609393245444274;de;01.07.2008
Sonterswil;8564;03;6005;Wäldi;4701;TG;100%;9.078662469051697;47.62137558289157;de;01.07.2008
Wäldi;8564;04;4874;Wäldi;4701;TG;100%;9.093762338191912;47.633691825477555;de;01.07.2008
Lipperswil;8564;05;4860;Wäldi;4701;TG;100%;9.056415324024707;47.615670012560756;de;01.07.2008
Wagerswil;8564;06;7443;Wigoltingen;4951;TG;100%;9.064415474142931;47.60801098537449;de;01.07.2008
Hattenhausen;8564;07;7825;Wäldi;4701;TG;100%;9.066824125740414;47.624079036064934;de;01.07.2008
Gunterswilen;8564;08;7850;Wäldi;4701;TG;100%;9.077227074588938;47.63563561781343;de;01.07.2008
Hugelshofen;8565;00;4870;Kemmental;4666;TG;100%;9.116253528736287;47.598789921636616;de;01.07.2008
Neuwilen;8566;00;4872;Kemmental;4666;TG;100%;9.134677545235858;47.62096600377548;de;01.07.2008
Dotnacht;8566;02;4871;Kemmental;4666;TG;100%;9.143541958039261;47.59664676771045;de;01.07.2008
Ellighausen;8566;04;6000;Kemmental;4666;TG;100%;9.136339516233164;47.61344835683333;de;01.07.2008
Lippoldswilen;8566;05;6001;Kemmental;4666;TG;100%;9.112762815080593;47.61123628774948;de;01.07.2008
Weinfelden;8570;00;4876;Weinfelden;4946;TG;99.21%;9.11021859;47.56638475985471;de;01.07.2008
Weinfelden;8570;00;4876;Berg (TG);4891;TG;0.79%;9.140136260647239;47.56882802269928;de;01.07.2008
Berg TG;8572;00;4881;Berg (TG);4891;TG;100%;9.168564075367566;47.57889631357057;de;01.07.2008
Andhausen;8572;02;6019;Berg (TG);4891;TG;100%;9.177924937;47.57853133892621;de;01.07.2008
Graltshausen;8572;03;6020;Berg (TG);4891;TG;100%;9.181397208811422;47.59682165428084;de;01.07.2008
Guntershausen b. Berg;8572;04;6022;Berg (TG);4891;TG;100%;9.188129284235243;47.57310619392959;de;01.07.2008
Siegershausen;8573;00;4884;Kemmental;4666;TG;100%;9.168237977450785;47.61090808725133;de;01.07.2008
Alterswilen;8573;02;5998;Kemmental;4666;TG;100%;9.154869999479844;47.610126130531604;de;01.07.2008
Altishausen;8573;03;5999;Kemmental;4666;TG;100%;9.171037800101754;47.60091703;de;01.07.2008
Illighausen;8574;01;4886;Lengwil;4683;TG;100%;9.207411062;47.60401124931221;de;01.07.2008
Oberhofen TG;8574;02;6352;Lengwil;4683;TG;100%;9.193956070310213;47.61785326774745;de;01.08.2012
Lengwil;8574;03;9285;Lengwil;4683;TG;100%;9.193725330009782;47.62454958446677;de;01.08.2012
Dettighofen (Lengwil);8574;04;9286;Lengwil;4683;TG;100%;9.201747348807519;47.62049680777942;de;01.08.2012
Bürglen TG;8575;00;4888;Bürglen (TG);4911;TG;96.37%;9.153140822184096;47.55086959;de;01.07.2008
Bürglen TG;8575;00;4888;Bussnang;4921;TG;3.34%;9.134816774184868;47.535882357451506;de;01.07.2008
Bürglen TG;8575;00;4888;Weinfelden;4946;TG;0.29%;9.136355475614367;47.56116508972936;de;01.07.2008
Istighofen;8575;01;6025;Bürglen (TG);4911;TG;100%;9.147124232886824;47.53980359361545;de;01.07.2008
Mauren TG;8576;00;4889;Berg (TG);4891;TG;100%;9.155882892092329;47.56622087508253;de;01.07.2008
Schönholzerswilen;8577;00;4890;Schönholzerswilen;4756;TG;100%;9.139819890801723;47.51582006116323;de;01.07.2008
Amriswil;8580;00;4893;Amriswil;4461;TG;99.57%;9.297312021318579;47.54698193293973;de;01.07.2008
Amriswil;8580;00;4893;Salmsach;4441;TG;0.43%;9.326853993706958;47.54336443347385;de;01.07.2008
Sommeri;8580;03;4894;Sommeri;4446;TG;100%;9.286333967943737;47.56943211223769;de;01.07.2008
Hagenwil b. Amriswil;8580;05;4896;Amriswil;4461;TG;93.58%;9.307902637;47.52888187421725;de;01.07.2008
Hagenwil b. Amriswil;8580;05;4896;Muolen;3202;SG;6.42%;9.314908075786406;47.528282775490666;de;01.07.2008
Hefenhofen;8580;07;5986;Hefenhofen;4416;TG;100%;9.313700340183976;47.55879082367707;de;01.07.2008
Biessenhofen;8580;08;9346;Amriswil;4461;TG;100%;9.259927775437054;47.545992405690406;de;01.02.2014
Schocherswil;8581;00;4898;Amriswil;4461;TG;100%;9.267915760671091;47.53758104751837;de;01.07.2008
Dozwil;8582;00;4895;Dozwil;4406;TG;100%;9.319584325285863;47.5763191;de;01.07.2008
Sulgen;8583;00;4902;Sulgen;4506;TG;100%;9.186658367;47.53974448362786;de;01.07.2008
Götighofen;8583;01;4903;Sulgen;4506;TG;100%;9.215892179265708;47.53557524081206;de;01.07.2008
Donzhausen;8583;02;4904;Sulgen;4506;TG;100%;9.196591741690286;47.55407769093802;de;01.07.2008
Leimbach TG;8584;00;4906;Bürglen (TG);4911;TG;100%;9.187462718;47.560944801514324;de;01.07.2008
Opfershofen TG;8584;01;4907;Bürglen (TG);4911;TG;80.83%;9.174784780304238;47.56260177401884;de;01.07.2008
Opfershofen TG;8584;01;4907;Berg (TG);4891;TG;19.17%;9.171692390868804;47.568027590979376;de;01.07.2008
Mattwil;8585;01;4913;Birwinken;4901;TG;100%;9.206862750754873;47.57798556558936;de;01.07.2008
Happerswil;8585;02;4914;Birwinken;4901;TG;100%;9.223632942519723;47.57775551321957;de;01.07.2008
Langrickenbach;8585;04;4916;Langrickenbach;4681;TG;100%;9.246480633570783;47.58577669157405;de;01.07.2008
Zuben;8585;05;4917;Langrickenbach;4681;TG;100%;9.236892055771788;47.60730914408887;de;01.07.2008
Schönenbaumgarten;8585;07;6003;Langrickenbach;4681;TG;100%;9.230633278939502;47.613802079115636;de;01.07.2008
Herrenhof;8585;08;6004;Langrickenbach;4681;TG;100%;9.244536990064365;47.59742977171285;de;01.07.2008
Birwinken;8585;09;6021;Birwinken;4901;TG;100%;9.198605197490005;47.582348299651386;de;01.07.2008
Klarsreuti;8585;10;6023;Birwinken;4901;TG;100%;9.212790182;47.58667500381917;de;01.07.2008
Erlen;8586;00;4921;Erlen;4476;TG;100%;9.228154132343654;47.55018498596899;de;01.07.2008
Andwil TG;8586;02;4922;Birwinken;4901;TG;100%;9.215416977212918;47.56544933396201;de;01.07.2008
Kümmertshausen;8586;03;4923;Erlen;4476;TG;94.55%;9.242394303200024;47.56609409912475;de;01.07.2008
Kümmertshausen;8586;03;4923;Langrickenbach;4681;TG;5.45%;9.256432183507131;47.571965087616526;de;01.07.2008
Riedt b. Erlen;8586;05;4924;Erlen;4476;TG;100%;9.215518838486288;47.54466698842425;de;01.07.2008
Buchackern;8586;07;5987;Erlen;4476;TG;100%;9.231993313;47.53874557;de;01.07.2008
Engishofen;8586;08;5988;Erlen;4476;TG;100%;9.250698282681896;47.55742726925077;de;01.07.2008
Ennetaach;8586;09;5989;Erlen;4476;TG;100%;9.217198027001361;47.54958004498498;de;01.07.2008
Buch b. Kümmertshausen;8586;10;7444;Birwinken;4901;TG;100%;9.235701456;47.57059713342921;de;01.07.2008
Oberaach;8587;00;4925;Amriswil;4461;TG;100%;9.268186473932566;47.55739533956588;de;01.07.2008
Zihlschlacht;8588;00;4899;Zihlschlacht-Sitterdorf;4511;TG;100%;9.257365397779816;47.52122117635679;de;01.07.2008
Sitterdorf;8589;00;4900;Zihlschlacht-Sitterdorf;4511;TG;100%;9.247351394378075;47.50482498186639;de;01.07.2008
Romanshorn;8590;00;4926;Romanshorn;4436;TG;99.95%;9.369475396;47.56560267796752;de;01.07.2008
Romanshorn;8590;00;4926;Uttwil;4451;TG;0.05%;9.354837486112118;47.576560287788546;de;01.07.2008
Uttwil;8592;00;4931;Uttwil;4451;TG;100%;9.342776024978154;47.58314641910666;de;01.07.2008
Kesswil;8593;00;4932;Kesswil;4426;TG;100%;9.319920958177658;47.593316430471425;de;01.07.2008
Güttingen;8594;00;4933;Güttingen;4656;TG;100%;9.289633477693053;47.60534585997324;de;01.07.2008
Altnau;8595;00;4934;Altnau;4641;TG;100%;9.260673628693477;47.61265038575672;de;01.07.2008
Scherzingen;8596;00;4935;Münsterlingen;4691;TG;100%;9.225522024453637;47.63070309874391;de;01.07.2008
Münsterlingen;8596;01;8127;Münsterlingen;4691;TG;100%;9.233991019348018;47.63124704853328;de;01.07.2008
Landschlacht;8597;00;4937;Münsterlingen;4691;TG;100%;9.24687973;47.627142705169256;de;01.07.2008
Bottighofen;8598;00;4938;Bottighofen;4643;TG;99.76%;9.208454639465138;47.63688387474149;de;01.07.2008
Bottighofen;8598;00;4938;Kreuzlingen;4671;TG;0.24%;9.202409646;47.635608564896444;de;01.07.2008
Salmsach;8599;00;4930;Salmsach;4441;TG;100%;9.369181712966387;47.55350740194992;de;01.07.2008
Dübendorf;8600;00;4939;Dübendorf;191;ZH;99.66%;8.620626708;47.397189542852736;de;01.07.2008
Dübendorf;8600;00;4939;Schwerzenbach;197;ZH;0.18%;8.650007066370089;47.391227244910574;de;01.07.2008
Dübendorf;8600;00;4939;Dietlikon;54;ZH;0.16%;8.625491120842481;47.40800589041103;de;01.07.2008
Wangen b. Dübendorf;8602;00;4942;Wangen-Brüttisellen;200;ZH;100%;8.645599511712524;47.410676115984174;de;01.07.2008
Schwerzenbach;8603;00;4943;Schwerzenbach;197;ZH;99.83%;8.655906879826738;47.382178928468925;de;01.07.2008
Schwerzenbach;8603;00;4943;Dübendorf;191;ZH;0.17%;8.646763005898698;47.386025958428036;de;01.07.2008
Volketswil;8604;00;4944;Volketswil;199;ZH;100%;8.680118225563438;47.39018798344358;de;01.07.2008
Gutenswil;8605;00;4945;Volketswil;199;ZH;99.87%;8.717443478719346;47.38512123535691;de;01.07.2008
Gutenswil;8605;00;4945;Uster;198;ZH;0.13%;8.714997050092592;47.37698944064458;de;01.07.2008
Nänikon;8606;00;4946;Uster;198;ZH;100%;8.691019602937569;47.369893677129355;de;01.07.2008
Greifensee;8606;02;4947;Greifensee;194;ZH;100%;8.680634025020913;47.36742415580016;de;01.07.2008
Aathal-Seegräben;8607;00;4949;Seegräben;119;ZH;94.72%;8.765818682153702;47.335846522623534;de;01.07.2008
Aathal-Seegräben;8607;00;4949;Mönchaltorf;196;ZH;5.28%;8.75944846;47.32975759102335;de;01.07.2008
Bubikon;8608;00;4950;Bubikon;112;ZH;99.42%;8.817495497718836;47.26888738748429;de;01.07.2008
Bubikon;8608;00;4950;Dürnten;113;ZH;0.58%;8.830136526723871;47.26760197542951;de;01.07.2008
Uster;8610;00;4951;Uster;198;ZH;100%;8.718168265833276;47.34856461246473;de;01.07.2008
Bertschikon (Gossau ZH);8614;00;4955;Gossau (ZH);115;ZH;100%;8.758015198606294;47.32156095339018;de;01.07.2008
Sulzbach;8614;02;5736;Uster;198;ZH;100%;8.745375428336866;47.32834357945706;de;01.07.2008
Wermatswil;8615;00;4956;Uster;198;ZH;100%;8.742466528211772;47.36306341469869;de;01.07.2008
Freudwil;8615;02;8010;Uster;198;ZH;100%;8.733255390668866;47.37520302532365;de;01.07.2008
Riedikon;8616;00;4957;Uster;198;ZH;100%;8.712831585054504;47.331837977917274;de;01.07.2008
Mönchaltorf;8617;00;4958;Mönchaltorf;196;ZH;99.04%;8.721074053222955;47.309788418163436;de;01.07.2008
Mönchaltorf;8617;00;4958;Gossau (ZH);115;ZH;0.75%;8.735574920329533;47.30959554;de;01.07.2008
Mönchaltorf;8617;00;4958;Uster;198;ZH;0.21%;8.734996514;47.32701235403846;de;01.07.2008
Oetwil am See;8618;00;4959;Oetwil am See;157;ZH;99.41%;8.722587336079517;47.27208868884176;de;01.07.2008
Oetwil am See;8618;00;4959;Männedorf;155;ZH;0.59%;8.712404129853798;47.26573374655526;de;01.07.2008
Wetzikon ZH;8620;00;4960;Wetzikon (ZH);121;ZH;100%;8.793231207131361;47.324670192745444;de;01.07.2008
Wetzikon ZH;8623;00;4965;Wetzikon (ZH);121;ZH;99.79%;8.814916017644615;47.33238381;de;01.07.2008
Wetzikon ZH;8623;00;4965;Pfäffikon;177;ZH;0.21%;8.815543368;47.33823255650269;de;01.07.2008
Grüt (Gossau ZH);8624;00;4966;Gossau (ZH);115;ZH;100%;8.783585651351606;47.31047082940938;de;01.07.2008
Gossau ZH;8625;00;4967;Gossau (ZH);115;ZH;100%;8.760324263382502;47.30529730035746;de;01.07.2008
Ottikon (Gossau ZH);8626;00;4968;Gossau (ZH);115;ZH;100%;8.786248486908837;47.29283502310614;de;01.07.2008
Grüningen;8627;00;4969;Grüningen;116;ZH;99.75%;8.762640415;47.280847278262215;de;01.07.2008
Grüningen;8627;00;4969;Hombrechtikon;153;ZH;0.12%;8.778039947140996;47.26606016911303;de;01.07.2008
Grüningen;8627;00;4969;Gossau (ZH);115;ZH;0.12%;8.737271403615246;47.28839537973129;de;01.07.2008
Rüti ZH;8630;00;4970;Rüti (ZH);118;ZH;99.70%;8.854780171036188;47.25647060873757;de;01.07.2008
Rüti ZH;8630;00;4970;Rapperswil-Jona;3340;SG;0.22%;8.850999053;47.249895943258124;de;01.07.2008
Rüti ZH;8630;00;4970;Dürnten;113;ZH;0.08%;8.853955145;47.26373153166013;de;01.07.2008
Tann;8632;00;4971;Dürnten;113;ZH;100%;8.849812487043284;47.26699390258562;de;01.07.2008
Wolfhausen;8633;00;4972;Bubikon;112;ZH;99.34%;8.798607439587986;47.25687738685992;de;01.07.2008
Wolfhausen;8633;00;4972;Rapperswil-Jona;3340;SG;0.66%;8.818623916;47.24913678215154;de;01.07.2008
Hombrechtikon;8634;00;4973;Hombrechtikon;153;ZH;99.97%;8.770770803042973;47.25120231;de;01.07.2008
Hombrechtikon;8634;00;4973;Stäfa;158;ZH;0.04%;8.754515739350929;47.24243821904705;de;01.07.2008
Dürnten;8635;00;4974;Dürnten;113;ZH;100%;8.854975511120074;47.277788722243955;de;01.07.2008
Wald ZH;8636;00;4975;Wald (ZH);120;ZH;97.37%;8.914067074964079;47.27839693;de;01.07.2008
Wald ZH;8636;00;4975;Eschenbach (SG);3342;SG;2.44%;8.944958819175454;47.28725442;de;01.07.2008
Wald ZH;8636;00;4975;Rüti (ZH);118;ZH;0.11%;8.904697505819717;47.26838688373685;de;01.07.2008
Wald ZH;8636;00;4975;Dürnten;113;ZH;0.08%;8.890849891468193;47.270937163410046;de;01.07.2008
Laupen ZH;8637;00;4977;Wald (ZH);120;ZH;99.58%;8.929735087;47.26526786;de;01.07.2008
Laupen ZH;8637;00;4977;Eschenbach (SG);3342;SG;0.42%;8.938733577658809;47.26192145;de;01.07.2008
Goldingen;8638;00;4978;Eschenbach (SG);3342;SG;100%;8.967054714;47.27027563872795;de;01.07.2008
Rapperswil SG;8640;00;4979;Rapperswil-Jona;3340;SG;100%;8.823391969648034;47.228190848106884;de;01.07.2008
Hurden;8640;03;6624;Freienbach;1322;SZ;100%;8.797427408576825;47.21327764970418;de;01.07.2008
Jona;8645;00;4984;Rapperswil-Jona;3340;SG;100%;8.832885761989578;47.233698829599795;de;01.07.2008
Wagen;8646;00;4985;Rapperswil-Jona;3340;SG;100%;8.883658328146415;47.23376572471822;de;01.07.2008
Küsnacht ZH;8700;00;4986;Küsnacht (ZH);154;ZH;100%;8.588226689196944;47.320004238025646;de;01.07.2008
Zollikon;8702;00;4987;Zollikon;161;ZH;100%;8.575031822577378;47.34083316616149;de;01.07.2008
Erlenbach ZH;8703;00;4990;Erlenbach (ZH);151;ZH;99.89%;8.598813717452503;47.30316681922693;de;01.07.2008
Erlenbach ZH;8703;00;4990;Herrliberg;152;ZH;0.11%;8.604056295740776;47.29374071327229;de;01.07.2008
Herrliberg;8704;00;4991;Herrliberg;152;ZH;100%;8.614660524108483;47.289549116925585;de;01.07.2008
Meilen;8706;00;4992;Meilen;156;ZH;100%;8.644722399790716;47.27246189528317;de;01.07.2008
Uetikon am See;8707;00;4994;Uetikon am See;159;ZH;100%;8.681229242579196;47.26686567295022;de;01.07.2008
Männedorf;8708;00;4995;Männedorf;155;ZH;100%;8.696256387734298;47.25624968504832;de;01.07.2008
Stäfa;8712;00;4996;Stäfa;158;ZH;100%;8.726845237415931;47.24258902581812;de;01.07.2008
Uerikon;8713;00;4997;Stäfa;158;ZH;100%;8.755211068273129;47.23741957805872;de;01.07.2008
Feldbach;8714;00;4998;Hombrechtikon;153;ZH;97.88%;8.789124353130967;47.24240654122331;de;01.07.2008
Feldbach;8714;00;4998;Rapperswil-Jona;3340;SG;2.12%;8.804251049;47.246600259039774;de;01.07.2008
Bollingen;8715;00;4999;Rapperswil-Jona;3340;SG;100%;8.891063305010892;47.220475201883986;de;01.07.2008
Schmerikon;8716;00;5000;Schmerikon;3338;SG;99.62%;8.946132998200456;47.22677549998969;de;01.07.2008
Schmerikon;8716;00;5000;Uznach;3339;SG;0.38%;8.961042511450653;47.22861252;de;01.07.2008
Benken SG;8717;00;5001;Benken (SG);3312;SG;99.82%;9.006136797;47.19504451938219;de;01.07.2008
Benken SG;8717;00;5001;Kaltbrunn;3313;SG;0.18%;9.006906636832083;47.20644157448197;de;01.07.2008
Schänis;8718;00;5002;Schänis;3315;SG;100%;9.048676508448317;47.15954129742684;de;01.07.2008
Kaltbrunn;8722;00;5003;Kaltbrunn;3313;SG;99.41%;9.026423303130235;47.21371309388966;de;01.07.2008
Kaltbrunn;8722;00;5003;Schänis;3315;SG;0.59%;9.052272906385275;47.20225189905043;de;01.07.2008
Rufi;8723;00;5004;Schänis;3315;SG;100%;9.053466030533139;47.182316665734774;de;01.07.2008
Maseltrangen;8723;02;9111;Schänis;3315;SG;100%;9.05628143;47.192506284498826;de;01.07.2010
Ernetschwil;8725;00;5005;Gommiswald;3341;SG;99.77%;9.000315090347268;47.237937693299244;de;01.07.2008
Ernetschwil;8725;00;5005;Uznach;3339;SG;0.23%;8.988710633411333;47.23406408062228;de;01.07.2008
Gebertingen;8725;02;6428;Gommiswald;3341;SG;98.50%;9.006100948394616;47.25370172845218;de;01.07.2008
Gebertingen;8725;02;6428;Eschenbach (SG);3342;SG;1.50%;8.996353826642775;47.25037663256724;de;01.07.2008
Ricken SG;8726;00;5006;Gommiswald;3341;SG;60.87%;9.036542493315917;47.25982394319099;de;01.07.2008
Ricken SG;8726;00;5006;Wattwil;3379;SG;39.13%;9.054456215368162;47.26837265;de;01.07.2008
Walde SG;8727;00;5007;Eschenbach (SG);3342;SG;100%;9.016354976;47.27071782702946;de;01.07.2008
Uznach;8730;00;5008;Uznach;3339;SG;98.05%;8.983943184115356;47.22586948356946;de;01.07.2008
Uznach;8730;00;5008;Schmerikon;3338;SG;0.95%;8.956150516134931;47.233299836362804;de;01.07.2008
Uznach;8730;00;5008;Gommiswald;3341;SG;0.48%;9.005246079483129;47.22996289013186;de;01.07.2008
Uznach;8730;00;5008;Tuggen;1347;SZ;0.52%;8.969603676912142;47.215814172802816;de;01.07.2008
Neuhaus SG;8732;00;5009;Eschenbach (SG);3342;SG;100%;8.943316526772044;47.2440042;de;01.07.2008
Eschenbach SG;8733;00;5010;Eschenbach (SG);3342;SG;100%;8.921216092;47.24165486132913;de;01.07.2008
Ermenswil;8734;00;5011;Eschenbach (SG);3342;SG;92.14%;8.885452155639236;47.245869993109864;de;01.07.2008
Ermenswil;8734;00;5011;Rapperswil-Jona;3340;SG;7.86%;8.882667285033902;47.24010243236517;de;01.07.2008
St. Gallenkappel;8735;00;5012;Eschenbach (SG);3342;SG;100%;8.967074143449025;47.24602146430112;de;01.07.2008
Rüeterswil;8735;02;5013;Eschenbach (SG);3342;SG;100%;8.985526459609849;47.263228002053864;de;01.07.2008
Gommiswald;8737;00;5014;Gommiswald;3341;SG;100%;9.022872472739081;47.232897502641734;de;01.07.2008
Uetliburg SG;8738;00;5015;Gommiswald;3341;SG;100%;9.033038557863128;47.23718346872079;de;01.07.2008
Rieden SG;8739;00;5016;Gommiswald;3341;SG;100%;9.05092954;47.222926826271156;de;01.07.2008
Glarus;8750;00;5018;Glarus;1632;GL;99.83%;9.064832178;47.04186032008847;de;01.07.2008
Glarus;8750;00;5018;Glarus Süd;1631;GL;0.17%;9.075948900179933;47.02835070732501;de;01.07.2008
Riedern;8750;02;5019;Glarus;1632;GL;100%;9.051080254480574;47.04935087719365;de;01.07.2008
Klöntal;8750;03;5020;Glarus;1632;GL;98.72%;8.939791998338125;47.020316727241905;de;01.07.2008
Klöntal;8750;03;5020;Muotathal;1367;SZ;1.28%;8.896437451;47.018590748612596;de;01.07.2008
Urnerboden;8751;00;5022;Spiringen;1218;UR;100%;8.908370446;46.892349121063454;de;01.07.2008
Näfels;8752;00;5023;Glarus Nord;1630;GL;100%;9.059036882325973;47.098334755645986;de;01.07.2008
Mollis;8753;00;5025;Glarus Nord;1630;GL;100%;9.075341980193347;47.09297537838306;de;01.07.2008
Netstal;8754;00;5026;Glarus;1632;GL;99.88%;9.055478506517508;47.061632746868966;de;01.07.2008
Netstal;8754;00;5026;Glarus Nord;1630;GL;0.12%;9.066516049788687;47.070014818424774;de;01.07.2008
Ennenda;8755;00;5027;Glarus;1632;GL;99.47%;9.078179771637418;47.03590331590717;de;01.07.2008
Ennenda;8755;00;5027;Glarus Süd;1631;GL;0.53%;9.076678099754236;47.029392946770315;de;01.07.2008
Mitlödi;8756;00;5028;Glarus Süd;1631;GL;100%;9.079571284593715;47.01127657997203;de;01.07.2008
Filzbach;8757;00;5107;Glarus Nord;1630;GL;100%;9.129226704205209;47.12022048;de;01.07.2008
Obstalden;8758;00;5106;Glarus Nord;1630;GL;100%;9.154853991598213;47.114586337555835;de;01.07.2008
Schwanden GL;8762;00;5029;Glarus Süd;1631;GL;100%;9.071468706;46.994423821350296;de;01.07.2008
Schwändi b. Schwanden;8762;02;5030;Glarus Süd;1631;GL;100%;9.067121150777066;47.00672161710018;de;01.07.2008
Sool;8762;03;5031;Glarus Süd;1631;GL;100%;9.086913353781247;46.99979000011645;de;01.07.2008
Engi;8765;00;5032;Glarus Süd;1631;GL;100%;9.152728476401295;46.98313373768652;de;01.07.2008
Matt;8766;00;5034;Glarus Süd;1631;GL;100%;9.175817713;46.96087757811101;de;01.07.2008
Elm;8767;00;5035;Glarus Süd;1631;GL;100%;9.163735600782045;46.91899745;de;01.07.2008
Nidfurn;8772;00;5037;Glarus Süd;1631;GL;100%;9.055066428;46.986405988345965;de;01.07.2008
Haslen GL;8773;00;5039;Glarus Süd;1631;GL;100%;9.058805214425597;46.98046914;de;01.07.2008
Leuggelbach;8774;00;5947;Glarus Süd;1631;GL;100%;9.044942866418861;46.97674155653737;de;01.07.2008
Luchsingen;8775;01;5040;Glarus Süd;1631;GL;100%;9.034996408668734;46.96716376689049;de;01.07.2008
Hätzingen;8775;02;5042;Glarus Süd;1631;GL;100%;9.037024127380969;46.96110749758891;de;01.07.2008
Diesbach GL;8777;00;5044;Glarus Süd;1631;GL;100%;9.031429441696288;46.95147762185381;de;01.07.2008
Betschwanden;8777;02;5946;Glarus Süd;1631;GL;100%;9.026525002972809;46.94602154197037;de;01.07.2008
Rüti GL;8782;00;5045;Glarus Süd;1631;GL;100%;9.014683037;46.935550630351315;de;01.07.2008
Linthal;8783;00;5046;Glarus Süd;1631;GL;100%;8.994951484523089;46.91413773995527;de;01.07.2008
Braunwald;8784;00;5047;Glarus Süd;1631;GL;100%;8.997578442878673;46.94269441470419;de;01.07.2008
Thalwil;8800;00;5049;Thalwil;141;ZH;100%;8.562064129550402;47.29314092380106;de;01.07.2008
Kilchberg ZH;8802;00;5050;Kilchberg (ZH);135;ZH;100%;8.543937001705851;47.323783231644434;de;01.07.2008
Rüschlikon;8803;00;5051;Rüschlikon;139;ZH;99.94%;8.552673834938032;47.306940938105306;de;01.07.2008
Rüschlikon;8803;00;5051;Kilchberg (ZH);135;ZH;0.06%;8.554265541444769;47.315390164342695;de;01.07.2008
Au ZH;8804;00;5052;Wädenswil;293;ZH;100%;8.647079774028695;47.242886584051696;de;01.07.2008
Richterswil;8805;00;5053;Richterswil;138;ZH;100%;8.698606285211747;47.207430909783334;de;01.07.2008
Bäch SZ;8806;00;5055;Freienbach;1322;SZ;68.99%;8.734811308268846;47.20450114314155;de;01.07.2008
Bäch SZ;8806;00;5055;Wollerau;1323;SZ;31.01%;8.720027134084368;47.20009673919331;de;01.07.2008
Freienbach;8807;00;5056;Freienbach;1322;SZ;100%;8.755871559759445;47.20473888060925;de;01.07.2008
Pfäffikon SZ;8808;00;5057;Freienbach;1322;SZ;100%;8.776862018339603;47.19953999595525;de;01.07.2008
Horgen;8810;00;5058;Horgen;295;ZH;100%;8.600757030908564;47.25515631457237;de;01.07.2008
Horgenberg;8815;00;5062;Horgen;295;ZH;100%;8.585737258807914;47.247282778240184;de;01.07.2008
Hirzel;8816;00;5063;Horgen;295;ZH;100%;8.607708853374657;47.216009072077064;de;01.07.2008
Wädenswil;8820;00;5064;Wädenswil;293;ZH;100%;8.668264599957078;47.22610130825884;de;01.07.2008
Schönenberg ZH;8824;00;5066;Wädenswil;293;ZH;100%;8.644745966624434;47.195089831805014;de;01.07.2008
Hütten;8825;00;5067;Wädenswil;293;ZH;100%;8.664071729;47.17627335851206;de;01.07.2008
Wollerau;8832;00;5068;Wollerau;1323;SZ;99.63%;8.713248671;47.19535919604758;de;01.07.2008
Wollerau;8832;00;5068;Freienbach;1322;SZ;0.14%;8.751516479324604;47.196179505770566;de;01.07.2008
Wollerau;8832;00;5068;Feusisberg;1321;SZ;0.23%;8.714437334062596;47.185990289254384;de;01.07.2008
Wilen b. Wollerau;8832;02;6218;Freienbach;1322;SZ;100%;8.734371927106439;47.19726437686816;de;01.07.2008
Samstagern;8833;00;5069;Richterswil;138;ZH;99.22%;8.680405150331998;47.19391003756029;de;01.07.2008
Samstagern;8833;00;5069;Wollerau;1323;SZ;0.78%;8.694602562582743;47.19546520826327;de;01.07.2008
Schindellegi;8834;00;5070;Feusisberg;1321;SZ;96.46%;8.713482484560668;47.17803948191513;de;01.07.2008
Schindellegi;8834;00;5070;Wollerau;1323;SZ;3.54%;8.691864336087782;47.176612721221865;de;01.07.2008
Feusisberg;8835;00;5071;Feusisberg;1321;SZ;100%;8.747023365027024;47.18569639479823;de;01.07.2008
Bennau;8836;00;5072;Einsiedeln;1301;SZ;90.90%;8.726138636001638;47.14858065229244;de;01.07.2008
Bennau;8836;00;5072;Oberägeri;1706;ZG;5.06%;8.691004415062272;47.148896657584544;de;01.07.2008
Bennau;8836;00;5072;Feusisberg;1321;SZ;4.05%;8.72194093;47.15554549550631;de;01.07.2008
Einsiedeln;8840;00;5074;Einsiedeln;1301;SZ;100%;8.746315962192764;47.130315856888785;de;01.07.2008
Trachslau;8840;02;5076;Einsiedeln;1301;SZ;100%;8.726712298;47.10282923859402;de;01.07.2008
Gross;8841;00;5080;Einsiedeln;1301;SZ;100%;8.772979766032362;47.11484193305534;de;01.07.2008
Unteriberg;8842;00;5083;Unteriberg;1375;SZ;92.59%;8.803399566199452;47.05864472577676;de;01.07.2008
Unteriberg;8842;00;5083;Oberiberg;1368;SZ;6.84%;8.824058576;47.01462527131463;de;01.07.2008
Unteriberg;8842;00;5083;Schwyz;1372;SZ;0.56%;8.776108061429431;47.000003869002065;de;01.07.2008
Oberiberg;8843;00;5085;Oberiberg;1368;SZ;94.12%;8.778771081661572;47.03977271479845;de;01.07.2008
Oberiberg;8843;00;5085;Schwyz;1372;SZ;5.88%;8.733485417658846;47.01293493807687;de;01.07.2008
Euthal;8844;00;5081;Einsiedeln;1301;SZ;99.23%;8.814555875478367;47.09581035326207;de;01.07.2008
Euthal;8844;00;5081;Unteriberg;1375;SZ;0.77%;8.852982754611963;47.07082849344718;de;01.07.2008
Studen SZ;8845;00;5082;Unteriberg;1375;SZ;100%;8.842717352562154;47.06952404988756;de;01.07.2008
Willerzell;8846;00;5078;Einsiedeln;1301;SZ;98.98%;8.797277788486255;47.13084038353383;de;01.07.2008
Willerzell;8846;00;5078;Altendorf;1341;SZ;1.02%;8.826701014997797;47.14966883552387;de;01.07.2008
Egg SZ;8847;00;5079;Einsiedeln;1301;SZ;99.40%;8.778222478989942;47.15953673748149;de;01.07.2008
Egg SZ;8847;00;5079;Feusisberg;1321;SZ;0.60%;8.755732279238375;47.172291957682255;de;01.07.2008
Alpthal;8849;00;5077;Alpthal;1361;SZ;100%;8.709235174190972;47.055875138282424;de;01.07.2008
Altendorf;8852;00;5086;Altendorf;1341;SZ;100%;8.825703767808296;47.18903909018979;de;01.07.2008
Lachen SZ;8853;00;5087;Lachen;1344;SZ;98.75%;8.855402769261831;47.191771982970245;de;01.07.2008
Lachen SZ;8853;00;5087;Wangen (SZ);1349;SZ;0.68%;8.862444674887396;47.202354315817146;de;01.07.2008
Lachen SZ;8853;00;5087;Galgenen;1342;SZ;0.57%;8.862109289922472;47.185381162403495;de;01.07.2008
Siebnen;8854;00;5088;Schübelbach;1346;SZ;51.38%;8.903763036990656;47.17411848921094;de;01.07.2008
Siebnen;8854;00;5088;Galgenen;1342;SZ;25.28%;8.892458652211342;47.174198923236176;de;01.07.2008
Siebnen;8854;00;5088;Wangen (SZ);1349;SZ;23.34%;8.896921189;47.18012498067187;de;01.07.2008
Galgenen;8854;02;5089;Galgenen;1342;SZ;100%;8.873398509409164;47.17729901059966;de;01.07.2008
Wangen SZ;8855;00;5090;Wangen (SZ);1349;SZ;93.88%;8.891740237581129;47.192920241924625;de;01.07.2008
Wangen SZ;8855;00;5090;Tuggen;1347;SZ;5.62%;8.912757047;47.192652958899956;de;01.07.2008
Wangen SZ;8855;00;5090;Schübelbach;1346;SZ;0.51%;8.910085751086354;47.18382578996203;de;01.07.2008
Tuggen;8856;00;5091;Tuggen;1347;SZ;100%;8.941838936090917;47.20182189559397;de;01.07.2008
Vorderthal;8857;00;5092;Vorderthal;1348;SZ;100%;8.898389149123304;47.12561546477299;de;01.07.2008
Innerthal;8858;00;5093;Innerthal;1343;SZ;100%;8.920686896043545;47.055070812487465;de;01.07.2008
Schübelbach;8862;00;5094;Schübelbach;1346;SZ;100%;8.929444872655155;47.1739235;de;01.07.2008
Buttikon SZ;8863;00;5096;Schübelbach;1346;SZ;99.17%;8.951076960231092;47.17421691;de;01.07.2008
Buttikon SZ;8863;00;5096;Benken (SG);3312;SG;0.83%;8.962384385737025;47.17979843008086;de;01.07.2008
Reichenburg;8864;00;5097;Reichenburg;1345;SZ;100%;8.979522538856761;47.16919723411668;de;01.07.2008
Bilten;8865;00;5098;Glarus Nord;1630;GL;100%;9.023082392439127;47.15045030200429;de;01.07.2008
Ziegelbrücke;8866;00;5099;Glarus Nord;1630;GL;69.65%;9.060054282491919;47.13368679123157;de;01.07.2008
Ziegelbrücke;8866;00;5099;Schänis;3315;SG;30.35%;9.061697646977505;47.13657854800661;de;01.07.2008
Niederurnen;8867;00;5100;Glarus Nord;1630;GL;100%;9.053715925908909;47.12592186081228;de;01.07.2008
Oberurnen;8868;00;5101;Glarus Nord;1630;GL;100%;9.059685773808908;47.11498769429699;de;01.07.2008
Weesen;8872;00;5102;Weesen;3316;SG;66.92%;9.097567953;47.13557166011155;de;01.07.2008
Weesen;8872;00;5102;Amden;3311;SG;21.72%;9.108715819548554;47.14161760417766;de;01.07.2008
Weesen;8872;00;5102;Glarus Nord;1630;GL;11.36%;9.091161952899997;47.12879035025495;de;01.07.2008
Amden;8873;00;5104;Amden;3311;SG;100%;9.152792782973098;47.149417443900816;de;01.07.2008
Mühlehorn;8874;00;5105;Glarus Nord;1630;GL;100%;9.176434925750929;47.11396506438374;de;01.07.2008
Murg;8877;00;5108;Quarten;3295;SG;100%;9.213218345926515;47.110775662376014;de;01.07.2008
Quinten;8878;00;5109;Quarten;3295;SG;97.74%;9.216326913;47.130179489909935;de;01.07.2008
Quinten;8878;00;5109;Walenstadt;3298;SG;2.26%;9.252105083382341;47.13051125334588;de;01.07.2008
Walenstadt;8880;00;5110;Walenstadt;3298;SG;100%;9.315230958739766;47.12379349034804;de;01.07.2008
Walenstadtberg;8881;01;5112;Walenstadt;3298;SG;100%;9.285175173411798;47.13754244232599;de;01.07.2008
Tscherlach;8881;06;5114;Walenstadt;3298;SG;100%;9.335640888910168;47.11868970478337;de;01.07.2008
Unterterzen;8882;00;5115;Quarten;3295;SG;100%;9.250054436132311;47.11237812887819;de;01.07.2008
Quarten;8883;00;5116;Quarten;3295;SG;100%;9.239187478472338;47.106673738194665;de;01.07.2008
Oberterzen;8884;00;5117;Quarten;3295;SG;100%;9.259061949581076;47.10015237056911;de;01.07.2008
Mols;8885;00;5118;Quarten;3295;SG;100%;9.280715915314723;47.11180064496079;de;01.07.2008
Mädris-Vermol;8886;00;5121;Mels;3293;SG;100%;9.380066722;47.04649697327164;de;01.07.2008
Mels;8887;00;5119;Mels;3293;SG;100%;9.420647182398135;47.045704205719716;de;01.07.2008
Heiligkreuz (Mels);8888;00;5123;Mels;3293;SG;99.18%;9.414045745067673;47.05838804177474;de;01.07.2008
Heiligkreuz (Mels);8888;00;5123;Sargans;3296;SG;0.59%;9.420633835351637;47.05602499312402;de;01.07.2008
Heiligkreuz (Mels);8888;00;5123;Flums;3292;SG;0.24%;9.391513582515564;47.07308908462736;de;01.07.2008
Plons;8889;00;5122;Mels;3293;SG;100%;9.394997761590274;47.05849836779667;de;01.07.2008
Flums;8890;00;5124;Flums;3292;SG;99.58%;9.343088922088855;47.092770545399105;de;01.07.2008
Flums;8890;00;5124;Walenstadt;3298;SG;0.42%;9.347388462368368;47.10029311843132;de;01.07.2008
Berschis;8892;00;5125;Walenstadt;3298;SG;99.29%;9.345405962576148;47.106786288955156;de;01.07.2008
Berschis;8892;00;5125;Flums;3292;SG;0.71%;9.358366022108498;47.09959730782963;de;01.07.2008
Flums Hochwiese;8893;00;5126;Flums;3292;SG;99.73%;9.369428546992042;47.08481770231818;de;01.07.2008
Flums Hochwiese;8893;00;5126;Walenstadt;3298;SG;0.28%;9.375918399;47.087974549260906;de;01.07.2008
Flumserberg Saxli;8894;00;5127;Flums;3292;SG;100%;9.351945354215758;47.07330547;de;01.07.2008
Flumserberg Portels;8895;00;5128;Flums;3292;SG;100%;9.334328863575722;47.07940114501891;de;01.07.2008
Flumserberg Bergheim;8896;00;5129;Flums;3292;SG;95.41%;9.313694051656126;47.093839059860834;de;01.07.2008
Flumserberg Bergheim;8896;00;5129;Quarten;3295;SG;4.25%;9.287810878;47.099720139703294;de;01.07.2008
Flumserberg Bergheim;8896;00;5129;Walenstadt;3298;SG;0.34%;9.306684087;47.10439033948977;de;01.07.2008
Flumserberg Tannenheim;8897;00;5130;Flums;3292;SG;100%;9.303239194708462;47.08682029808894;de;01.07.2008
Flumserberg Tannenbodenalp;8898;00;5131;Quarten;3295;SG;90.21%;9.281937471157583;47.093687319941466;de;01.07.2008
Flumserberg Tannenbodenalp;8898;00;5131;Flums;3292;SG;9.79%;9.254687290326604;47.06488379434734;de;01.07.2008
Urdorf;8902;00;5132;Urdorf;250;ZH;98.53%;8.425373744092457;47.38652771064489;de;01.07.2008
Urdorf;8902;00;5132;Schlieren;247;ZH;1.47%;8.434732692;47.39051312406258;de;01.07.2008
Birmensdorf ZH;8903;00;5133;Birmensdorf (ZH);242;ZH;100%;8.443050150407954;47.35533365294417;de;01.07.2008
Aesch ZH;8904;00;5134;Aesch (ZH);241;ZH;100%;8.440291915097113;47.33674681897254;de;01.07.2008
Islisberg;8905;02;5981;Islisberg;4084;AG;100%;8.439305128007156;47.32293889205834;de;01.07.2008
Arni AG;8905;03;6062;Arni (AG);4061;AG;100%;8.421904669703821;47.31766440304833;de;01.07.2008
Bonstetten;8906;00;5137;Bonstetten;3;ZH;100%;8.470450667;47.31976818468909;de;01.07.2008
Wettswil;8907;00;5139;Wettswil am Albis;14;ZH;100%;8.475541097709376;47.33530218651047;de;01.07.2008
Hedingen;8908;00;5140;Hedingen;5;ZH;100%;8.448422480894276;47.29791586815656;de;01.07.2008
Zwillikon;8909;00;5142;Affoltern am Albis;2;ZH;100%;8.434771258174695;47.2884097;de;01.07.2008
Affoltern am Albis;8910;00;5141;Affoltern am Albis;2;ZH;99.74%;8.452796488212755;47.278285875315255;de;01.07.2008
Affoltern am Albis;8910;00;5141;Obfelden;10;ZH;0.26%;8.438536491720061;47.27133115237576;de;01.07.2008
Rifferswil;8911;00;5143;Rifferswil;12;ZH;100%;8.495567874949419;47.24415114207611;de;01.07.2008
Obfelden;8912;00;5144;Obfelden;10;ZH;100%;8.422965410858716;47.26401708;de;01.07.2008
Ottenbach;8913;00;5145;Ottenbach;11;ZH;100%;8.406140080636142;47.28059375466214;de;01.07.2008
Aeugst am Albis;8914;00;5146;Aeugst am Albis;1;ZH;100%;8.485517237758987;47.26851237635599;de;01.07.2008
Aeugstertal;8914;02;5147;Aeugst am Albis;1;ZH;100%;8.487324568;47.28315831608158;de;01.07.2008
Hausen am Albis;8915;00;5148;Hausen am Albis;4;ZH;99.93%;8.532463231536504;47.245506953358316;de;01.07.2008
Hausen am Albis;8915;00;5148;Horgen;295;ZH;0.08%;8.544735751557939;47.25108080048243;de;01.07.2008
Jonen;8916;00;5149;Jonen;4071;AG;100%;8.393764707137544;47.29741889474171;de;01.07.2008
Oberlunkhofen;8917;00;5150;Oberlunkhofen;4073;AG;100%;8.392557410204565;47.31199196098686;de;01.07.2008
Unterlunkhofen;8918;00;5152;Unterlunkhofen;4079;AG;100%;8.381255702320518;47.32209633742287;de;01.07.2008
Rottenschwil;8919;00;5153;Rottenschwil;4238;AG;100%;8.363264980141528;47.31446116763995;de;01.07.2008
Ebertswil;8925;00;5154;Hausen am Albis;4;ZH;100%;8.550432413767162;47.22664229348819;de;01.07.2008
Kappel am Albis;8926;00;5155;Kappel am Albis;6;ZH;100%;8.528989361;47.22804366815371;de;01.07.2008
Hauptikon;8926;02;6226;Kappel am Albis;6;ZH;100%;8.495549133622188;47.23051424538151;de;01.07.2008
Uerzlikon;8926;03;6227;Kappel am Albis;6;ZH;100%;8.498004644;47.221811079505834;de;01.07.2008
Mettmenstetten;8932;00;5156;Mettmenstetten;9;ZH;100%;8.464215958623608;47.24590069;de;01.07.2008
Maschwanden;8933;00;5157;Maschwanden;8;ZH;100%;8.426714367;47.23451642547986;de;01.07.2008
Knonau;8934;00;5158;Knonau;7;ZH;100%;8.461825034141008;47.22313663974069;de;01.07.2008
Oberrieden;8942;00;5159;Oberrieden;137;ZH;100%;8.576594765;47.275772202473675;de;01.07.2008
Fahrweid;8951;00;5162;Weiningen (ZH);251;ZH;48.99%;8.414701370606513;47.40909657848346;de;01.07.2008
Fahrweid;8951;00;5162;Geroldswil;244;ZH;36.44%;8.414398785274571;47.412831995799344;de;01.07.2008
Fahrweid;8951;00;5162;Unterengstringen;249;ZH;14.58%;8.414696328;47.404482256606975;de;01.07.2008
Schlieren;8952;00;5163;Schlieren;247;ZH;99.34%;8.445947343906948;47.39798965119428;de;01.07.2008
Schlieren;8952;00;5163;Zürich;261;ZH;0.66%;8.467443276056112;47.40117340372333;de;01.07.2008
Dietikon;8953;00;5166;Dietikon;243;ZH;99.75%;8.399256438974096;47.40201208933186;de;01.07.2008
Dietikon;8953;00;5166;Spreitenbach;4040;AG;0.25%;8.381952495719943;47.40491601444031;de;01.07.2008
Geroldswil;8954;00;5169;Geroldswil;244;ZH;100%;8.410518214211605;47.42310978893165;de;01.07.2008
Oetwil an der Limmat;8955;00;5170;Oetwil an der Limmat;246;ZH;100%;8.396567060709074;47.42854212233508;de;01.07.2008
Killwangen;8956;00;5171;Killwangen;4030;AG;100%;8.349882944;47.4316268;de;01.07.2008
Spreitenbach;8957;00;5173;Spreitenbach;4040;AG;100%;8.366903643;47.419483458316805;de;01.07.2008
Bergdietikon;8962;00;5174;Bergdietikon;4023;AG;100%;8.384679053681602;47.39282265290271;de;01.07.2008
Rudolfstetten;8964;00;5176;Rudolfstetten-Friedlisberg;4075;AG;99.58%;8.37873446;47.36820718587315;de;01.07.2008
Rudolfstetten;8964;00;5176;Berikon;4062;AG;0.42%;8.387525214355934;47.35924830442271;de;01.07.2008
Berikon;8965;00;5177;Berikon;4062;AG;100%;8.370386175;47.354161784267475;de;01.07.2008
Oberwil-Lieli;8966;00;5178;Oberwil-Lieli;4074;AG;100%;8.393434390868585;47.33883494313278;de;01.07.2008
Widen;8967;00;5179;Widen;4081;AG;99.49%;8.359189051128928;47.36724923033726;de;01.07.2008
Widen;8967;00;5179;Bergdietikon;4023;AG;0.34%;8.364980299315704;47.38509374861389;de;01.07.2008
Widen;8967;00;5179;Bellikon;4022;AG;0.17%;8.354637222478916;47.37664908117458;de;01.07.2008
St. Gallen;9000;00;5189;St. Gallen;3203;SG;100%;9.372815979;47.42344529518672;de;01.07.2008
St. Gallen;9008;00;5212;St. Gallen;3203;SG;92.00%;9.389489806;47.43854966538248;de;01.07.2008
St. Gallen;9008;00;5212;Wittenbach;3204;SG;8.01%;9.393811378193066;47.445008362260886;de;01.07.2008
St. Gallen;9010;00;5214;St. Gallen;3203;SG;100%;9.377376949163494;47.43911332126034;de;01.07.2008
St. Gallen;9011;00;5215;St. Gallen;3203;SG;100%;9.392234285866449;47.41686581552893;de;01.07.2008
St. Gallen;9012;00;5216;St. Gallen;3203;SG;96.67%;9.363479572233903;47.40941317159739;de;01.07.2008
St. Gallen;9012;00;5216;Teufen (AR);3024;AR;3.33%;9.369489942062671;47.40630792448899;de;01.07.2008
St. Gallen;9014;00;5218;St. Gallen;3203;SG;99.35%;9.334036908496907;47.40659812052768;de;01.07.2008
St. Gallen;9014;00;5218;Stein (AR);3005;AR;0.65%;9.326802962477755;47.40067074611156;de;01.07.2008
St. Gallen;9015;00;5219;St. Gallen;3203;SG;95.80%;9.306469508840596;47.40463598329094;de;01.07.2008
St. Gallen;9015;00;5219;Gossau (SG);3443;SG;4.20%;9.288724849871066;47.40614505864309;de;01.07.2008
St. Gallen;9016;00;5220;St. Gallen;3203;SG;100%;9.409965529690332;47.43965979466483;de;01.07.2008
Abtwil SG;9030;00;5221;Gaiserwald;3442;SG;99.87%;9.320959190284857;47.42428356120186;de;01.07.2008
Abtwil SG;9030;00;5221;Gossau (SG);3443;SG;0.07%;9.295877322;47.42731636634391;de;01.07.2008
Abtwil SG;9030;00;5221;St. Gallen;3203;SG;0.07%;9.327642873431286;47.41911835192796;de;01.07.2008
St. Josefen;9030;03;9110;Gaiserwald;3442;SG;100%;9.335548402356048;47.424845728675045;de;31.05.2010
Engelburg;9032;00;5222;Gaiserwald;3442;SG;98.29%;9.346463127408901;47.44123805530081;de;01.07.2008
Engelburg;9032;00;5222;Waldkirch;3444;SG;1.71%;9.324957630493573;47.45369143;de;01.07.2008
Untereggen;9033;00;5223;Untereggen;3219;SG;100%;9.448597011;47.45235507570854;de;01.07.2008
Eggersriet;9034;00;5224;Eggersriet;3212;SG;99.67%;9.469253495109344;47.44203441747577;de;01.07.2008
Eggersriet;9034;00;5224;Rehetobel;3034;AR;0.33%;9.466459354593916;47.436226376487795;de;01.07.2008
Grub AR;9035;00;5225;Grub (AR);3031;AR;99.43%;9.508009027313292;47.445215933854506;de;01.07.2008
Grub AR;9035;00;5225;Eggersriet;3212;SG;0.57%;9.498344509748621;47.44394898142853;de;01.07.2008
Grub SG;9036;00;5226;Eggersriet;3212;SG;98.59%;9.512487160642928;47.453602024914424;de;01.07.2008
Grub SG;9036;00;5226;Heiden;3032;AR;1.42%;9.528572022858844;47.45616452122849;de;01.07.2008
Speicherschwendi;9037;00;5227;Speicher;3023;AR;92.14%;9.439111602921047;47.42586151484517;de;01.07.2008
Speicherschwendi;9037;00;5227;St. Gallen;3203;SG;5.95%;9.431723495613717;47.42470259487779;de;01.07.2008
Speicherschwendi;9037;00;5227;Eggersriet;3212;SG;0.95%;9.451690194485643;47.43209397913737;de;01.07.2008
Speicherschwendi;9037;00;5227;Rehetobel;3034;AR;0.95%;9.452822866411633;47.43084165;de;01.07.2008
Rehetobel;9038;00;5228;Rehetobel;3034;AR;94.87%;9.481846068007021;47.42667937470579;de;01.07.2008
Rehetobel;9038;00;5228;Grub (AR);3031;AR;4.69%;9.513304201982509;47.431697199925615;de;01.07.2008
Rehetobel;9038;00;5228;Heiden;3032;AR;0.44%;9.517549466;47.43039729306216;de;01.07.2008
Speicher;9042;00;5230;Speicher;3023;AR;97.12%;9.443317546670384;47.41222107620353;de;01.07.2008
Speicher;9042;00;5230;St. Gallen;3203;SG;2.75%;9.427483014;47.418720668788886;de;01.07.2008
Speicher;9042;00;5230;Teufen (AR);3024;AR;0.13%;9.434716413396023;47.39527555472513;de;01.07.2008
Trogen;9043;00;5231;Trogen;3025;AR;98.38%;9.465451399184003;47.40488911235522;de;01.07.2008
Trogen;9043;00;5231;Bühler;3021;AR;0.94%;9.449034428318653;47.39022274725732;de;01.07.2008
Trogen;9043;00;5231;Wald (AR);3036;AR;0.43%;9.496453210227878;47.40636540061719;de;01.07.2008
Trogen;9043;00;5231;Gais;3022;AR;0.26%;9.466046146596764;47.38883669689888;de;01.07.2008
Wald AR;9044;00;5233;Wald (AR);3036;AR;100%;9.495722972074647;47.41524967699862;de;01.07.2008
Appenzell;9050;00;5234;Appenzell;3101;AI;58.83%;9.405760392;47.33129010814228;de;01.07.2008
Appenzell;9050;00;5234;Schwende-Rüte;3112;AI;38.67%;9.418862287394592;47.32737708824251;de;01.07.2008
Appenzell;9050;00;5234;Gonten;3102;AI;2.37%;9.389493014504954;47.34097734371796;de;01.07.2008
Appenzell;9050;00;5234;Schlatt-Haslen;3104;AI;0.14%;9.390670573711352;47.347471336970486;de;01.07.2008
Appenzell Eggerstanden;9050;02;8983;Schwende-Rüte;3112;AI;100%;9.466000110366053;47.33298236702963;de;01.01.2009
Appenzell Enggenhütten;9050;03;8984;Schlatt-Haslen;3104;AI;100%;9.360843050757675;47.35143587795428;de;01.01.2009
Appenzell Meistersrüte;9050;05;8985;Appenzell;3101;AI;95.96%;9.429046545263674;47.347445598878934;de;01.01.2009
Appenzell Meistersrüte;9050;05;8985;Schwende-Rüte;3112;AI;4.04%;9.454217747949654;47.342170933826786;de;01.01.2009
Appenzell Steinegg;9050;06;8986;Schwende-Rüte;3112;AI;100%;9.435765623;47.321849249779895;de;01.01.2009
Appenzell Schlatt;9050;07;8987;Schlatt-Haslen;3104;AI;99.03%;9.397383371;47.35470823109456;de;01.01.2009
Appenzell Schlatt;9050;07;8987;Appenzell;3101;AI;0.97%;9.417174445526474;47.355000448726464;de;01.01.2009
Niederteufen;9052;00;5235;Teufen (AR);3024;AR;99.00%;9.366127783193063;47.39213998484893;de;01.07.2008
Niederteufen;9052;00;5235;Schlatt-Haslen;3104;AI;1.00%;9.362212485817148;47.38644723874287;de;01.07.2008
Teufen AR;9053;00;5236;Teufen (AR);3024;AR;98.23%;9.390734387244333;47.390422146598446;de;01.07.2008
Teufen AR;9053;00;5236;Schlatt-Haslen;3104;AI;1.77%;9.393728452731317;47.37706492030637;de;01.07.2008
Haslen AI;9054;00;5237;Schlatt-Haslen;3104;AI;100%;9.373361571725056;47.367700239387894;de;01.07.2008
Bühler;9055;00;5238;Bühler;3021;AR;86.49%;9.420476914436865;47.37473749671999;de;01.07.2008
Bühler;9055;00;5238;Schlatt-Haslen;3104;AI;6.60%;9.400252772600938;47.37148550159906;de;01.07.2008
Bühler;9055;00;5238;Gais;3022;AR;6.28%;9.439043758876757;47.375730883952166;de;01.07.2008
Bühler;9055;00;5238;Teufen (AR);3024;AR;0.64%;9.401631359608025;47.37873923963394;de;01.07.2008
Gais;9056;00;5239;Gais;3022;AR;98.28%;9.456339821256847;47.36273482185297;de;01.07.2008
Gais;9056;00;5239;Schlatt-Haslen;3104;AI;1.17%;9.430987719968694;47.365379497160355;de;01.07.2008
Gais;9056;00;5239;Appenzell;3101;AI;0.56%;9.455220679;47.350492998743626;de;01.07.2008
Weissbad;9057;00;5241;Schwende-Rüte;3112;AI;100%;9.426574941695618;47.302114990994774;de;01.07.2008
Schwende;9057;02;5970;Schwende-Rüte;3112;AI;100%;9.434653205536243;47.298844344970824;de;01.07.2008
Wasserauen;9057;03;8988;Schwende-Rüte;3112;AI;100%;9.403037566234334;47.26851761453558;de;01.01.2009
Brülisau;9058;00;5243;Schwende-Rüte;3112;AI;99.48%;9.461559955714584;47.299670995716795;de;01.07.2008
Brülisau;9058;00;5243;Altstätten;3251;SG;0.52%;9.485643566;47.28377015481491;de;01.07.2008
Lustmühle;9062;00;5244;Teufen (AR);3024;AR;100%;9.357277020319799;47.39837823801599;de;01.07.2008
Stein AR;9063;00;5245;Stein (AR);3005;AR;99.35%;9.342889928245189;47.37400089600003;de;01.07.2008
Stein AR;9063;00;5245;Hundwil;3002;AR;0.65%;9.344726196919257;47.35684045;de;01.07.2008
Hundwil;9064;00;5246;Hundwil;3002;AR;100%;9.318531011147117;47.357782889994134;de;01.07.2008
Herisau;9100;00;5247;Herisau;3001;AR;99.35%;9.279574488055037;47.38564388680218;de;01.07.2008
Herisau;9100;00;5247;Waldstatt;3007;AR;0.30%;9.266295180147623;47.36037617453152;de;01.07.2008
Herisau;9100;00;5247;Gossau (SG);3443;SG;0.21%;9.290830769;47.39998428876942;de;01.07.2008
Herisau;9100;00;5247;Schwellbrunn;3004;AR;0.13%;9.244681063229002;47.36699143380666;de;01.07.2008
Schwellbrunn;9103;00;5250;Schwellbrunn;3004;AR;98.42%;9.243120447056013;47.35088041695302;de;01.07.2008
Schwellbrunn;9103;00;5250;Urnäsch;3006;AR;0.89%;9.273793540693669;47.339348703079345;de;01.07.2008
Schwellbrunn;9103;00;5250;Neckertal;3396;SG;0.59%;9.196807898;47.34669208093984;de;01.07.2008
Schwellbrunn;9103;00;5250;Waldstatt;3007;AR;0.10%;9.267105606925226;47.35428154608382;de;01.07.2008
Waldstatt;9104;00;5251;Waldstatt;3007;AR;99.50%;9.284452258649821;47.35705534535733;de;01.07.2008
Waldstatt;9104;00;5251;Urnäsch;3006;AR;0.30%;9.276824233647217;47.34126176570697;de;01.07.2008
Waldstatt;9104;00;5251;Schwellbrunn;3004;AR;0.20%;9.268905996826435;47.34309702175907;de;01.07.2008
Schönengrund;9105;00;5253;Neckertal;3396;SG;52.16%;9.220805534901833;47.32923931299004;de;01.07.2008
Schönengrund;9105;00;5253;Schönengrund;3003;AR;43.17%;9.227522293654365;47.32513181962867;de;01.07.2008
Schönengrund;9105;00;5253;Schwellbrunn;3004;AR;4.68%;9.235807831;47.333450963447945;de;01.07.2008
Urnäsch;9107;00;5255;Urnäsch;3006;AR;84.17%;9.276059725547189;47.31178229085371;de;01.07.2008
Urnäsch;9107;00;5255;Hundwil;3002;AR;13.88%;9.305912872950552;47.32187420207511;de;01.07.2008
Urnäsch;9107;00;5255;Nesslau;3360;SG;1.00%;9.303877357170682;47.253835702199694;de;01.07.2008
Urnäsch;9107;00;5255;Neckertal;3396;SG;0.37%;9.218512112818994;47.29303588348677;de;01.07.2008
Urnäsch;9107;00;5255;Schönengrund;3003;AR;0.21%;9.251215026261463;47.326921197400004;de;01.07.2008
Urnäsch;9107;00;5255;Schwende-Rüte;3112;AI;0.21%;9.329115739;47.28034845705146;de;01.07.2008
Urnäsch;9107;00;5255;Wildhaus-Alt St. Johann;3359;SG;0.17%;9.328683005001423;47.248671877017145;de;01.07.2008
Gonten;9108;00;5259;Gonten;3102;AI;96.76%;9.345351847450814;47.32769786391924;de;01.07.2008
Gonten;9108;00;5259;Schwende-Rüte;3112;AI;2.73%;9.355791861934668;47.29933693120816;de;01.07.2008
Gonten;9108;00;5259;Hundwil;3002;AR;0.34%;9.328789459045465;47.33120034505342;de;01.07.2008
Gonten;9108;00;5259;Schlatt-Haslen;3104;AI;0.17%;9.346817945939911;47.34500186;de;01.07.2008
Gontenbad;9108;02;8990;Gonten;3102;AI;100%;9.370805953043458;47.33191682656767;de;01.01.2009
Jakobsbad;9108;03;8992;Gonten;3102;AI;100%;9.328377119817095;47.315831239525934;de;01.01.2009
Schachen b. Herisau;9112;00;5261;Herisau;3001;AR;100%;9.241098906385552;47.381923434694926;de;01.07.2008
Degersheim;9113;00;5262;Degersheim;3401;SG;93.82%;9.198981692221544;47.37444028980512;de;01.07.2008
Degersheim;9113;00;5262;Neckertal;3396;SG;4.43%;9.178246478092612;47.371335889893366;de;01.07.2008
Degersheim;9113;00;5262;Schwellbrunn;3004;AR;1.31%;9.198483454592465;47.35975654968252;de;01.07.2008
Degersheim;9113;00;5262;Flawil;3402;SG;0.44%;9.219172637988569;47.38575424061957;de;01.07.2008
Hoffeld;9114;00;5263;Neckertal;3396;SG;100%;9.172091123154395;47.35879742380479;de;01.07.2008
Dicken;9115;00;5264;Neckertal;3396;SG;100%;9.192229843370832;47.33749525534919;de;01.07.2008
Wolfertswil;9116;00;5265;Degersheim;3401;SG;93.32%;9.180704512660157;47.39467158457763;de;01.07.2008
Wolfertswil;9116;00;5265;Neckertal;3396;SG;6.68%;9.163456523980262;47.38368494294727;de;01.07.2008
Mogelsberg;9122;00;5266;Neckertal;3396;SG;100%;9.136075223645939;47.36117690842185;de;01.07.2008
Ebersol;9122;02;6137;Neckertal;3396;SG;100%;9.149409404008187;47.347188524151086;de;01.07.2008
Nassen;9123;00;5268;Neckertal;3396;SG;94.74%;9.141926168747347;47.37646555;de;01.07.2008
Nassen;9123;00;5268;Lütisburg;3393;SG;5.26%;9.147932160448798;47.391526664544635;de;01.07.2008
Brunnadern;9125;00;5269;Neckertal;3396;SG;100%;9.137006094091273;47.33055734866112;de;01.07.2008
Necker;9126;00;5270;Neckertal;3396;SG;100%;9.129352843369771;47.347520075127534;de;01.07.2008
St. Peterzell;9127;00;5271;Neckertal;3396;SG;100%;9.176555932079948;47.320315022267216;de;01.07.2008
Gossau SG;9200;00;5273;Gossau (SG);3443;SG;98.86%;9.253427741444753;47.414882763578866;de;01.07.2008
Gossau SG;9200;00;5273;Niederbüren;3422;SG;0.65%;9.234455261480823;47.44339203438236;de;01.07.2008
Gossau SG;9200;00;5273;Flawil;3402;SG;0.41%;9.213802617044905;47.41183673862189;de;01.07.2008
Gossau SG;9200;00;5273;Herisau;3001;AR;0.07%;9.232462649605441;47.39647939037197;de;01.07.2008
Niederwil SG;9203;00;5276;Oberbüren;3424;SG;98.69%;9.198557940764275;47.43698987927525;de;01.07.2008
Niederwil SG;9203;00;5276;Niederbüren;3422;SG;1.31%;9.214351761289155;47.446581377444446;de;01.07.2008
Andwil SG;9204;00;5277;Andwil (SG);3441;SG;85.69%;9.272870960231085;47.439100373918755;de;01.07.2008
Andwil SG;9204;00;5277;Gossau (SG);3443;SG;13.14%;9.269373847674414;47.428027103882116;de;01.07.2008
Andwil SG;9204;00;5277;Waldkirch;3444;SG;1.18%;9.272290929;47.4511289;de;01.07.2008
Waldkirch;9205;00;5278;Waldkirch;3444;SG;100%;9.285996738860094;47.467311354413894;de;01.07.2008
Arnegg;9212;00;5279;Gossau (SG);3443;SG;95.02%;9.255612725789142;47.441622029366904;de;01.07.2008
Arnegg;9212;00;5279;Andwil (SG);3441;SG;4.99%;9.262860331814558;47.446087104199705;de;01.07.2008
Hauptwil;9213;00;5280;Hauptwil-Gottshaus;4486;TG;95.31%;9.251634731;47.480548921203265;de;01.07.2008
Hauptwil;9213;00;5280;Waldkirch;3444;SG;4.69%;9.241266425;47.47534012767394;de;01.07.2008
Kradolf;9214;02;6601;Kradolf-Schönenberg;4501;TG;98.68%;9.199936320699768;47.52631016229859;de;01.07.2008
Kradolf;9214;02;6601;Sulgen;4506;TG;1.33%;9.204577572730766;47.52968497070838;de;01.07.2008
Schönenberg an der Thur;9215;00;5283;Kradolf-Schönenberg;4501;TG;100%;9.198425472491344;47.52119637797934;de;01.07.2008
Buhwil;9215;02;5284;Kradolf-Schönenberg;4501;TG;100%;9.16302552;47.526685763547675;de;01.07.2008
Heldswil;9216;00;5282;Hohentannen;4495;TG;97.14%;9.224416021198612;47.52793237669383;de;01.07.2008
Heldswil;9216;00;5282;Erlen;4476;TG;2.86%;9.229765478;47.53413805;de;01.07.2008
Hohentannen;9216;02;5290;Hohentannen;4495;TG;100%;9.224192275031843;47.50863008751687;de;01.07.2008
Neukirch an der Thur;9217;00;4891;Kradolf-Schönenberg;4501;TG;100%;9.174183323336027;47.51086599846655;de;01.07.2008
Bischofszell;9220;00;5286;Bischofszell;4471;TG;87.51%;9.241269931048608;47.49423230180012;de;01.07.2008
Bischofszell;9220;00;5286;Zihlschlacht-Sitterdorf;4511;TG;5.72%;9.287964202118518;47.50367044;de;01.07.2008
Bischofszell;9220;00;5286;Hauptwil-Gottshaus;4486;TG;4.39%;9.265677146378655;47.50069574613086;de;01.07.2008
Bischofszell;9220;00;5286;Muolen;3202;SG;2.39%;9.280655511045019;47.50769139147252;de;01.07.2008
Schweizersholz;9223;00;5288;Bischofszell;4471;TG;92.28%;9.193270011172897;47.50141124383346;de;01.07.2008
Schweizersholz;9223;00;5288;Niederhelfenschwil;3423;SG;7.72%;9.179543466106752;47.49493441457539;de;01.07.2008
Halden;9223;01;5289;Bischofszell;4471;TG;100%;9.208197901937297;47.50399078;de;01.07.2008
Wilen (Gottshaus);9225;00;5291;Hauptwil-Gottshaus;4486;TG;100%;9.282360981855335;47.49217250529139;de;01.07.2008
St. Pelagiberg;9225;01;5292;Hauptwil-Gottshaus;4486;TG;100%;9.302007128522689;47.487665477954494;de;01.07.2008
Flawil;9230;00;5293;Flawil;3402;SG;97.40%;9.184149276129029;47.41367394;de;01.07.2008
Flawil;9230;00;5293;Oberuzwil;3407;SG;1.36%;9.163157644320561;47.416598051659435;de;01.07.2008
Flawil;9230;00;5293;Degersheim;3401;SG;0.89%;9.153650290075424;47.40577305753087;de;01.07.2008
Flawil;9230;00;5293;Oberbüren;3424;SG;0.36%;9.205536098436092;47.413593738262676;de;01.07.2008
Egg (Flawil);9231;00;5296;Flawil;3402;SG;100%;9.223493313842008;47.39175121153776;de;01.07.2008
Uzwil;9240;00;5299;Uzwil;3408;SG;100%;9.133424315518523;47.43686556;de;01.07.2008
Niederglatt SG;9240;02;5300;Oberuzwil;3407;SG;97.54%;9.159325213363186;47.42924996405272;de;01.07.2008
Niederglatt SG;9240;02;5300;Oberbüren;3424;SG;2.47%;9.177092078;47.43174597578669;de;01.07.2008
Oberuzwil;9242;00;5301;Oberuzwil;3407;SG;99.63%;9.125090518010076;47.42952961481805;de;01.07.2008
Oberuzwil;9242;00;5301;Jonschwil;3405;SG;0.18%;9.103621551116323;47.43431345788227;de;01.07.2008
Oberuzwil;9242;00;5301;Uzwil;3408;SG;0.18%;9.139214694527885;47.43010535012423;de;01.07.2008
Jonschwil;9243;00;5303;Jonschwil;3405;SG;99.12%;9.087585314965834;47.42352156882332;de;01.07.2008
Jonschwil;9243;00;5303;Lütisburg;3393;SG;0.88%;9.084105546192749;47.41300973560521;de;01.07.2008
Niederuzwil;9244;00;5304;Uzwil;3408;SG;98.80%;9.141082320901749;47.44580319030066;de;01.07.2008
Niederuzwil;9244;00;5304;Oberuzwil;3407;SG;1.20%;9.149295842;47.436874688118465;de;01.07.2008
Oberbüren;9245;00;5305;Oberbüren;3424;SG;99.13%;9.161337707617802;47.45128773701038;de;01.07.2008
Oberbüren;9245;00;5305;Niederhelfenschwil;3423;SG;0.88%;9.151748200925194;47.459922573635204;de;01.07.2008
Sonnental;9245;02;9030;Oberbüren;3424;SG;99.41%;9.137068350210372;47.459230473962236;de;03.11.2009
Sonnental;9245;02;9030;Niederhelfenschwil;3423;SG;0.59%;9.124641888846266;47.46265987584818;de;03.11.2009
Niederbüren;9246;00;5306;Niederbüren;3422;SG;98.79%;9.207470351969134;47.46377982785907;de;01.07.2008
Niederbüren;9246;00;5306;Waldkirch;3444;SG;1.21%;9.239031421;47.474385336672974;de;01.07.2008
Henau;9247;00;5307;Uzwil;3408;SG;100%;9.11558122;47.45381352634176;de;01.07.2008
Bichwil;9248;00;5302;Oberuzwil;3407;SG;100%;9.135351199085362;47.42036525467593;de;01.07.2008
Algetshausen;9249;00;5308;Uzwil;3408;SG;100%;9.107950333671456;47.446906996434436;de;01.07.2008
Niederstetten;9249;01;7849;Uzwil;3408;SG;100%;9.08377674;47.45126567651495;de;01.07.2008
Oberstetten;9249;02;7848;Uzwil;3408;SG;100%;9.089779246764833;47.448526299239845;de;01.07.2008
Wittenbach;9300;00;5310;Wittenbach;3204;SG;99.38%;9.386718137;47.46063857;de;01.07.2008
Wittenbach;9300;00;5310;St. Gallen;3203;SG;0.21%;9.398275836277586;47.45135651792443;de;01.07.2008
Wittenbach;9300;00;5310;Berg (SG);3211;SG;0.17%;9.390508752680823;47.475365324197085;de;01.07.2008
Wittenbach;9300;00;5310;Gaiserwald;3442;SG;0.12%;9.362020780104338;47.451209557290525;de;01.07.2008
Wittenbach;9300;00;5310;Waldkirch;3444;SG;0.12%;9.357489054429712;47.45500948849385;de;01.07.2008
Bernhardzell;9304;00;5311;Waldkirch;3444;SG;100%;9.340410956647208;47.46892152124391;de;01.07.2008
Berg SG;9305;00;5312;Berg (SG);3211;SG;99.55%;9.408065546612784;47.48685351572158;de;01.07.2008
Berg SG;9305;00;5312;Steinach;3217;SG;0.45%;9.420020575626646;47.49245232606085;de;01.07.2008
Freidorf TG;9306;00;5313;Roggwil (TG);4431;TG;92.52%;9.394562168131388;47.485993970896864;de;01.07.2008
Freidorf TG;9306;00;5313;Berg (SG);3211;SG;7.48%;9.382306735207438;47.48295269491344;de;01.07.2008
Lömmenschwil;9308;00;5315;Häggenschwil;3201;SG;89.32%;9.350816503383323;47.49706226723461;de;01.07.2008
Lömmenschwil;9308;00;5315;Wittenbach;3204;SG;5.47%;9.360860791565768;47.492154664314135;de;01.07.2008
Lömmenschwil;9308;00;5315;Muolen;3202;SG;4.69%;9.330120724094572;47.50601200782028;de;01.07.2008
Lömmenschwil;9308;00;5315;Roggwil (TG);4431;TG;0.52%;9.370606183301707;47.48893351334226;de;01.07.2008
Häggenschwil;9312;00;5316;Häggenschwil;3201;SG;100%;9.342629036;47.4934457;de;01.07.2008
Muolen;9313;00;5318;Muolen;3202;SG;96.97%;9.326182331329726;47.51886024131984;de;01.07.2008
Muolen;9313;00;5318;Zihlschlacht-Sitterdorf;4511;TG;3.03%;9.306627694;47.51075678113268;de;01.07.2008
Steinebrunn;9314;00;5319;Egnach;4411;TG;100%;9.346262565797744;47.53366316;de;01.07.2008
Neukirch (Egnach);9315;00;5320;Egnach;4411;TG;96.95%;9.371665924586795;47.528662695881955;de;01.07.2008
Neukirch (Egnach);9315;00;5320;Roggwil (TG);4431;TG;3.05%;9.389225536173672;47.52503050692118;de;01.07.2008
Winden;9315;02;5314;Egnach;4411;TG;99.26%;9.365497277403247;47.51003176760601;de;01.07.2008
Winden;9315;02;5314;Häggenschwil;3201;SG;0.74%;9.357757867753248;47.50878683646823;de;01.07.2008
Arbon;9320;00;5321;Arbon;4401;TG;100%;9.425079695370409;47.513453966259156;de;01.07.2008
Frasnacht;9320;02;5322;Arbon;4401;TG;87.93%;9.405784931828425;47.52672961457439;de;01.07.2008
Frasnacht;9320;02;5322;Roggwil (TG);4431;TG;12.07%;9.405493519426914;47.52065284529507;de;01.07.2008
Stachen;9320;03;5323;Arbon;4401;TG;97.56%;9.410001060216134;47.50790887158663;de;01.07.2008
Stachen;9320;03;5323;Roggwil (TG);4431;TG;2.44%;9.407278324307185;47.513623115071894;de;01.07.2008
Egnach;9322;00;5324;Egnach;4411;TG;99.43%;9.380225619434503;47.54407446358245;de;01.07.2008
Egnach;9322;00;5324;Salmsach;4441;TG;0.57%;9.333479271840318;47.544722648596135;de;01.07.2008
Steinach;9323;00;5325;Steinach;3217;SG;100%;9.437963367981302;47.50046574478918;de;01.07.2008
Roggwil TG;9325;00;5326;Roggwil (TG);4431;TG;100%;9.398899070394158;47.50318524095492;de;01.07.2008
Horn;9326;00;5328;Horn;4421;TG;99.47%;9.461030002656875;47.49329031;de;01.07.2008
Horn;9326;00;5328;Tübach;3218;SG;0.53%;9.452238796743393;47.491446319703144;de;01.07.2008
Tübach;9327;00;5329;Tübach;3218;SG;99.01%;9.452305480816543;47.48514734831279;de;01.07.2008
Tübach;9327;00;5329;Mörschwil;3214;SG;0.99%;9.443269304179678;47.483801790702074;de;01.07.2008
Rorschach;9400;00;5330;Rorschach;3215;SG;99.81%;9.492728391341256;47.47573661650377;de;01.07.2008
Rorschach;9400;00;5330;Goldach;3213;SG;0.19%;9.483094670131727;47.47436879710295;de;01.07.2008
Mörschwil;9402;00;5333;Mörschwil;3214;SG;100%;9.424105076;47.46675937818354;de;01.07.2008
Goldach;9403;00;5334;Goldach;3213;SG;100%;9.470093782335708;47.476199309742405;de;01.07.2008
Rorschacherberg;9404;00;5331;Rorschacherberg;3216;SG;98.92%;9.504464327;47.47108306633398;de;01.07.2008
Rorschacherberg;9404;00;5331;Untereggen;3219;SG;0.75%;9.478530077;47.456734253037006;de;01.07.2008
Rorschacherberg;9404;00;5331;Thal;3237;SG;0.33%;9.531813283356836;47.47279566600154;de;01.07.2008
Wienacht-Tobel;9405;00;5335;Lutzenberg;3033;AR;96.45%;9.536410363;47.465541628881404;de;01.07.2008
Wienacht-Tobel;9405;00;5335;Rorschacherberg;3216;SG;2.84%;9.530121603732324;47.465547562306746;de;01.07.2008
Wienacht-Tobel;9405;00;5335;Eggersriet;3212;SG;0.71%;9.52821066;47.464187543389535;de;01.07.2008
Heiden;9410;00;5336;Heiden;3032;AR;98.71%;9.532654229;47.44259482065015;de;01.07.2008
Heiden;9410;00;5336;Wolfhalden;3038;AR;1.29%;9.552700479671625;47.438765990434426;de;01.07.2008
Reute AR;9411;00;5337;Reute (AR);3035;AR;97.54%;9.574204817696636;47.412853986529164;de;01.07.2008
Reute AR;9411;00;5337;Berneck;3233;SG;2.47%;9.594457212654033;47.42035068489135;de;01.07.2008
Schachen b. Reute;9411;01;5339;Reute (AR);3035;AR;100%;9.560124508028391;47.42507094193718;de;01.07.2008
Oberegg;9413;00;5338;Oberegg;3111;AI;99.22%;9.552536093;47.42194395718891;de;01.07.2008
Oberegg;9413;00;5338;Heiden;3032;AR;0.78%;9.544559658930767;47.43177072869499;de;01.07.2008
Staad SG;9422;00;5340;Thal;3237;SG;98.50%;9.541116627659388;47.47920386843023;de;01.07.2008
Staad SG;9422;00;5340;Rorschacherberg;3216;SG;1.50%;9.529273229911745;47.47974240974663;de;01.07.2008
Altenrhein;9423;00;5341;Thal;3237;SG;100%;9.555296398;47.49068661866833;de;01.07.2008
Rheineck;9424;00;5342;Rheineck;3235;SG;93.61%;9.584932445018676;47.46720654617822;de;01.07.2008
Rheineck;9424;00;5342;St. Margrethen;3236;SG;6.40%;9.596209997117343;47.461301362629875;de;01.07.2008
Thal;9425;00;5343;Thal;3237;SG;98.00%;9.567633235966039;47.46860596483395;de;01.07.2008
Thal;9425;00;5343;Wolfhalden;3038;AR;1.69%;9.560929225636121;47.46320485529214;de;01.07.2008
Thal;9425;00;5343;Rheineck;3235;SG;0.31%;9.575861089925255;47.46764445634281;de;01.07.2008
Lutzenberg;9426;00;5344;Lutzenberg;3033;AR;99.03%;9.575639432028504;47.46047769;de;01.07.2008
Lutzenberg;9426;00;5344;Rheineck;3235;SG;0.97%;9.577163371;47.46274383635415;de;01.07.2008
Wolfhalden;9427;00;5345;Wolfhalden;3038;AR;98.82%;9.556933505617698;47.45315617699134;de;01.07.2008
Wolfhalden;9427;00;5345;Heiden;3032;AR;0.51%;9.546571018581087;47.46179397635411;de;01.07.2008
Wolfhalden;9427;00;5345;Oberegg;3111;AI;0.25%;9.566493223328925;47.43812602291826;de;01.07.2008
Wolfhalden;9427;00;5345;Walzenhausen;3037;AR;0.25%;9.566038653;47.44002383636764;de;01.07.2008
Wolfhalden;9427;00;5345;Lutzenberg;3033;AR;0.17%;9.563520983346777;47.456245705404456;de;01.07.2008
Walzenhausen;9428;00;5346;Walzenhausen;3037;AR;99.15%;9.604029095;47.44610249662314;de;01.07.2008
Walzenhausen;9428;00;5346;Oberegg;3111;AI;0.28%;9.583721281657898;47.43389932;de;01.07.2008
Walzenhausen;9428;00;5346;St. Margrethen;3236;SG;0.28%;9.631386448508707;47.44243768439667;de;01.07.2008
Walzenhausen;9428;00;5346;Wolfhalden;3038;AR;0.28%;9.572799851999145;47.44459583408004;de;01.07.2008
St. Margrethen SG;9430;00;5349;St. Margrethen;3236;SG;100%;9.636039987;47.45106795361295;de;01.07.2008
Au SG;9434;00;5351;Au (SG);3231;SG;99.89%;9.634775674170005;47.43233204;de;01.07.2008
Au SG;9434;00;5351;Berneck;3233;SG;0.11%;9.628221256236351;47.43320320021832;de;01.07.2008
Heerbrugg;9435;00;5352;Au (SG);3231;SG;66.74%;9.628800406526173;47.41409031070914;de;01.07.2008
Heerbrugg;9435;00;5352;Balgach;3232;SG;19.80%;9.617389950198781;47.408322644820636;de;01.07.2008
Heerbrugg;9435;00;5352;Berneck;3233;SG;7.86%;9.624560687296052;47.415754184917596;de;01.07.2008
Heerbrugg;9435;00;5352;Widnau;3238;SG;5.59%;9.624784062625343;47.40542413573119;de;01.07.2008
Balgach;9436;00;5353;Balgach;3232;SG;95.61%;9.606056859182889;47.405044768581405;de;01.07.2008
Balgach;9436;00;5353;Oberriet (SG);3254;SG;2.22%;9.621025260087423;47.377050106823354;de;01.07.2008
Balgach;9436;00;5353;Diepoldsau;3234;SG;2.17%;9.624119939394859;47.38274110774719;de;01.07.2008
Marbach SG;9437;00;5354;Marbach (SG);3253;SG;99.38%;9.568307525;47.392340627860754;de;01.07.2008
Marbach SG;9437;00;5354;Rebstein;3255;SG;0.36%;9.570166225511196;47.39905446;de;01.07.2008
Marbach SG;9437;00;5354;Reute (AR);3035;AR;0.27%;9.557013598321454;47.396876119941346;de;01.07.2008
Berneck;9442;00;5356;Berneck;3233;SG;98.86%;9.614311351192985;47.42542208086639;de;01.07.2008
Berneck;9442;00;5356;Oberegg;3111;AI;1.14%;9.600230217624325;47.41462837217455;de;01.07.2008
Büriswilen;9442;02;8993;Oberegg;3111;AI;97.03%;9.605941168834287;47.43410900890217;de;01.01.2009
Büriswilen;9442;02;8993;Berneck;3233;SG;2.97%;9.614437857042393;47.43467816880073;de;01.01.2009
Widnau;9443;00;5357;Widnau;3238;SG;95.26%;9.638441466;47.40489147145759;de;01.07.2008
Widnau;9443;00;5357;Diepoldsau;3234;SG;4.74%;9.632508058;47.396627469487086;de;01.07.2008
Diepoldsau;9444;00;5358;Diepoldsau;3234;SG;100%;9.656901218048244;47.38543617113281;de;01.07.2008
Rebstein;9445;00;5359;Rebstein;3255;SG;99.90%;9.584960429604461;47.398861477998594;de;01.07.2008
Rebstein;9445;00;5359;Balgach;3232;SG;0.10%;9.587878765;47.40747183815339;de;01.07.2008
Altstätten SG;9450;00;5360;Altstätten;3251;SG;99.76%;9.544550037;47.37724667491301;de;01.07.2008
Altstätten SG;9450;00;5360;Gais;3022;AR;0.24%;9.503183992282755;47.38820573520403;de;01.07.2008
Lüchingen;9450;02;5355;Altstätten;3251;SG;93.28%;9.553740989875095;47.38687693397314;de;01.07.2008
Lüchingen;9450;02;5355;Oberegg;3111;AI;6.72%;9.551042316562725;47.39566286075377;de;01.07.2008
Kriessern;9451;00;5361;Oberriet (SG);3254;SG;100%;9.609420814696561;47.36500502213955;de;01.07.2008
Hinterforst;9452;00;5362;Altstätten;3251;SG;55.88%;9.530939650493409;47.36223444033169;de;01.07.2008
Hinterforst;9452;00;5362;Eichberg;3252;SG;44.12%;9.528697263572914;47.35705653060208;de;01.07.2008
Eichberg;9453;00;5363;Eichberg;3252;SG;98.12%;9.525493621;47.34287147225111;de;01.07.2008
Eichberg;9453;00;5363;Altstätten;3251;SG;1.88%;9.540203710696892;47.34597856269398;de;01.07.2008
Montlingen;9462;00;5364;Oberriet (SG);3254;SG;100%;9.585676484468493;47.334128206959086;de;01.07.2008
Oberriet SG;9463;00;5365;Oberriet (SG);3254;SG;95.11%;9.563000395573233;47.32041267507582;de;01.07.2008
Oberriet SG;9463;00;5365;Altstätten;3251;SG;4.59%;9.536402919685065;47.33349613753492;de;01.07.2008
Oberriet SG;9463;00;5365;Rüthi (SG);3256;SG;0.30%;9.546255071757638;47.305504866782066;de;01.07.2008
Rüthi (Rheintal);9464;00;5366;Rüthi (SG);3256;SG;96.90%;9.538074369839808;47.29090694;de;01.07.2008
Rüthi (Rheintal);9464;00;5366;Altstätten;3251;SG;3.10%;9.520947916714602;47.28919313;de;01.07.2008
Lienz;9464;02;5367;Altstätten;3251;SG;99.74%;9.516675169;47.27795120669563;de;01.07.2008
Lienz;9464;02;5367;Rüthi (SG);3256;SG;0.27%;9.522211430786921;47.28666894959493;de;01.07.2008
Salez;9465;00;5368;Sennwald;3274;SG;100%;9.499341374391634;47.23717917986648;de;01.07.2008
Sennwald;9466;00;5370;Sennwald;3274;SG;100%;9.501012837418795;47.26062420756705;de;01.07.2008
Frümsen;9467;00;5371;Sennwald;3274;SG;99.29%;9.471129425;47.24395192331726;de;01.07.2008
Frümsen;9467;00;5371;Schwende-Rüte;3112;AI;0.71%;9.453068020913815;47.26077072;de;01.07.2008
Sax;9468;00;5372;Sennwald;3274;SG;100%;9.454312977303497;47.23003130309086;de;01.07.2008
Haag (Rheintal);9469;00;5373;Sennwald;3274;SG;95.39%;9.491714312951416;47.21231978267225;de;01.07.2008
Haag (Rheintal);9469;00;5373;Buchs (SG);3271;SG;4.04%;9.482285532;47.19780329217897;de;01.07.2008
Haag (Rheintal);9469;00;5373;Grabs;3273;SG;0.58%;9.476035622833065;47.19557471364556;de;01.07.2008
Buchs SG;9470;00;5374;Buchs (SG);3271;SG;98.68%;9.476004622736202;47.161509712817654;de;01.07.2008
Buchs SG;9470;00;5374;Sevelen;3275;SG;1.25%;9.445792574698679;47.14627861061865;de;01.07.2008
Buchs SG;9470;00;5374;Grabs;3273;SG;0.07%;9.466600447853635;47.17547851712504;de;01.07.2008
Werdenberg;9470;05;6066;Grabs;3273;SG;100%;9.461431214660797;47.17103468;de;01.07.2008
Grabs;9472;00;5379;Grabs;3273;SG;100%;9.445776921917743;47.180729516522696;de;01.07.2008
Grabserberg;9472;02;5380;Grabs;3273;SG;100%;9.408979033120062;47.17951218996004;de;01.07.2008
Gams;9473;00;5382;Gams;3272;SG;99.65%;9.440927722271423;47.205593502679356;de;01.07.2008
Gams;9473;00;5382;Sennwald;3274;SG;0.35%;9.471943618724081;47.21952696522305;de;01.07.2008
Sevelen;9475;00;5384;Sevelen;3275;SG;100%;9.486565010835077;47.12343205201923;de;01.07.2008
Weite;9476;00;5385;Wartau;3276;SG;99.87%;9.496152746938408;47.091974794956236;de;01.07.2008
Weite;9476;00;5385;Sevelen;3275;SG;0.13%;9.492296140873222;47.10994081516451;de;01.07.2008
Fontnas;9476;02;7374;Wartau;3276;SG;100%;9.489263128691706;47.09028043242193;de;01.07.2008
Trübbach;9477;00;5386;Wartau;3276;SG;100%;9.480004339771206;47.07342120876445;de;01.07.2008
Azmoos;9478;00;5387;Wartau;3276;SG;100%;9.474782113285755;47.079830533675825;de;01.07.2008
Oberschan;9479;00;5388;Wartau;3276;SG;100%;9.474133289773906;47.09880972115981;de;01.07.2008
Malans SG;9479;01;7788;Wartau;3276;SG;100%;9.477281753921842;47.091519527688625;de;01.07.2008
Gretschins;9479;02;7787;Wartau;3276;SG;100%;9.485463362632629;47.09703371961795;de;01.07.2008
Nendeln;9485;00;5389;Eschen;7007;;99.05%;9.543432409619518;47.19742086787401;de;01.07.2008
Nendeln;9485;00;5389;Gamprin;7009;;0.95%;9.547856273789934;47.195783215908754;de;01.07.2008
Schaanwald;9486;00;5390;Mauren;7008;;100%;9.561899480130817;47.212000212538385;de;01.07.2008
Gamprin-Bendern;9487;00;5391;Gamprin;7009;;99.50%;9.511345682406667;47.220038948620555;de;01.07.2008
Gamprin-Bendern;9487;00;5391;Eschen;7007;;0.33%;9.503241330613807;47.19681682132635;de;01.07.2008
Gamprin-Bendern;9487;00;5391;Vaduz;7001;;0.17%;9.508388885447923;47.193143735537255;de;01.07.2008
Schellenberg;9488;00;5392;Schellenberg;7011;;100%;9.544095394669148;47.230341025093054;de;01.07.2008
Vaduz;9490;00;5393;Vaduz;7001;;100%;9.517518684;47.14312169;de;01.07.2008
Ruggell;9491;00;5394;Ruggell;7010;;100%;9.525921023188028;47.23884192782902;de;01.07.2008
Eschen;9492;00;5395;Eschen;7007;;100%;9.521554434;47.21224252701621;de;01.07.2008
Mauren FL;9493;00;5396;Mauren;7008;;99.55%;9.543692116400583;47.21910106674389;de;01.07.2008
Mauren FL;9493;00;5396;Eschen;7007;;0.45%;9.539750280238252;47.222637260738665;de;01.07.2008
Schaan;9494;00;5398;Schaan;7005;;99.66%;9.511658489820405;47.16648716240154;de;01.07.2008
Schaan;9494;00;5398;Vaduz;7001;;0.34%;9.509519194;47.18552021863961;de;01.07.2008
Triesen;9495;00;5399;Triesen;7002;;100%;9.527902654765077;47.109136785555016;de;01.07.2008
Balzers;9496;00;5400;Balzers;7003;;100%;9.502614851;47.06512560102509;de;01.07.2008
Triesenberg;9497;00;5401;Triesenberg;7004;;98.76%;9.548273215297403;47.118707417681314;de;01.07.2008
Triesenberg;9497;00;5401;Schaan;7005;;0.66%;9.594649318205724;47.122669570005385;de;01.07.2008
Triesenberg;9497;00;5401;Vaduz;7001;;0.59%;9.598778481789651;47.107384920036885;de;01.07.2008
Planken;9498;00;6047;Planken;7006;;100%;9.545240495876222;47.18534852497502;de;01.07.2008
Wil SG;9500;00;5403;Wil (SG);3427;SG;98.95%;9.048106473189383;47.46592717321339;de;01.07.2008
Wil SG;9500;00;5403;Zuzwil (SG);3426;SG;0.13%;9.072799036893688;47.467362162278796;de;01.07.2008
Wil SG;9500;00;5403;Kirchberg (SG);3392;SG;0.85%;9.053912381346658;47.44087354406809;de;01.07.2008
Wil SG;9500;00;5403;Münchwilen (TG);4746;TG;0.07%;9.027828974861539;47.46702615140357;de;01.07.2008
Braunau;9502;00;5407;Braunau;4723;TG;100%;9.070194317892053;47.50311254071738;de;01.07.2008
Stehrenberg;9503;00;5408;Bussnang;4921;TG;100%;9.089693466742549;47.52268986;de;01.07.2008
Lanterswil;9503;02;6351;Bussnang;4921;TG;100%;9.096679375065142;47.520574978954095;de;01.07.2008
Friltschen;9504;00;5409;Bussnang;4921;TG;100%;9.085202126;47.537605823422936;de;01.07.2008
Lommis;9506;00;5410;Lommis;4741;TG;100%;8.994470136163768;47.516658981125346;de;01.07.2008
Stettfurt;9507;00;5411;Stettfurt;4606;TG;100%;8.954087886443325;47.525425417656336;de;01.07.2008
Weingarten-Kalthäusern;9508;00;5413;Lommis;4741;TG;100%;8.983125460478341;47.52471795905954;de;01.07.2008
Rossrüti;9512;00;5414;Wil (SG);3427;SG;100%;9.062529764881832;47.476889497332024;de;01.07.2008
Wuppenau;9514;00;5415;Wuppenau;4791;TG;99.59%;9.104971953;47.49620303680807;de;01.07.2008
Wuppenau;9514;00;5415;Wil (SG);3427;SG;0.41%;9.088258259912688;47.484163061211206;de;01.07.2008
Hosenruck;9515;00;5416;Wuppenau;4791;TG;98.65%;9.127595186964943;47.49133213305326;de;01.07.2008
Hosenruck;9515;00;5416;Zuzwil (SG);3426;SG;1.35%;9.115690734646748;47.48000839725673;de;01.07.2008
Mettlen;9517;00;5420;Bussnang;4921;TG;100%;9.123411954150528;47.53188373584717;de;01.07.2008
Züberwangen;9523;00;5422;Zuzwil (SG);3426;SG;100%;9.091664938;47.46568173365403;de;01.07.2008
Zuzwil SG;9524;00;5423;Zuzwil (SG);3426;SG;98.21%;9.110189678086313;47.47513121105795;de;01.07.2008
Zuzwil SG;9524;00;5423;Wil (SG);3427;SG;0.96%;9.095737604741178;47.48058375835155;de;01.07.2008
Zuzwil SG;9524;00;5423;Niederhelfenschwil;3423;SG;0.83%;9.122446943717797;47.465399665042995;de;01.07.2008
Lenggenwil;9525;00;5424;Niederhelfenschwil;3423;SG;100%;9.148007589009895;47.475199344770104;de;01.07.2008
Zuckenriet;9526;00;5425;Niederhelfenschwil;3423;SG;100%;9.161303294701588;47.48504178729831;de;01.07.2008
Niederhelfenschwil;9527;00;5426;Niederhelfenschwil;3423;SG;100%;9.186285439961898;47.476327709109874;de;01.07.2008
Rickenbach b. Wil;9532;00;5427;Rickenbach (TG);4751;TG;97.05%;9.049438473901272;47.44858251403144;de;01.07.2008
Rickenbach b. Wil;9532;00;5427;Kirchberg (SG);3392;SG;2.25%;9.052396693440642;47.443800404024174;de;01.07.2008
Rickenbach b. Wil;9532;00;5427;Jonschwil;3405;SG;0.69%;9.063887972508905;47.43493132799629;de;01.07.2008
Kirchberg SG;9533;00;5428;Kirchberg (SG);3392;SG;100%;9.040250305;47.41252836880903;de;01.07.2008
Dietschwil;9533;01;9216;Kirchberg (SG);3392;SG;100%;9.016322161;47.42213235169115;de;01.04.2011
Gähwil;9534;00;5429;Kirchberg (SG);3392;SG;100%;9.002614304645485;47.39543878079512;de;01.07.2008
Wilen b. Wil;9535;00;5430;Wilen (TG);4786;TG;99.56%;9.034621003234768;47.45154071332448;de;01.07.2008
Wilen b. Wil;9535;00;5430;Rickenbach (TG);4751;TG;0.44%;9.038006219022591;47.44812048095696;de;01.07.2008
Schwarzenbach SG;9536;00;5431;Jonschwil;3405;SG;98.05%;9.075016354651996;47.441116539937134;de;01.07.2008
Schwarzenbach SG;9536;00;5431;Wil (SG);3427;SG;1.03%;9.062678578410269;47.447002946724226;de;01.07.2008
Schwarzenbach SG;9536;00;5431;Rickenbach (TG);4751;TG;0.69%;9.060297882274279;47.44547106080402;de;01.07.2008
Schwarzenbach SG;9536;00;5431;Uzwil;3408;SG;0.23%;9.071767017743973;47.44714482246342;de;01.07.2008
Münchwilen TG;9542;00;5432;Münchwilen (TG);4746;TG;100%;8.994725701877332;47.478226088429864;de;01.07.2008
St. Margarethen TG;9543;00;5433;Münchwilen (TG);4746;TG;96.92%;9.002322793;47.48749720904766;de;01.07.2008
St. Margarethen TG;9543;00;5433;Wil (SG);3427;SG;3.08%;9.007466297998688;47.48325357782663;de;01.07.2008
Wängi;9545;00;5435;Wängi;4781;TG;100%;8.957531196602249;47.49953615046488;de;01.07.2008
Tuttwil;9546;00;5436;Wängi;4781;TG;100%;8.945449114;47.481648942097664;de;01.07.2008
Wittenwil;9547;00;5437;Aadorf;4551;TG;100%;8.922216708322761;47.502674803159955;de;01.07.2008
Matzingen;9548;00;5438;Matzingen;4591;TG;95.57%;8.930919220190765;47.520436955597546;de;01.07.2008
Matzingen;9548;00;5438;Frauenfeld;4566;TG;3.74%;8.916011660621741;47.534948766558685;de;01.07.2008
Matzingen;9548;00;5438;Stettfurt;4606;TG;0.69%;8.943725073782543;47.537846311964536;de;01.07.2008
Bronschhofen;9552;00;5439;Wil (SG);3427;SG;100%;9.033498473843897;47.47824687985989;de;01.07.2008
Bettwiesen;9553;00;5440;Bettwiesen;4716;TG;100%;9.024143866910064;47.49694268949031;de;01.07.2008
Tägerschen;9554;00;5441;Tobel-Tägerschen;4776;TG;100%;9.028987321953897;47.50798595777478;de;01.07.2008
Tobel;9555;00;5442;Tobel-Tägerschen;4776;TG;94.12%;9.032915173302285;47.51544334438284;de;01.07.2008
Tobel;9555;00;5442;Affeltrangen;4711;TG;5.88%;9.021794232985837;47.518330619320466;de;01.07.2008
Affeltrangen;9556;00;5445;Affeltrangen;4711;TG;100%;9.032018353;47.526718269847244;de;01.07.2008
Zezikon;9556;02;6007;Affeltrangen;4711;TG;100%;9.019961510758804;47.53572621369919;de;01.07.2008
Märwil;9562;00;5446;Affeltrangen;4711;TG;99.32%;9.072957559722807;47.53253473030463;de;01.07.2008
Märwil;9562;00;5446;Bussnang;4921;TG;0.69%;9.075038787867085;47.54662861288826;de;01.07.2008
Buch b. Märwil;9562;02;6006;Affeltrangen;4711;TG;100%;9.055711527466668;47.53760748322058;de;01.07.2008
Bussnang;9565;00;5451;Bussnang;4921;TG;100%;9.080780182990507;47.557854949625266;de;01.07.2008
Oberbussnang;9565;02;7445;Bussnang;4921;TG;100%;9.087547969;47.548556240830344;de;01.07.2008
Oppikon;9565;03;5449;Bussnang;4921;TG;100%;9.057183797676041;47.54974005366434;de;01.07.2008
Schmidshof;9565;04;5448;Bussnang;4921;TG;100%;9.054536109882834;47.54569299191831;de;01.07.2008
Rothenhausen;9565;05;5421;Bussnang;4921;TG;100%;9.102948691527972;47.54944249993607;de;01.07.2008
Littenheid;9573;00;5453;Sirnach;4761;TG;100%;9.009119917909496;47.44084293625732;de;01.07.2008
Lütisburg Station;9601;00;5454;Bütschwil-Ganterschwil;3395;SG;54.08%;9.066462332849195;47.37908333974757;de;01.07.2008
Lütisburg Station;9601;00;5454;Lütisburg;3393;SG;40.56%;9.070789686391642;47.38847723580715;de;01.07.2008
Lütisburg Station;9601;00;5454;Mosnang;3394;SG;4.66%;9.059374416193236;47.38641593321102;de;01.07.2008
Lütisburg Station;9601;00;5454;Kirchberg (SG);3392;SG;0.70%;9.060034252917994;47.38981620644061;de;01.07.2008
Bazenheid;9602;00;5455;Kirchberg (SG);3392;SG;98.82%;9.065382671754206;47.411826454031555;de;01.07.2008
Bazenheid;9602;00;5455;Lütisburg;3393;SG;1.18%;9.078762978;47.40994604506967;de;01.07.2008
Müselbach;9602;02;5456;Kirchberg (SG);3392;SG;100%;9.042262975882855;47.39002831338856;de;01.07.2008
Lütisburg;9604;00;5298;Lütisburg;3393;SG;100%;9.089206360538155;47.397139743002946;de;01.07.2008
Oberrindal;9604;01;5297;Oberuzwil;3407;SG;37.90%;9.133476838281359;47.40520710525588;de;01.07.2008
Oberrindal;9604;01;5297;Jonschwil;3405;SG;31.58%;9.117800272838476;47.40855769205269;de;01.07.2008
Oberrindal;9604;01;5297;Lütisburg;3393;SG;30.53%;9.120780235084299;47.404726935872475;de;01.07.2008
Unterrindal;9604;02;8130;Lütisburg;3393;SG;100%;9.090245520719092;47.40843306771134;de;01.07.2008
Bütschwil;9606;00;5457;Bütschwil-Ganterschwil;3395;SG;100%;9.072141194519068;47.35954434221779;de;01.07.2008
Mosnang;9607;00;5458;Mosnang;3394;SG;100%;9.045210426838338;47.362135333338934;de;01.07.2008
Ganterschwil;9608;00;5459;Bütschwil-Ganterschwil;3395;SG;98.52%;9.091549885500752;47.37915880104831;de;01.07.2008
Ganterschwil;9608;00;5459;Lütisburg;3393;SG;1.48%;9.118234253450314;47.38030315;de;01.07.2008
Dreien;9612;00;5460;Mosnang;3394;SG;100%;9.011424630834785;47.36269051214072;de;01.07.2008
Mühlrüti;9613;00;5461;Mosnang;3394;SG;97.85%;8.987527925682633;47.36958967851949;de;01.07.2008
Mühlrüti;9613;00;5461;Kirchberg (SG);3392;SG;2.15%;8.983997706696721;47.37799426109926;de;01.07.2008
Libingen;9614;00;5462;Mosnang;3394;SG;88.52%;9.021661759226022;47.32844615444127;de;01.07.2008
Libingen;9614;00;5462;Bütschwil-Ganterschwil;3395;SG;11.48%;9.051361408394275;47.343130542253824;de;01.07.2008
Dietfurt;9615;00;5463;Bütschwil-Ganterschwil;3395;SG;92.42%;9.077770366127115;47.34239861359883;de;01.07.2008
Dietfurt;9615;00;5463;Mosnang;3394;SG;5.33%;9.046856577623902;47.334197170352695;de;01.07.2008
Dietfurt;9615;00;5463;Wattwil;3379;SG;2.25%;9.051612403729676;47.33436468934735;de;01.07.2008
Lichtensteig;9620;00;5464;Lichtensteig;3374;SG;63.08%;9.087200291;47.32676358890138;de;01.07.2008
Lichtensteig;9620;00;5464;Wattwil;3379;SG;31.95%;9.082449014624231;47.31814089807929;de;01.07.2008
Lichtensteig;9620;00;5464;Neckertal;3396;SG;4.60%;9.115020292049618;47.32614677692033;de;01.07.2008
Lichtensteig;9620;00;5464;Bütschwil-Ganterschwil;3395;SG;0.37%;9.080405345634967;47.33512811925295;de;01.07.2008
Oberhelfenschwil;9621;00;5466;Neckertal;3396;SG;99.31%;9.108622793070314;47.35424529208817;de;01.07.2008
Oberhelfenschwil;9621;00;5466;Bütschwil-Ganterschwil;3395;SG;0.69%;9.092627811166267;47.33708569931003;de;01.07.2008
Krinau;9622;00;5468;Wattwil;3379;SG;100%;9.053378223;47.31794876019154;de;01.07.2008
Wattwil;9630;00;5469;Wattwil;3379;SG;98.03%;9.089235781502794;47.299331436768696;de;01.07.2008
Wattwil;9630;00;5469;Neckertal;3396;SG;1.84%;9.149268778;47.30526684180364;de;01.07.2008
Wattwil;9630;00;5469;Mosnang;3394;SG;0.14%;9.014337889700847;47.298660944317305;de;01.07.2008
Ulisbach;9631;00;5470;Wattwil;3379;SG;100%;9.105094585004224;47.28542865566372;de;01.07.2008
Hemberg;9633;00;5471;Neckertal;3396;SG;91.43%;9.173824861472621;47.297774614354466;de;01.07.2008
Hemberg;9633;00;5471;Wattwil;3379;SG;4.15%;9.142036865854347;47.292931639080585;de;01.07.2008
Hemberg;9633;00;5471;Nesslau;3360;SG;2.35%;9.210442151359834;47.27301639336445;de;01.07.2008
Hemberg;9633;00;5471;Ebnat-Kappel;3352;SG;2.08%;9.164367980841527;47.27688236789065;de;01.07.2008
Bächli (Hemberg);9633;02;5272;Neckertal;3396;SG;100%;9.200180373655853;47.30494119771841;de;01.07.2008
Ebnat-Kappel;9642;00;5472;Ebnat-Kappel;3352;SG;99.92%;9.127627557;47.26172755;de;01.07.2008
Ebnat-Kappel;9642;00;5472;Wattwil;3379;SG;0.08%;9.091878263934097;47.262487891524934;de;01.07.2008
Krummenau;9643;00;5473;Nesslau;3360;SG;97.97%;9.171919591342322;47.24848331243147;de;01.07.2008
Krummenau;9643;00;5473;Ebnat-Kappel;3352;SG;2.03%;9.154033350398736;47.24186951471619;de;01.07.2008
Nesslau;9650;00;5475;Nesslau;3360;SG;100%;9.195584265492005;47.222807623589055;de;01.07.2008
Ennetbühl;9651;00;5477;Nesslau;3360;SG;100%;9.222393557303532;47.24458184226524;de;01.07.2008
Neu St. Johann;9652;00;5481;Nesslau;3360;SG;100%;9.193242529621866;47.23313575690192;de;01.07.2008
Stein SG;9655;00;5478;Nesslau;3360;SG;100%;9.225970593061612;47.20026128829024;de;01.07.2008
Alt St. Johann;9656;00;5482;Wildhaus-Alt St. Johann;3359;SG;100%;9.273152119155931;47.19030575665133;de;01.07.2008
Unterwasser;9657;00;5483;Wildhaus-Alt St. Johann;3359;SG;100%;9.310699001;47.19888718392119;de;01.07.2008
Wildhaus;9658;00;5484;Wildhaus-Alt St. Johann;3359;SG;99.43%;9.344042700766435;47.20180389443691;de;01.07.2008
Wildhaus;9658;00;5484;Grabs;3273;SG;0.48%;9.338929672071323;47.17309690196358;de;01.07.2008
Wildhaus;9658;00;5484;Gams;3272;SG;0.10%;9.391821935;47.201209124643384;de;01.07.2008
